[2025-12-18T19:27:37.187+0000] {manager.py:483} INFO - Processing files using up to 2 processes at a time 
[2025-12-18T19:27:37.187+0000] {manager.py:484} INFO - Process each file at most once every 30 seconds
[2025-12-18T19:27:37.188+0000] {manager.py:485} INFO - Checking for new files in /opt/airflow/dags every 300 seconds
[2025-12-18T19:27:37.188+0000] {manager.py:821} INFO - Searching for files in /opt/airflow/dags
[2025-12-18T19:27:37.188+0000] {manager.py:824} INFO - There are 0 files in /opt/airflow/dags
[2025-12-18T19:32:34.446+0000] {manager.py:465} INFO - Exiting gracefully upon receiving signal 15
[2025-12-18T19:34:05.263+0000] {manager.py:483} INFO - Processing files using up to 2 processes at a time 
[2025-12-18T19:34:05.264+0000] {manager.py:484} INFO - Process each file at most once every 30 seconds
[2025-12-18T19:34:05.265+0000] {manager.py:485} INFO - Checking for new files in /opt/airflow/dags every 300 seconds
[2025-12-18T19:34:05.265+0000] {manager.py:821} INFO - Searching for files in /opt/airflow/dags
[2025-12-18T19:34:05.265+0000] {manager.py:824} INFO - There are 1 files in /opt/airflow/dags
[2025-12-18T19:34:05.332+0000] {manager.py:997} INFO - 
================================================================================
DAG File Processing Stats

File Path                              PID  Runtime      # DAGs    # Errors  Last Runtime    Last Run      Last # of DB Queries
-----------------------------------  -----  ---------  --------  ----------  --------------  ----------  ----------------------
/opt/airflow/dags/transform_data.py     58  0.01s             0           0                                                   0
================================================================================
[2025-12-18T19:34:35.508+0000] {manager.py:997} INFO - 
================================================================================
DAG File Processing Stats

File Path                            PID    Runtime      # DAGs    # Errors  Last Runtime    Last Run               Last # of DB Queries
-----------------------------------  -----  ---------  --------  ----------  --------------  -------------------  ----------------------
/opt/airflow/dags/transform_data.py                           1           0  0.27s           2025-12-18T19:34:05                      43
================================================================================
[2025-12-18T19:35:05.944+0000] {manager.py:997} INFO - 
================================================================================
DAG File Processing Stats

File Path                              PID  Runtime      # DAGs    # Errors  Last Runtime    Last Run               Last # of DB Queries
-----------------------------------  -----  ---------  --------  ----------  --------------  -------------------  ----------------------
/opt/airflow/dags/transform_data.py     72  0.00s             1           0  0.10s           2025-12-18T19:34:35                      10
================================================================================
[2025-12-18T19:35:36.155+0000] {manager.py:997} INFO - 
================================================================================
DAG File Processing Stats

File Path                              PID  Runtime      # DAGs    # Errors  Last Runtime    Last Run               Last # of DB Queries
-----------------------------------  -----  ---------  --------  ----------  --------------  -------------------  ----------------------
/opt/airflow/dags/transform_data.py     79  0.01s             1           0  0.06s           2025-12-18T19:35:05                      10
================================================================================
[2025-12-18T19:36:06.365+0000] {manager.py:997} INFO - 
================================================================================
DAG File Processing Stats

File Path                              PID  Runtime      # DAGs    # Errors  Last Runtime    Last Run               Last # of DB Queries
-----------------------------------  -----  ---------  --------  ----------  --------------  -------------------  ----------------------
/opt/airflow/dags/transform_data.py     86  0.00s             1           0  0.13s           2025-12-18T19:35:36                      10
================================================================================
[2025-12-18T19:36:36.661+0000] {manager.py:997} INFO - 
================================================================================
DAG File Processing Stats

File Path                              PID  Runtime      # DAGs    # Errors  Last Runtime    Last Run               Last # of DB Queries
-----------------------------------  -----  ---------  --------  ----------  --------------  -------------------  ----------------------
/opt/airflow/dags/transform_data.py     93  0.01s             1           0  0.10s           2025-12-18T19:36:06                      10
================================================================================
[2025-12-18T19:37:06.897+0000] {manager.py:997} INFO - 
================================================================================
DAG File Processing Stats

File Path                              PID  Runtime      # DAGs    # Errors  Last Runtime    Last Run               Last # of DB Queries
-----------------------------------  -----  ---------  --------  ----------  --------------  -------------------  ----------------------
/opt/airflow/dags/transform_data.py    100  0.01s             1           0  0.09s           2025-12-18T19:36:36                      10
================================================================================
[2025-12-18T19:37:37.130+0000] {manager.py:997} INFO - 
================================================================================
DAG File Processing Stats

File Path                              PID  Runtime      # DAGs    # Errors  Last Runtime    Last Run               Last # of DB Queries
-----------------------------------  -----  ---------  --------  ----------  --------------  -------------------  ----------------------
/opt/airflow/dags/transform_data.py    107  0.00s             1           0  0.09s           2025-12-18T19:37:06                      10
================================================================================
[2025-12-18T19:38:07.384+0000] {manager.py:997} INFO - 
================================================================================
DAG File Processing Stats

File Path                              PID  Runtime      # DAGs    # Errors  Last Runtime    Last Run               Last # of DB Queries
-----------------------------------  -----  ---------  --------  ----------  --------------  -------------------  ----------------------
/opt/airflow/dags/transform_data.py    114  0.01s             1           0  0.07s           2025-12-18T19:37:37                      10
================================================================================
[2025-12-18T19:38:37.605+0000] {manager.py:997} INFO - 
================================================================================
DAG File Processing Stats

File Path                              PID  Runtime      # DAGs    # Errors  Last Runtime    Last Run               Last # of DB Queries
-----------------------------------  -----  ---------  --------  ----------  --------------  -------------------  ----------------------
/opt/airflow/dags/transform_data.py    121  0.01s             1           0  0.11s           2025-12-18T19:38:07                      10
================================================================================
[2025-12-18T19:39:05.854+0000] {manager.py:821} INFO - Searching for files in /opt/airflow/dags
[2025-12-18T19:39:05.855+0000] {manager.py:824} INFO - There are 1 files in /opt/airflow/dags
[2025-12-18T19:39:07.881+0000] {manager.py:997} INFO - 
================================================================================
DAG File Processing Stats

File Path                              PID  Runtime      # DAGs    # Errors  Last Runtime    Last Run               Last # of DB Queries
-----------------------------------  -----  ---------  --------  ----------  --------------  -------------------  ----------------------
/opt/airflow/dags/transform_data.py    128  0.00s             1           0  0.10s           2025-12-18T19:38:37                      10
================================================================================
[2025-12-18T19:39:38.102+0000] {manager.py:997} INFO - 
================================================================================
DAG File Processing Stats

File Path                              PID  Runtime      # DAGs    # Errors  Last Runtime    Last Run               Last # of DB Queries
-----------------------------------  -----  ---------  --------  ----------  --------------  -------------------  ----------------------
/opt/airflow/dags/transform_data.py    135  0.00s             1           0  0.07s           2025-12-18T19:39:07                      10
================================================================================
[2025-12-18T19:40:08.342+0000] {manager.py:997} INFO - 
================================================================================
DAG File Processing Stats

File Path                              PID  Runtime      # DAGs    # Errors  Last Runtime    Last Run               Last # of DB Queries
-----------------------------------  -----  ---------  --------  ----------  --------------  -------------------  ----------------------
/opt/airflow/dags/transform_data.py    142  0.01s             1           0  0.08s           2025-12-18T19:39:38                      10
================================================================================
[2025-12-18T19:40:38.558+0000] {manager.py:997} INFO - 
================================================================================
DAG File Processing Stats

File Path                              PID  Runtime      # DAGs    # Errors  Last Runtime    Last Run               Last # of DB Queries
-----------------------------------  -----  ---------  --------  ----------  --------------  -------------------  ----------------------
/opt/airflow/dags/transform_data.py    149  0.01s             1           0  0.09s           2025-12-18T19:40:08                      10
================================================================================
[2025-12-18T19:41:08.809+0000] {manager.py:997} INFO - 
================================================================================
DAG File Processing Stats

File Path                              PID  Runtime      # DAGs    # Errors  Last Runtime    Last Run               Last # of DB Queries
-----------------------------------  -----  ---------  --------  ----------  --------------  -------------------  ----------------------
/opt/airflow/dags/transform_data.py    156  0.01s             1           0  0.14s           2025-12-18T19:40:38                      10
================================================================================
[2025-12-18T19:41:39.064+0000] {manager.py:997} INFO - 
================================================================================
DAG File Processing Stats

File Path                              PID  Runtime      # DAGs    # Errors  Last Runtime    Last Run               Last # of DB Queries
-----------------------------------  -----  ---------  --------  ----------  --------------  -------------------  ----------------------
/opt/airflow/dags/transform_data.py    163  0.01s             1           0  0.10s           2025-12-18T19:41:08                      10
================================================================================
[2025-12-18T19:42:09.292+0000] {manager.py:997} INFO - 
================================================================================
DAG File Processing Stats

File Path                              PID  Runtime      # DAGs    # Errors  Last Runtime    Last Run               Last # of DB Queries
-----------------------------------  -----  ---------  --------  ----------  --------------  -------------------  ----------------------
/opt/airflow/dags/transform_data.py    170  0.00s             1           0  0.09s           2025-12-18T19:41:39                      10
================================================================================
[2025-12-18T19:42:39.523+0000] {manager.py:997} INFO - 
================================================================================
DAG File Processing Stats

File Path                              PID  Runtime      # DAGs    # Errors  Last Runtime    Last Run               Last # of DB Queries
-----------------------------------  -----  ---------  --------  ----------  --------------  -------------------  ----------------------
/opt/airflow/dags/transform_data.py    183  0.00s             1           0  0.07s           2025-12-18T19:42:09                      10
================================================================================
[2025-12-18T19:43:09.700+0000] {manager.py:997} INFO - 
================================================================================
DAG File Processing Stats

File Path                              PID  Runtime      # DAGs    # Errors  Last Runtime    Last Run               Last # of DB Queries
-----------------------------------  -----  ---------  --------  ----------  --------------  -------------------  ----------------------
/opt/airflow/dags/transform_data.py    190  0.00s             1           0  0.06s           2025-12-18T19:42:39                      10
================================================================================
[2025-12-18T19:43:39.895+0000] {manager.py:997} INFO - 
================================================================================
DAG File Processing Stats

File Path                              PID  Runtime      # DAGs    # Errors  Last Runtime    Last Run               Last # of DB Queries
-----------------------------------  -----  ---------  --------  ----------  --------------  -------------------  ----------------------
/opt/airflow/dags/transform_data.py    197  0.00s             1           0  0.07s           2025-12-18T19:43:09                      10
================================================================================
[2025-12-18T19:44:06.060+0000] {manager.py:821} INFO - Searching for files in /opt/airflow/dags
[2025-12-18T19:44:06.062+0000] {manager.py:824} INFO - There are 1 files in /opt/airflow/dags
[2025-12-18T19:44:10.098+0000] {manager.py:997} INFO - 
================================================================================
DAG File Processing Stats

File Path                              PID  Runtime      # DAGs    # Errors  Last Runtime    Last Run               Last # of DB Queries
-----------------------------------  -----  ---------  --------  ----------  --------------  -------------------  ----------------------
/opt/airflow/dags/transform_data.py    204  0.00s             1           0  0.09s           2025-12-18T19:43:39                      10
================================================================================
[2025-12-18T19:44:40.369+0000] {manager.py:997} INFO - 
================================================================================
DAG File Processing Stats

File Path                              PID  Runtime      # DAGs    # Errors  Last Runtime    Last Run               Last # of DB Queries
-----------------------------------  -----  ---------  --------  ----------  --------------  -------------------  ----------------------
/opt/airflow/dags/transform_data.py    211  0.01s             1           0  0.08s           2025-12-18T19:44:10                      10
================================================================================
[2025-12-18T19:45:10.584+0000] {manager.py:997} INFO - 
================================================================================
DAG File Processing Stats

File Path                              PID  Runtime      # DAGs    # Errors  Last Runtime    Last Run               Last # of DB Queries
-----------------------------------  -----  ---------  --------  ----------  --------------  -------------------  ----------------------
/opt/airflow/dags/transform_data.py    219  0.00s             1           0  0.09s           2025-12-18T19:44:40                      10
================================================================================
[2025-12-18T19:45:11.752+0000] {manager.py:465} INFO - Exiting gracefully upon receiving signal 15
[2025-12-18T19:45:51.584+0000] {manager.py:483} INFO - Processing files using up to 2 processes at a time 
[2025-12-18T19:45:51.584+0000] {manager.py:484} INFO - Process each file at most once every 30 seconds
[2025-12-18T19:45:51.584+0000] {manager.py:485} INFO - Checking for new files in /opt/airflow/dags every 300 seconds
[2025-12-18T19:45:51.584+0000] {manager.py:821} INFO - Searching for files in /opt/airflow/dags
[2025-12-18T19:45:51.585+0000] {manager.py:824} INFO - There are 1 files in /opt/airflow/dags
[2025-12-18T19:45:51.659+0000] {manager.py:997} INFO - 
================================================================================
DAG File Processing Stats

File Path                              PID  Runtime      # DAGs    # Errors  Last Runtime    Last Run      Last # of DB Queries
-----------------------------------  -----  ---------  --------  ----------  --------------  ----------  ----------------------
/opt/airflow/dags/transform_data.py     58  0.02s             0           0                                                   0
================================================================================
[2025-12-18T19:46:21.844+0000] {manager.py:997} INFO - 
================================================================================
DAG File Processing Stats

File Path                            PID    Runtime      # DAGs    # Errors  Last Runtime    Last Run               Last # of DB Queries
-----------------------------------  -----  ---------  --------  ----------  --------------  -------------------  ----------------------
/opt/airflow/dags/transform_data.py                           1           0  0.26s           2025-12-18T19:45:51                      32
================================================================================
[2025-12-18T19:46:52.289+0000] {manager.py:997} INFO - 
================================================================================
DAG File Processing Stats

File Path                              PID  Runtime      # DAGs    # Errors  Last Runtime    Last Run               Last # of DB Queries
-----------------------------------  -----  ---------  --------  ----------  --------------  -------------------  ----------------------
/opt/airflow/dags/transform_data.py     72  0.01s             1           0  0.07s           2025-12-18T19:46:22                      10
================================================================================
[2025-12-18T19:47:22.519+0000] {manager.py:997} INFO - 
================================================================================
DAG File Processing Stats

File Path                              PID  Runtime      # DAGs    # Errors  Last Runtime    Last Run               Last # of DB Queries
-----------------------------------  -----  ---------  --------  ----------  --------------  -------------------  ----------------------
/opt/airflow/dags/transform_data.py     79  0.01s             1           0  0.11s           2025-12-18T19:46:52                      10
================================================================================
[2025-12-18T19:47:52.735+0000] {manager.py:997} INFO - 
================================================================================
DAG File Processing Stats

File Path                              PID  Runtime      # DAGs    # Errors  Last Runtime    Last Run               Last # of DB Queries
-----------------------------------  -----  ---------  --------  ----------  --------------  -------------------  ----------------------
/opt/airflow/dags/transform_data.py     86  0.00s             1           0  0.09s           2025-12-18T19:47:22                      10
================================================================================
[2025-12-18T19:48:22.974+0000] {manager.py:997} INFO - 
================================================================================
DAG File Processing Stats

File Path                              PID  Runtime      # DAGs    # Errors  Last Runtime    Last Run               Last # of DB Queries
-----------------------------------  -----  ---------  --------  ----------  --------------  -------------------  ----------------------
/opt/airflow/dags/transform_data.py     93  0.01s             1           0  0.09s           2025-12-18T19:47:52                      10
================================================================================
[2025-12-18T19:48:53.215+0000] {manager.py:997} INFO - 
================================================================================
DAG File Processing Stats

File Path                              PID  Runtime      # DAGs    # Errors  Last Runtime    Last Run               Last # of DB Queries
-----------------------------------  -----  ---------  --------  ----------  --------------  -------------------  ----------------------
/opt/airflow/dags/transform_data.py    100  0.00s             1           0  0.08s           2025-12-18T19:48:23                      10
================================================================================
[2025-12-18T19:49:16.919+0000] {manager.py:465} INFO - Exiting gracefully upon receiving signal 15
[2025-12-18T19:52:27.350+0000] {manager.py:483} INFO - Processing files using up to 2 processes at a time 
[2025-12-18T19:52:27.350+0000] {manager.py:484} INFO - Process each file at most once every 30 seconds
[2025-12-18T19:52:27.351+0000] {manager.py:485} INFO - Checking for new files in /opt/airflow/dags every 300 seconds
[2025-12-18T19:52:27.351+0000] {manager.py:821} INFO - Searching for files in /opt/airflow/dags
[2025-12-18T19:52:27.351+0000] {manager.py:824} INFO - There are 1 files in /opt/airflow/dags
[2025-12-18T19:52:27.417+0000] {manager.py:997} INFO - 
================================================================================
DAG File Processing Stats

File Path                              PID  Runtime      # DAGs    # Errors  Last Runtime    Last Run      Last # of DB Queries
-----------------------------------  -----  ---------  --------  ----------  --------------  ----------  ----------------------
/opt/airflow/dags/transform_data.py     58  0.01s             0           0                                                   0
================================================================================
[2025-12-18T19:52:57.612+0000] {manager.py:997} INFO - 
================================================================================
DAG File Processing Stats

File Path                            PID    Runtime      # DAGs    # Errors  Last Runtime    Last Run               Last # of DB Queries
-----------------------------------  -----  ---------  --------  ----------  --------------  -------------------  ----------------------
/opt/airflow/dags/transform_data.py                           1           0  0.26s           2025-12-18T19:52:27                      32
================================================================================
[2025-12-18T19:53:28.057+0000] {manager.py:997} INFO - 
================================================================================
DAG File Processing Stats

File Path                              PID  Runtime      # DAGs    # Errors  Last Runtime    Last Run               Last # of DB Queries
-----------------------------------  -----  ---------  --------  ----------  --------------  -------------------  ----------------------
/opt/airflow/dags/transform_data.py     72  0.01s             1           0  0.10s           2025-12-18T19:52:57                      10
================================================================================
[2025-12-18T19:53:58.280+0000] {manager.py:997} INFO - 
================================================================================
DAG File Processing Stats

File Path                              PID  Runtime      # DAGs    # Errors  Last Runtime    Last Run               Last # of DB Queries
-----------------------------------  -----  ---------  --------  ----------  --------------  -------------------  ----------------------
/opt/airflow/dags/transform_data.py     79  0.01s             1           0  0.14s           2025-12-18T19:53:28                      10
================================================================================
[2025-12-18T19:54:28.514+0000] {manager.py:997} INFO - 
================================================================================
DAG File Processing Stats

File Path                              PID  Runtime      # DAGs    # Errors  Last Runtime    Last Run               Last # of DB Queries
-----------------------------------  -----  ---------  --------  ----------  --------------  -------------------  ----------------------
/opt/airflow/dags/transform_data.py     86  0.01s             1           0  0.09s           2025-12-18T19:53:58                      10
================================================================================
[2025-12-18T19:54:58.736+0000] {manager.py:997} INFO - 
================================================================================
DAG File Processing Stats

File Path                              PID  Runtime      # DAGs    # Errors  Last Runtime    Last Run               Last # of DB Queries
-----------------------------------  -----  ---------  --------  ----------  --------------  -------------------  ----------------------
/opt/airflow/dags/transform_data.py     93  0.01s             1           0  0.08s           2025-12-18T19:54:28                      10
================================================================================
[2025-12-18T19:55:28.975+0000] {manager.py:997} INFO - 
================================================================================
DAG File Processing Stats

File Path                              PID  Runtime      # DAGs    # Errors  Last Runtime    Last Run               Last # of DB Queries
-----------------------------------  -----  ---------  --------  ----------  --------------  -------------------  ----------------------
/opt/airflow/dags/transform_data.py    100  0.00s             1           0  0.08s           2025-12-18T19:54:58                      10
================================================================================
[2025-12-18T19:55:52.256+0000] {manager.py:465} INFO - Exiting gracefully upon receiving signal 15
[2025-12-18T19:56:54.012+0000] {manager.py:483} INFO - Processing files using up to 2 processes at a time 
[2025-12-18T19:56:54.013+0000] {manager.py:484} INFO - Process each file at most once every 30 seconds
[2025-12-18T19:56:54.013+0000] {manager.py:485} INFO - Checking for new files in /opt/airflow/dags every 300 seconds
[2025-12-18T19:56:54.013+0000] {manager.py:821} INFO - Searching for files in /opt/airflow/dags
[2025-12-18T19:56:54.015+0000] {manager.py:824} INFO - There are 1 files in /opt/airflow/dags
[2025-12-18T19:56:54.082+0000] {manager.py:997} INFO - 
================================================================================
DAG File Processing Stats

File Path                              PID  Runtime      # DAGs    # Errors  Last Runtime    Last Run      Last # of DB Queries
-----------------------------------  -----  ---------  --------  ----------  --------------  ----------  ----------------------
/opt/airflow/dags/transform_data.py     58  0.01s             0           0                                                   0
================================================================================
[2025-12-18T19:57:24.257+0000] {manager.py:997} INFO - 
================================================================================
DAG File Processing Stats

File Path                            PID    Runtime      # DAGs    # Errors  Last Runtime    Last Run               Last # of DB Queries
-----------------------------------  -----  ---------  --------  ----------  --------------  -------------------  ----------------------
/opt/airflow/dags/transform_data.py                           1           0  0.24s           2025-12-18T19:56:54                      32
================================================================================
[2025-12-18T19:57:54.708+0000] {manager.py:997} INFO - 
================================================================================
DAG File Processing Stats

File Path                              PID  Runtime      # DAGs    # Errors  Last Runtime    Last Run               Last # of DB Queries
-----------------------------------  -----  ---------  --------  ----------  --------------  -------------------  ----------------------
/opt/airflow/dags/transform_data.py     72  0.01s             1           0  0.09s           2025-12-18T19:57:24                      10
================================================================================
[2025-12-18T19:58:24.946+0000] {manager.py:997} INFO - 
================================================================================
DAG File Processing Stats

File Path                              PID  Runtime      # DAGs    # Errors  Last Runtime    Last Run               Last # of DB Queries
-----------------------------------  -----  ---------  --------  ----------  --------------  -------------------  ----------------------
/opt/airflow/dags/transform_data.py     79  0.01s             1           0  0.14s           2025-12-18T19:57:54                      10
================================================================================
[2025-12-18T19:58:55.226+0000] {manager.py:997} INFO - 
================================================================================
DAG File Processing Stats

File Path                              PID  Runtime      # DAGs    # Errors  Last Runtime    Last Run               Last # of DB Queries
-----------------------------------  -----  ---------  --------  ----------  --------------  -------------------  ----------------------
/opt/airflow/dags/transform_data.py     86  0.01s             1           0  0.12s           2025-12-18T19:58:25                      10
================================================================================
[2025-12-18T19:59:25.464+0000] {manager.py:997} INFO - 
================================================================================
DAG File Processing Stats

File Path                              PID  Runtime      # DAGs    # Errors  Last Runtime    Last Run               Last # of DB Queries
-----------------------------------  -----  ---------  --------  ----------  --------------  -------------------  ----------------------
/opt/airflow/dags/transform_data.py     93  0.01s             1           0  0.10s           2025-12-18T19:58:55                      10
================================================================================
[2025-12-18T19:59:55.701+0000] {manager.py:997} INFO - 
================================================================================
DAG File Processing Stats

File Path                              PID  Runtime      # DAGs    # Errors  Last Runtime    Last Run               Last # of DB Queries
-----------------------------------  -----  ---------  --------  ----------  --------------  -------------------  ----------------------
/opt/airflow/dags/transform_data.py    100  0.00s             1           0  0.10s           2025-12-18T19:59:25                      10
================================================================================
[2025-12-18T20:00:25.936+0000] {manager.py:997} INFO - 
================================================================================
DAG File Processing Stats

File Path                              PID  Runtime      # DAGs    # Errors  Last Runtime    Last Run               Last # of DB Queries
-----------------------------------  -----  ---------  --------  ----------  --------------  -------------------  ----------------------
/opt/airflow/dags/transform_data.py    107  0.01s             1           0  0.08s           2025-12-18T19:59:55                      10
================================================================================
[2025-12-18T20:00:56.169+0000] {manager.py:997} INFO - 
================================================================================
DAG File Processing Stats

File Path                              PID  Runtime      # DAGs    # Errors  Last Runtime    Last Run               Last # of DB Queries
-----------------------------------  -----  ---------  --------  ----------  --------------  -------------------  ----------------------
/opt/airflow/dags/transform_data.py    114  0.00s             1           0  0.09s           2025-12-18T20:00:26                      10
================================================================================
[2025-12-18T20:01:26.365+0000] {manager.py:997} INFO - 
================================================================================
DAG File Processing Stats

File Path                              PID  Runtime      # DAGs    # Errors  Last Runtime    Last Run               Last # of DB Queries
-----------------------------------  -----  ---------  --------  ----------  --------------  -------------------  ----------------------
/opt/airflow/dags/transform_data.py    121  0.01s             1           0  0.08s           2025-12-18T20:00:56                      10
================================================================================
[2025-12-19T01:09:05.732+0000] {manager.py:483} INFO - Processing files using up to 2 processes at a time 
[2025-12-19T01:09:05.733+0000] {manager.py:484} INFO - Process each file at most once every 30 seconds
[2025-12-19T01:09:05.733+0000] {manager.py:485} INFO - Checking for new files in /opt/airflow/dags every 300 seconds
[2025-12-19T01:09:05.733+0000] {manager.py:821} INFO - Searching for files in /opt/airflow/dags
[2025-12-19T01:09:05.735+0000] {manager.py:824} INFO - There are 1 files in /opt/airflow/dags
[2025-12-19T01:09:15.839+0000] {manager.py:997} INFO - 
================================================================================
DAG File Processing Stats

File Path                            PID    Runtime      # DAGs    # Errors  Last Runtime    Last Run               Last # of DB Queries
-----------------------------------  -----  ---------  --------  ----------  --------------  -------------------  ----------------------
/opt/airflow/dags/transform_data.py                           1           0  0.13s           2025-12-19T01:09:05                      32
================================================================================
[2025-12-19T01:09:46.011+0000] {manager.py:997} INFO - 
================================================================================
DAG File Processing Stats

File Path                            PID    Runtime      # DAGs    # Errors  Last Runtime    Last Run               Last # of DB Queries
-----------------------------------  -----  ---------  --------  ----------  --------------  -------------------  ----------------------
/opt/airflow/dags/transform_data.py                           1           0  0.07s           2025-12-19T01:09:36                      10
================================================================================
[2025-12-19T01:10:16.192+0000] {manager.py:997} INFO - 
================================================================================
DAG File Processing Stats

File Path                            PID    Runtime      # DAGs    # Errors  Last Runtime    Last Run               Last # of DB Queries
-----------------------------------  -----  ---------  --------  ----------  --------------  -------------------  ----------------------
/opt/airflow/dags/transform_data.py                           1           0  0.09s           2025-12-19T01:10:06                      10
================================================================================
[2025-12-19T01:10:46.391+0000] {manager.py:997} INFO - 
================================================================================
DAG File Processing Stats

File Path                            PID    Runtime      # DAGs    # Errors  Last Runtime    Last Run               Last # of DB Queries
-----------------------------------  -----  ---------  --------  ----------  --------------  -------------------  ----------------------
/opt/airflow/dags/transform_data.py                           1           0  0.07s           2025-12-19T01:10:36                      10
================================================================================
[2025-12-19T01:11:16.547+0000] {manager.py:997} INFO - 
================================================================================
DAG File Processing Stats

File Path                            PID    Runtime      # DAGs    # Errors  Last Runtime    Last Run               Last # of DB Queries
-----------------------------------  -----  ---------  --------  ----------  --------------  -------------------  ----------------------
/opt/airflow/dags/transform_data.py                           1           0  0.06s           2025-12-19T01:11:06                      10
================================================================================
[2025-12-19T01:11:46.726+0000] {manager.py:997} INFO - 
================================================================================
DAG File Processing Stats

File Path                            PID    Runtime      # DAGs    # Errors  Last Runtime    Last Run               Last # of DB Queries
-----------------------------------  -----  ---------  --------  ----------  --------------  -------------------  ----------------------
/opt/airflow/dags/transform_data.py                           1           0  0.08s           2025-12-19T01:11:36                      10
================================================================================
[2025-12-19T01:12:16.938+0000] {manager.py:997} INFO - 
================================================================================
DAG File Processing Stats

File Path                            PID    Runtime      # DAGs    # Errors  Last Runtime    Last Run               Last # of DB Queries
-----------------------------------  -----  ---------  --------  ----------  --------------  -------------------  ----------------------
/opt/airflow/dags/transform_data.py                           1           0  0.07s           2025-12-19T01:12:06                      10
================================================================================
[2025-12-19T01:12:47.105+0000] {manager.py:997} INFO - 
================================================================================
DAG File Processing Stats

File Path                            PID    Runtime      # DAGs    # Errors  Last Runtime    Last Run               Last # of DB Queries
-----------------------------------  -----  ---------  --------  ----------  --------------  -------------------  ----------------------
/opt/airflow/dags/transform_data.py                           1           0  0.06s           2025-12-19T01:12:37                      10
================================================================================
[2025-12-19T01:13:14.028+0000] {manager.py:465} INFO - Exiting gracefully upon receiving signal 15
[2025-12-19T01:14:02.740+0000] {manager.py:483} INFO - Processing files using up to 2 processes at a time 
[2025-12-19T01:14:02.741+0000] {manager.py:484} INFO - Process each file at most once every 30 seconds
[2025-12-19T01:14:02.741+0000] {manager.py:485} INFO - Checking for new files in /opt/airflow/dags every 300 seconds
[2025-12-19T01:14:02.741+0000] {manager.py:821} INFO - Searching for files in /opt/airflow/dags
[2025-12-19T01:14:02.742+0000] {manager.py:824} INFO - There are 1 files in /opt/airflow/dags
[2025-12-19T01:14:02.805+0000] {manager.py:997} INFO - 
================================================================================
DAG File Processing Stats

File Path                              PID  Runtime      # DAGs    # Errors  Last Runtime    Last Run      Last # of DB Queries
-----------------------------------  -----  ---------  --------  ----------  --------------  ----------  ----------------------
/opt/airflow/dags/transform_data.py     58  0.01s             0           0                                                   0
================================================================================
[2025-12-19T01:14:32.974+0000] {manager.py:997} INFO - 
================================================================================
DAG File Processing Stats

File Path                            PID    Runtime      # DAGs    # Errors  Last Runtime    Last Run               Last # of DB Queries
-----------------------------------  -----  ---------  --------  ----------  --------------  -------------------  ----------------------
/opt/airflow/dags/transform_data.py                           1           0  0.21s           2025-12-19T01:14:03                      32
================================================================================
[2025-12-19T01:15:03.290+0000] {manager.py:997} INFO - 
================================================================================
DAG File Processing Stats

File Path                              PID  Runtime      # DAGs    # Errors  Last Runtime    Last Run               Last # of DB Queries
-----------------------------------  -----  ---------  --------  ----------  --------------  -------------------  ----------------------
/opt/airflow/dags/transform_data.py     72  0.00s             1           0  0.07s           2025-12-19T01:14:33                      10
================================================================================
[2025-12-19T01:15:33.494+0000] {manager.py:997} INFO - 
================================================================================
DAG File Processing Stats

File Path                              PID  Runtime      # DAGs    # Errors  Last Runtime    Last Run               Last # of DB Queries
-----------------------------------  -----  ---------  --------  ----------  --------------  -------------------  ----------------------
/opt/airflow/dags/transform_data.py     79  0.00s             1           0  0.06s           2025-12-19T01:15:03                      10
================================================================================
[2025-12-19T01:16:03.691+0000] {manager.py:997} INFO - 
================================================================================
DAG File Processing Stats

File Path                              PID  Runtime      # DAGs    # Errors  Last Runtime    Last Run               Last # of DB Queries
-----------------------------------  -----  ---------  --------  ----------  --------------  -------------------  ----------------------
/opt/airflow/dags/transform_data.py     86  0.00s             1           0  0.08s           2025-12-19T01:15:33                      10
================================================================================
[2025-12-19T01:16:33.941+0000] {manager.py:997} INFO - 
================================================================================
DAG File Processing Stats

File Path                              PID  Runtime      # DAGs    # Errors  Last Runtime    Last Run               Last # of DB Queries
-----------------------------------  -----  ---------  --------  ----------  --------------  -------------------  ----------------------
/opt/airflow/dags/transform_data.py     93  0.00s             1           0  0.06s           2025-12-19T01:16:03                      10
================================================================================
[2025-12-19T01:17:04.135+0000] {manager.py:997} INFO - 
================================================================================
DAG File Processing Stats

File Path                              PID  Runtime      # DAGs    # Errors  Last Runtime    Last Run               Last # of DB Queries
-----------------------------------  -----  ---------  --------  ----------  --------------  -------------------  ----------------------
/opt/airflow/dags/transform_data.py    100  0.00s             1           0  0.09s           2025-12-19T01:16:34                      10
================================================================================
[2025-12-19T01:17:34.310+0000] {manager.py:997} INFO - 
================================================================================
DAG File Processing Stats

File Path                              PID  Runtime      # DAGs    # Errors  Last Runtime    Last Run               Last # of DB Queries
-----------------------------------  -----  ---------  --------  ----------  --------------  -------------------  ----------------------
/opt/airflow/dags/transform_data.py    107  0.00s             1           0  0.06s           2025-12-19T01:17:04                      10
================================================================================
[2025-12-19T01:18:04.540+0000] {manager.py:997} INFO - 
================================================================================
DAG File Processing Stats

File Path                              PID  Runtime      # DAGs    # Errors  Last Runtime    Last Run               Last # of DB Queries
-----------------------------------  -----  ---------  --------  ----------  --------------  -------------------  ----------------------
/opt/airflow/dags/transform_data.py    114  0.00s             1           0  0.07s           2025-12-19T01:17:34                      10
================================================================================
[2025-12-19T01:18:34.725+0000] {manager.py:997} INFO - 
================================================================================
DAG File Processing Stats

File Path                              PID  Runtime      # DAGs    # Errors  Last Runtime    Last Run               Last # of DB Queries
-----------------------------------  -----  ---------  --------  ----------  --------------  -------------------  ----------------------
/opt/airflow/dags/transform_data.py    121  0.00s             1           0  0.06s           2025-12-19T01:18:04                      10
================================================================================
[2025-12-19T01:19:02.936+0000] {manager.py:821} INFO - Searching for files in /opt/airflow/dags
[2025-12-19T01:19:02.938+0000] {manager.py:824} INFO - There are 1 files in /opt/airflow/dags
[2025-12-19T01:19:04.962+0000] {manager.py:997} INFO - 
================================================================================
DAG File Processing Stats

File Path                              PID  Runtime      # DAGs    # Errors  Last Runtime    Last Run               Last # of DB Queries
-----------------------------------  -----  ---------  --------  ----------  --------------  -------------------  ----------------------
/opt/airflow/dags/transform_data.py    128  0.00s             1           0  0.05s           2025-12-19T01:18:34                      10
================================================================================
[2025-12-19T01:19:35.159+0000] {manager.py:997} INFO - 
================================================================================
DAG File Processing Stats

File Path                              PID  Runtime      # DAGs    # Errors  Last Runtime    Last Run               Last # of DB Queries
-----------------------------------  -----  ---------  --------  ----------  --------------  -------------------  ----------------------
/opt/airflow/dags/transform_data.py    135  0.00s             1           0  0.06s           2025-12-19T01:19:05                      10
================================================================================
[2025-12-19T01:20:05.379+0000] {manager.py:997} INFO - 
================================================================================
DAG File Processing Stats

File Path                              PID  Runtime      # DAGs    # Errors  Last Runtime    Last Run               Last # of DB Queries
-----------------------------------  -----  ---------  --------  ----------  --------------  -------------------  ----------------------
/opt/airflow/dags/transform_data.py    142  0.00s             1           0  0.06s           2025-12-19T01:19:35                      10
================================================================================
[2025-12-19T01:20:35.575+0000] {manager.py:997} INFO - 
================================================================================
DAG File Processing Stats

File Path                              PID  Runtime      # DAGs    # Errors  Last Runtime    Last Run               Last # of DB Queries
-----------------------------------  -----  ---------  --------  ----------  --------------  -------------------  ----------------------
/opt/airflow/dags/transform_data.py    149  0.00s             1           0  0.07s           2025-12-19T01:20:05                      10
================================================================================
[2025-12-19T01:21:05.781+0000] {manager.py:997} INFO - 
================================================================================
DAG File Processing Stats

File Path                              PID  Runtime      # DAGs    # Errors  Last Runtime    Last Run               Last # of DB Queries
-----------------------------------  -----  ---------  --------  ----------  --------------  -------------------  ----------------------
/opt/airflow/dags/transform_data.py    156  0.00s             1           0  0.06s           2025-12-19T01:20:35                      10
================================================================================
[2025-12-19T01:21:36.001+0000] {manager.py:997} INFO - 
================================================================================
DAG File Processing Stats

File Path                              PID  Runtime      # DAGs    # Errors  Last Runtime    Last Run               Last # of DB Queries
-----------------------------------  -----  ---------  --------  ----------  --------------  -------------------  ----------------------
/opt/airflow/dags/transform_data.py    163  0.00s             1           0  0.07s           2025-12-19T01:21:05                      10
================================================================================
[2025-12-19T01:22:06.207+0000] {manager.py:997} INFO - 
================================================================================
DAG File Processing Stats

File Path                              PID  Runtime      # DAGs    # Errors  Last Runtime    Last Run               Last # of DB Queries
-----------------------------------  -----  ---------  --------  ----------  --------------  -------------------  ----------------------
/opt/airflow/dags/transform_data.py    170  0.00s             1           0  0.07s           2025-12-19T01:21:36                      10
================================================================================
[2025-12-19T01:22:36.452+0000] {manager.py:997} INFO - 
================================================================================
DAG File Processing Stats

File Path                              PID  Runtime      # DAGs    # Errors  Last Runtime    Last Run               Last # of DB Queries
-----------------------------------  -----  ---------  --------  ----------  --------------  -------------------  ----------------------
/opt/airflow/dags/transform_data.py    177  0.00s             1           0  0.07s           2025-12-19T01:22:06                      10
================================================================================
[2025-12-19T01:23:06.661+0000] {manager.py:997} INFO - 
================================================================================
DAG File Processing Stats

File Path                              PID  Runtime      # DAGs    # Errors  Last Runtime    Last Run               Last # of DB Queries
-----------------------------------  -----  ---------  --------  ----------  --------------  -------------------  ----------------------
/opt/airflow/dags/transform_data.py    184  0.00s             1           0  0.06s           2025-12-19T01:22:36                      10
================================================================================
[2025-12-19T01:23:36.883+0000] {manager.py:997} INFO - 
================================================================================
DAG File Processing Stats

File Path                              PID  Runtime      # DAGs    # Errors  Last Runtime    Last Run               Last # of DB Queries
-----------------------------------  -----  ---------  --------  ----------  --------------  -------------------  ----------------------
/opt/airflow/dags/transform_data.py    196  0.00s             1           0  0.06s           2025-12-19T01:23:06                      10
================================================================================
[2025-12-19T01:24:03.047+0000] {manager.py:821} INFO - Searching for files in /opt/airflow/dags
[2025-12-19T01:24:03.050+0000] {manager.py:824} INFO - There are 1 files in /opt/airflow/dags
[2025-12-19T01:24:07.089+0000] {manager.py:997} INFO - 
================================================================================
DAG File Processing Stats

File Path                              PID  Runtime      # DAGs    # Errors  Last Runtime    Last Run               Last # of DB Queries
-----------------------------------  -----  ---------  --------  ----------  --------------  -------------------  ----------------------
/opt/airflow/dags/transform_data.py    203  0.00s             1           0  0.06s           2025-12-19T01:23:36                      10
================================================================================
[2025-12-19T01:24:37.296+0000] {manager.py:997} INFO - 
================================================================================
DAG File Processing Stats

File Path                              PID  Runtime      # DAGs    # Errors  Last Runtime    Last Run               Last # of DB Queries
-----------------------------------  -----  ---------  --------  ----------  --------------  -------------------  ----------------------
/opt/airflow/dags/transform_data.py    210  0.00s             1           0  0.06s           2025-12-19T01:24:07                      10
================================================================================
[2025-12-19T01:25:07.541+0000] {manager.py:997} INFO - 
================================================================================
DAG File Processing Stats

File Path                              PID  Runtime      # DAGs    # Errors  Last Runtime    Last Run               Last # of DB Queries
-----------------------------------  -----  ---------  --------  ----------  --------------  -------------------  ----------------------
/opt/airflow/dags/transform_data.py    217  0.00s             1           0  0.09s           2025-12-19T01:24:37                      10
================================================================================
[2025-12-19T01:25:37.777+0000] {manager.py:997} INFO - 
================================================================================
DAG File Processing Stats

File Path                              PID  Runtime      # DAGs    # Errors  Last Runtime    Last Run               Last # of DB Queries
-----------------------------------  -----  ---------  --------  ----------  --------------  -------------------  ----------------------
/opt/airflow/dags/transform_data.py    224  0.01s             1           0  0.08s           2025-12-19T01:25:07                      10
================================================================================
[2025-12-19T01:26:08.006+0000] {manager.py:997} INFO - 
================================================================================
DAG File Processing Stats

File Path                              PID  Runtime      # DAGs    # Errors  Last Runtime    Last Run               Last # of DB Queries
-----------------------------------  -----  ---------  --------  ----------  --------------  -------------------  ----------------------
/opt/airflow/dags/transform_data.py    231  0.00s             1           0  0.07s           2025-12-19T01:25:37                      10
================================================================================
[2025-12-19T01:26:38.212+0000] {manager.py:997} INFO - 
================================================================================
DAG File Processing Stats

File Path                              PID  Runtime      # DAGs    # Errors  Last Runtime    Last Run               Last # of DB Queries
-----------------------------------  -----  ---------  --------  ----------  --------------  -------------------  ----------------------
/opt/airflow/dags/transform_data.py    238  0.00s             1           0  0.08s           2025-12-19T01:26:08                      10
================================================================================
[2025-12-19T01:27:08.431+0000] {manager.py:997} INFO - 
================================================================================
DAG File Processing Stats

File Path                              PID  Runtime      # DAGs    # Errors  Last Runtime    Last Run               Last # of DB Queries
-----------------------------------  -----  ---------  --------  ----------  --------------  -------------------  ----------------------
/opt/airflow/dags/transform_data.py    245  0.00s             1           0  0.07s           2025-12-19T01:26:38                      10
================================================================================
[2025-12-19T01:27:38.603+0000] {manager.py:997} INFO - 
================================================================================
DAG File Processing Stats

File Path                              PID  Runtime      # DAGs    # Errors  Last Runtime    Last Run               Last # of DB Queries
-----------------------------------  -----  ---------  --------  ----------  --------------  -------------------  ----------------------
/opt/airflow/dags/transform_data.py    252  0.00s             1           0  0.06s           2025-12-19T01:27:08                      10
================================================================================
[2025-12-19T01:28:08.844+0000] {manager.py:997} INFO - 
================================================================================
DAG File Processing Stats

File Path                              PID  Runtime      # DAGs    # Errors  Last Runtime    Last Run               Last # of DB Queries
-----------------------------------  -----  ---------  --------  ----------  --------------  -------------------  ----------------------
/opt/airflow/dags/transform_data.py    259  0.00s             1           0  0.07s           2025-12-19T01:27:38                      10
================================================================================
[2025-12-19T01:28:39.053+0000] {manager.py:997} INFO - 
================================================================================
DAG File Processing Stats

File Path                              PID  Runtime      # DAGs    # Errors  Last Runtime    Last Run               Last # of DB Queries
-----------------------------------  -----  ---------  --------  ----------  --------------  -------------------  ----------------------
/opt/airflow/dags/transform_data.py    265  0.00s             1           0  0.07s           2025-12-19T01:28:08                      10
================================================================================
[2025-12-19T01:29:03.251+0000] {manager.py:821} INFO - Searching for files in /opt/airflow/dags
[2025-12-19T01:29:03.253+0000] {manager.py:824} INFO - There are 1 files in /opt/airflow/dags
[2025-12-19T01:29:09.311+0000] {manager.py:997} INFO - 
================================================================================
DAG File Processing Stats

File Path                              PID  Runtime      # DAGs    # Errors  Last Runtime    Last Run               Last # of DB Queries
-----------------------------------  -----  ---------  --------  ----------  --------------  -------------------  ----------------------
/opt/airflow/dags/transform_data.py    272  0.01s             1           0  0.06s           2025-12-19T01:28:39                      10
================================================================================
[2025-12-19T01:32:50.497+0000] {manager.py:997} INFO - 
================================================================================
DAG File Processing Stats

File Path                            PID    Runtime      # DAGs    # Errors  Last Runtime    Last Run               Last # of DB Queries
-----------------------------------  -----  ---------  --------  ----------  --------------  -------------------  ----------------------
/opt/airflow/dags/transform_data.py                           1           0  0.08s           2025-12-19T01:32:45                      10
================================================================================
[2025-12-19T01:33:20.692+0000] {manager.py:997} INFO - 
================================================================================
DAG File Processing Stats

File Path                            PID    Runtime      # DAGs    # Errors  Last Runtime    Last Run               Last # of DB Queries
-----------------------------------  -----  ---------  --------  ----------  --------------  -------------------  ----------------------
/opt/airflow/dags/transform_data.py                           1           0  0.06s           2025-12-19T01:33:15                      10
================================================================================
[2025-12-19T01:33:50.906+0000] {manager.py:997} INFO - 
================================================================================
DAG File Processing Stats

File Path                            PID    Runtime      # DAGs    # Errors  Last Runtime    Last Run               Last # of DB Queries
-----------------------------------  -----  ---------  --------  ----------  --------------  -------------------  ----------------------
/opt/airflow/dags/transform_data.py                           1           0  0.09s           2025-12-19T01:33:45                      10
================================================================================
[2025-12-19T01:33:55.590+0000] {manager.py:465} INFO - Exiting gracefully upon receiving signal 15
[2025-12-19T01:35:10.516+0000] {manager.py:483} INFO - Processing files using up to 2 processes at a time 
[2025-12-19T01:35:10.517+0000] {manager.py:484} INFO - Process each file at most once every 30 seconds
[2025-12-19T01:35:10.517+0000] {manager.py:485} INFO - Checking for new files in /opt/airflow/dags every 300 seconds
[2025-12-19T01:35:10.517+0000] {manager.py:821} INFO - Searching for files in /opt/airflow/dags
[2025-12-19T01:35:10.518+0000] {manager.py:824} INFO - There are 1 files in /opt/airflow/dags
[2025-12-19T01:35:10.618+0000] {manager.py:997} INFO - 
================================================================================
DAG File Processing Stats

File Path                              PID  Runtime      # DAGs    # Errors  Last Runtime    Last Run      Last # of DB Queries
-----------------------------------  -----  ---------  --------  ----------  --------------  ----------  ----------------------
/opt/airflow/dags/transform_data.py     58  0.02s             0           0                                                   0
================================================================================
[2025-12-19T01:35:40.752+0000] {manager.py:997} INFO - 
================================================================================
DAG File Processing Stats

File Path                            PID    Runtime      # DAGs    # Errors  Last Runtime    Last Run               Last # of DB Queries
-----------------------------------  -----  ---------  --------  ----------  --------------  -------------------  ----------------------
/opt/airflow/dags/transform_data.py                           1           0  0.31s           2025-12-19T01:35:10                      32
================================================================================
[2025-12-19T01:36:11.179+0000] {manager.py:997} INFO - 
================================================================================
DAG File Processing Stats

File Path                              PID  Runtime      # DAGs    # Errors  Last Runtime    Last Run               Last # of DB Queries
-----------------------------------  -----  ---------  --------  ----------  --------------  -------------------  ----------------------
/opt/airflow/dags/transform_data.py     72  0.00s             1           0  0.08s           2025-12-19T01:35:41                      10
================================================================================
[2025-12-19T01:36:41.363+0000] {manager.py:997} INFO - 
================================================================================
DAG File Processing Stats

File Path                              PID  Runtime      # DAGs    # Errors  Last Runtime    Last Run               Last # of DB Queries
-----------------------------------  -----  ---------  --------  ----------  --------------  -------------------  ----------------------
/opt/airflow/dags/transform_data.py     79  0.00s             1           0  0.06s           2025-12-19T01:36:11                      10
================================================================================
[2025-12-19T01:37:16.128+0000] {manager.py:997} INFO - 
================================================================================
DAG File Processing Stats

File Path                              PID  Runtime      # DAGs    # Errors  Last Runtime    Last Run               Last # of DB Queries
-----------------------------------  -----  ---------  --------  ----------  --------------  -------------------  ----------------------
/opt/airflow/dags/transform_data.py     86  0.02s             1           0  0.08s           2025-12-19T01:36:41                      10
================================================================================
[2025-12-19T01:37:46.331+0000] {manager.py:997} INFO - 
================================================================================
DAG File Processing Stats

File Path                            PID    Runtime      # DAGs    # Errors  Last Runtime    Last Run               Last # of DB Queries
-----------------------------------  -----  ---------  --------  ----------  --------------  -------------------  ----------------------
/opt/airflow/dags/transform_data.py                           1           0  0.67s           2025-12-19T01:37:16                      10
================================================================================
[2025-12-19T01:38:17.174+0000] {manager.py:997} INFO - 
================================================================================
DAG File Processing Stats

File Path                              PID  Runtime      # DAGs    # Errors  Last Runtime    Last Run               Last # of DB Queries
-----------------------------------  -----  ---------  --------  ----------  --------------  -------------------  ----------------------
/opt/airflow/dags/transform_data.py    106  0.01s             1           0  0.08s           2025-12-19T01:37:47                      10
================================================================================
[2025-12-19T01:38:47.401+0000] {manager.py:997} INFO - 
================================================================================
DAG File Processing Stats

File Path                              PID  Runtime      # DAGs    # Errors  Last Runtime    Last Run               Last # of DB Queries
-----------------------------------  -----  ---------  --------  ----------  --------------  -------------------  ----------------------
/opt/airflow/dags/transform_data.py    113  0.00s             1           0  0.07s           2025-12-19T01:38:17                      10
================================================================================
[2025-12-19T01:39:17.610+0000] {manager.py:997} INFO - 
================================================================================
DAG File Processing Stats

File Path                              PID  Runtime      # DAGs    # Errors  Last Runtime    Last Run               Last # of DB Queries
-----------------------------------  -----  ---------  --------  ----------  --------------  -------------------  ----------------------
/opt/airflow/dags/transform_data.py    120  0.00s             1           0  0.08s           2025-12-19T01:38:47                      10
================================================================================
[2025-12-19T01:39:47.878+0000] {manager.py:997} INFO - 
================================================================================
DAG File Processing Stats

File Path                              PID  Runtime      # DAGs    # Errors  Last Runtime    Last Run               Last # of DB Queries
-----------------------------------  -----  ---------  --------  ----------  --------------  -------------------  ----------------------
/opt/airflow/dags/transform_data.py    127  0.00s             1           0  0.16s           2025-12-19T01:39:17                      10
================================================================================
[2025-12-19T01:40:11.081+0000] {manager.py:821} INFO - Searching for files in /opt/airflow/dags
[2025-12-19T01:40:11.086+0000] {manager.py:824} INFO - There are 1 files in /opt/airflow/dags
[2025-12-19T01:40:18.161+0000] {manager.py:997} INFO - 
================================================================================
DAG File Processing Stats

File Path                              PID  Runtime      # DAGs    # Errors  Last Runtime    Last Run               Last # of DB Queries
-----------------------------------  -----  ---------  --------  ----------  --------------  -------------------  ----------------------
/opt/airflow/dags/transform_data.py    134  0.00s             1           0  0.08s           2025-12-19T01:39:47                      10
================================================================================
[2025-12-19T01:40:48.364+0000] {manager.py:997} INFO - 
================================================================================
DAG File Processing Stats

File Path                              PID  Runtime      # DAGs    # Errors  Last Runtime    Last Run               Last # of DB Queries
-----------------------------------  -----  ---------  --------  ----------  --------------  -------------------  ----------------------
/opt/airflow/dags/transform_data.py    141  0.00s             1           0  0.13s           2025-12-19T01:40:18                      10
================================================================================
[2025-12-19T01:41:18.523+0000] {manager.py:997} INFO - 
================================================================================
DAG File Processing Stats

File Path                              PID  Runtime      # DAGs    # Errors  Last Runtime    Last Run               Last # of DB Queries
-----------------------------------  -----  ---------  --------  ----------  --------------  -------------------  ----------------------
/opt/airflow/dags/transform_data.py    148  0.00s             1           0  0.08s           2025-12-19T01:40:48                      10
================================================================================
[2025-12-19T01:41:49.179+0000] {manager.py:997} INFO - 
================================================================================
DAG File Processing Stats

File Path                              PID  Runtime      # DAGs    # Errors  Last Runtime    Last Run               Last # of DB Queries
-----------------------------------  -----  ---------  --------  ----------  --------------  -------------------  ----------------------
/opt/airflow/dags/transform_data.py    155  0.00s             1           0  0.08s           2025-12-19T01:41:18                      10
================================================================================
[2025-12-19T01:42:19.352+0000] {manager.py:997} INFO - 
================================================================================
DAG File Processing Stats

File Path                              PID  Runtime      # DAGs    # Errors  Last Runtime    Last Run               Last # of DB Queries
-----------------------------------  -----  ---------  --------  ----------  --------------  -------------------  ----------------------
/opt/airflow/dags/transform_data.py    162  0.00s             1           0  0.06s           2025-12-19T01:41:49                      10
================================================================================
[2025-12-19T01:42:49.569+0000] {manager.py:997} INFO - 
================================================================================
DAG File Processing Stats

File Path                              PID  Runtime      # DAGs    # Errors  Last Runtime    Last Run               Last # of DB Queries
-----------------------------------  -----  ---------  --------  ----------  --------------  -------------------  ----------------------
/opt/airflow/dags/transform_data.py    169  0.00s             1           0  0.07s           2025-12-19T01:42:19                      10
================================================================================
[2025-12-19T01:43:19.760+0000] {manager.py:997} INFO - 
================================================================================
DAG File Processing Stats

File Path                              PID  Runtime      # DAGs    # Errors  Last Runtime    Last Run               Last # of DB Queries
-----------------------------------  -----  ---------  --------  ----------  --------------  -------------------  ----------------------
/opt/airflow/dags/transform_data.py    176  0.00s             1           0  0.08s           2025-12-19T01:42:49                      10
================================================================================
[2025-12-19T01:43:49.931+0000] {manager.py:997} INFO - 
================================================================================
DAG File Processing Stats

File Path                            PID    Runtime      # DAGs    # Errors  Last Runtime    Last Run               Last # of DB Queries
-----------------------------------  -----  ---------  --------  ----------  --------------  -------------------  ----------------------
/opt/airflow/dags/transform_data.py                           1           0  0.35s           2025-12-19T01:43:20                      10
================================================================================
[2025-12-19T01:44:20.455+0000] {manager.py:997} INFO - 
================================================================================
DAG File Processing Stats

File Path                              PID  Runtime      # DAGs    # Errors  Last Runtime    Last Run               Last # of DB Queries
-----------------------------------  -----  ---------  --------  ----------  --------------  -------------------  ----------------------
/opt/airflow/dags/transform_data.py    190  0.00s             1           0  0.10s           2025-12-19T01:43:50                      10
================================================================================
[2025-12-19T01:44:50.609+0000] {manager.py:997} INFO - 
================================================================================
DAG File Processing Stats

File Path                              PID  Runtime      # DAGs    # Errors  Last Runtime    Last Run               Last # of DB Queries
-----------------------------------  -----  ---------  --------  ----------  --------------  -------------------  ----------------------
/opt/airflow/dags/transform_data.py    197  0.00s             1           0  0.07s           2025-12-19T01:44:20                      10
================================================================================
[2025-12-19T01:45:09.725+0000] {manager.py:465} INFO - Exiting gracefully upon receiving signal 15
[2025-12-19T01:45:55.889+0000] {manager.py:483} INFO - Processing files using up to 2 processes at a time 
[2025-12-19T01:45:55.889+0000] {manager.py:484} INFO - Process each file at most once every 30 seconds
[2025-12-19T01:45:55.889+0000] {manager.py:485} INFO - Checking for new files in /opt/airflow/dags every 300 seconds
[2025-12-19T01:45:55.889+0000] {manager.py:821} INFO - Searching for files in /opt/airflow/dags
[2025-12-19T01:45:55.890+0000] {manager.py:824} INFO - There are 1 files in /opt/airflow/dags
[2025-12-19T01:45:55.964+0000] {manager.py:997} INFO - 
================================================================================
DAG File Processing Stats

File Path                              PID  Runtime      # DAGs    # Errors  Last Runtime    Last Run      Last # of DB Queries
-----------------------------------  -----  ---------  --------  ----------  --------------  ----------  ----------------------
/opt/airflow/dags/transform_data.py     58  0.01s             0           0                                                   0
================================================================================
[2025-12-19T01:46:26.114+0000] {manager.py:997} INFO - 
================================================================================
DAG File Processing Stats

File Path                            PID    Runtime      # DAGs    # Errors  Last Runtime    Last Run               Last # of DB Queries
-----------------------------------  -----  ---------  --------  ----------  --------------  -------------------  ----------------------
/opt/airflow/dags/transform_data.py                           1           0  0.26s           2025-12-19T01:45:56                      32
================================================================================
[2025-12-19T01:46:56.544+0000] {manager.py:997} INFO - 
================================================================================
DAG File Processing Stats

File Path                              PID  Runtime      # DAGs    # Errors  Last Runtime    Last Run               Last # of DB Queries
-----------------------------------  -----  ---------  --------  ----------  --------------  -------------------  ----------------------
/opt/airflow/dags/transform_data.py     72  0.00s             1           0  0.09s           2025-12-19T01:46:26                      10
================================================================================
[2025-12-19T01:47:26.733+0000] {manager.py:997} INFO - 
================================================================================
DAG File Processing Stats

File Path                              PID  Runtime      # DAGs    # Errors  Last Runtime    Last Run               Last # of DB Queries
-----------------------------------  -----  ---------  --------  ----------  --------------  -------------------  ----------------------
/opt/airflow/dags/transform_data.py     79  0.00s             1           0  0.09s           2025-12-19T01:46:56                      10
================================================================================
[2025-12-19T01:47:59.819+0000] {manager.py:997} INFO - 
================================================================================
DAG File Processing Stats

File Path                              PID  Runtime      # DAGs    # Errors  Last Runtime    Last Run               Last # of DB Queries
-----------------------------------  -----  ---------  --------  ----------  --------------  -------------------  ----------------------
/opt/airflow/dags/transform_data.py     91  0.01s             1           0  0.07s           2025-12-19T01:47:26                      10
================================================================================
[2025-12-19T01:48:30.045+0000] {manager.py:997} INFO - 
================================================================================
DAG File Processing Stats

File Path                            PID    Runtime      # DAGs    # Errors  Last Runtime    Last Run               Last # of DB Queries
-----------------------------------  -----  ---------  --------  ----------  --------------  -------------------  ----------------------
/opt/airflow/dags/transform_data.py                           1           0  0.59s           2025-12-19T01:48:00                      10
================================================================================
[2025-12-19T01:49:00.759+0000] {manager.py:997} INFO - 
================================================================================
DAG File Processing Stats

File Path                              PID  Runtime      # DAGs    # Errors  Last Runtime    Last Run               Last # of DB Queries
-----------------------------------  -----  ---------  --------  ----------  --------------  -------------------  ----------------------
/opt/airflow/dags/transform_data.py    105  0.00s             1           0  0.09s           2025-12-19T01:48:30                      10
================================================================================
[2025-12-19T01:49:30.937+0000] {manager.py:997} INFO - 
================================================================================
DAG File Processing Stats

File Path                              PID  Runtime      # DAGs    # Errors  Last Runtime    Last Run               Last # of DB Queries
-----------------------------------  -----  ---------  --------  ----------  --------------  -------------------  ----------------------
/opt/airflow/dags/transform_data.py    112  0.00s             1           0  0.08s           2025-12-19T01:49:00                      10
================================================================================
[2025-12-19T01:50:01.188+0000] {manager.py:997} INFO - 
================================================================================
DAG File Processing Stats

File Path                              PID  Runtime      # DAGs    # Errors  Last Runtime    Last Run               Last # of DB Queries
-----------------------------------  -----  ---------  --------  ----------  --------------  -------------------  ----------------------
/opt/airflow/dags/transform_data.py    119  0.00s             1           0  0.08s           2025-12-19T01:49:31                      10
================================================================================
[2025-12-19T01:50:31.366+0000] {manager.py:997} INFO - 
================================================================================
DAG File Processing Stats

File Path                              PID  Runtime      # DAGs    # Errors  Last Runtime    Last Run               Last # of DB Queries
-----------------------------------  -----  ---------  --------  ----------  --------------  -------------------  ----------------------
/opt/airflow/dags/transform_data.py    126  0.00s             1           0  0.09s           2025-12-19T01:50:01                      10
================================================================================
[2025-12-19T01:50:56.565+0000] {manager.py:821} INFO - Searching for files in /opt/airflow/dags
[2025-12-19T01:50:56.570+0000] {manager.py:824} INFO - There are 1 files in /opt/airflow/dags
[2025-12-19T01:51:01.632+0000] {manager.py:997} INFO - 
================================================================================
DAG File Processing Stats

File Path                              PID  Runtime      # DAGs    # Errors  Last Runtime    Last Run               Last # of DB Queries
-----------------------------------  -----  ---------  --------  ----------  --------------  -------------------  ----------------------
/opt/airflow/dags/transform_data.py    133  0.00s             1           0  0.09s           2025-12-19T01:50:31                      10
================================================================================
[2025-12-19T01:51:04.867+0000] {manager.py:465} INFO - Exiting gracefully upon receiving signal 15
[2025-12-19T01:51:50.828+0000] {manager.py:483} INFO - Processing files using up to 2 processes at a time 
[2025-12-19T01:51:50.828+0000] {manager.py:484} INFO - Process each file at most once every 30 seconds
[2025-12-19T01:51:50.828+0000] {manager.py:485} INFO - Checking for new files in /opt/airflow/dags every 300 seconds
[2025-12-19T01:51:50.828+0000] {manager.py:821} INFO - Searching for files in /opt/airflow/dags
[2025-12-19T01:51:50.829+0000] {manager.py:824} INFO - There are 1 files in /opt/airflow/dags
[2025-12-19T01:51:50.889+0000] {manager.py:997} INFO - 
================================================================================
DAG File Processing Stats

File Path                              PID  Runtime      # DAGs    # Errors  Last Runtime    Last Run      Last # of DB Queries
-----------------------------------  -----  ---------  --------  ----------  --------------  ----------  ----------------------
/opt/airflow/dags/transform_data.py     58  0.01s             0           0                                                   0
================================================================================
[2025-12-19T01:52:21.039+0000] {manager.py:997} INFO - 
================================================================================
DAG File Processing Stats

File Path                            PID    Runtime      # DAGs    # Errors  Last Runtime    Last Run               Last # of DB Queries
-----------------------------------  -----  ---------  --------  ----------  --------------  -------------------  ----------------------
/opt/airflow/dags/transform_data.py                           1           0  0.23s           2025-12-19T01:51:51                      32
================================================================================
[2025-12-19T01:52:51.417+0000] {manager.py:997} INFO - 
================================================================================
DAG File Processing Stats

File Path                              PID  Runtime      # DAGs    # Errors  Last Runtime    Last Run               Last # of DB Queries
-----------------------------------  -----  ---------  --------  ----------  --------------  -------------------  ----------------------
/opt/airflow/dags/transform_data.py     72  0.00s             1           0  0.10s           2025-12-19T01:52:21                      10
================================================================================
[2025-12-19T01:53:21.615+0000] {manager.py:997} INFO - 
================================================================================
DAG File Processing Stats

File Path                              PID  Runtime      # DAGs    # Errors  Last Runtime    Last Run               Last # of DB Queries
-----------------------------------  -----  ---------  --------  ----------  --------------  -------------------  ----------------------
/opt/airflow/dags/transform_data.py     79  0.00s             1           0  0.08s           2025-12-19T01:52:51                      10
================================================================================
[2025-12-19T01:53:52.462+0000] {manager.py:997} INFO - 
================================================================================
DAG File Processing Stats

File Path                              PID  Runtime      # DAGs    # Errors  Last Runtime    Last Run               Last # of DB Queries
-----------------------------------  -----  ---------  --------  ----------  --------------  -------------------  ----------------------
/opt/airflow/dags/transform_data.py     91  0.00s             1           0  0.06s           2025-12-19T01:53:21                      10
================================================================================
[2025-12-19T01:54:22.678+0000] {manager.py:997} INFO - 
================================================================================
DAG File Processing Stats

File Path                              PID  Runtime      # DAGs    # Errors  Last Runtime    Last Run               Last # of DB Queries
-----------------------------------  -----  ---------  --------  ----------  --------------  -------------------  ----------------------
/opt/airflow/dags/transform_data.py     98  0.01s             1           0  0.08s           2025-12-19T01:53:52                      10
================================================================================
[2025-12-19T01:54:52.930+0000] {manager.py:997} INFO - 
================================================================================
DAG File Processing Stats

File Path                              PID  Runtime      # DAGs    # Errors  Last Runtime    Last Run               Last # of DB Queries
-----------------------------------  -----  ---------  --------  ----------  --------------  -------------------  ----------------------
/opt/airflow/dags/transform_data.py    105  0.00s             1           0  0.10s           2025-12-19T01:54:22                      10
================================================================================
[2025-12-19T01:55:23.144+0000] {manager.py:997} INFO - 
================================================================================
DAG File Processing Stats

File Path                              PID  Runtime      # DAGs    # Errors  Last Runtime    Last Run               Last # of DB Queries
-----------------------------------  -----  ---------  --------  ----------  --------------  -------------------  ----------------------
/opt/airflow/dags/transform_data.py    112  0.01s             1           0  0.07s           2025-12-19T01:54:52                      10
================================================================================
[2025-12-19T01:55:53.355+0000] {manager.py:997} INFO - 
================================================================================
DAG File Processing Stats

File Path                              PID  Runtime      # DAGs    # Errors  Last Runtime    Last Run               Last # of DB Queries
-----------------------------------  -----  ---------  --------  ----------  --------------  -------------------  ----------------------
/opt/airflow/dags/transform_data.py    119  0.00s             1           0  0.10s           2025-12-19T01:55:23                      10
================================================================================
[2025-12-19T01:56:23.581+0000] {manager.py:997} INFO - 
================================================================================
DAG File Processing Stats

File Path                              PID  Runtime      # DAGs    # Errors  Last Runtime    Last Run               Last # of DB Queries
-----------------------------------  -----  ---------  --------  ----------  --------------  -------------------  ----------------------
/opt/airflow/dags/transform_data.py    126  0.00s             1           0  0.08s           2025-12-19T01:55:53                      10
================================================================================
[2025-12-19T01:56:51.754+0000] {manager.py:821} INFO - Searching for files in /opt/airflow/dags
[2025-12-19T01:56:51.754+0000] {manager.py:824} INFO - There are 1 files in /opt/airflow/dags
[2025-12-19T01:56:53.788+0000] {manager.py:997} INFO - 
================================================================================
DAG File Processing Stats

File Path                              PID  Runtime      # DAGs    # Errors  Last Runtime    Last Run               Last # of DB Queries
-----------------------------------  -----  ---------  --------  ----------  --------------  -------------------  ----------------------
/opt/airflow/dags/transform_data.py    133  0.00s             1           0  0.08s           2025-12-19T01:56:23                      10
================================================================================
[2025-12-19T01:57:24.008+0000] {manager.py:997} INFO - 
================================================================================
DAG File Processing Stats

File Path                              PID  Runtime      # DAGs    # Errors  Last Runtime    Last Run               Last # of DB Queries
-----------------------------------  -----  ---------  --------  ----------  --------------  -------------------  ----------------------
/opt/airflow/dags/transform_data.py    140  0.00s             1           0  0.08s           2025-12-19T01:56:53                      10
================================================================================
[2025-12-19T01:57:54.208+0000] {manager.py:997} INFO - 
================================================================================
DAG File Processing Stats

File Path                              PID  Runtime      # DAGs    # Errors  Last Runtime    Last Run               Last # of DB Queries
-----------------------------------  -----  ---------  --------  ----------  --------------  -------------------  ----------------------
/opt/airflow/dags/transform_data.py    147  0.01s             1           0  0.10s           2025-12-19T01:57:24                      10
================================================================================
[2025-12-19T01:58:24.430+0000] {manager.py:997} INFO - 
================================================================================
DAG File Processing Stats

File Path                              PID  Runtime      # DAGs    # Errors  Last Runtime    Last Run               Last # of DB Queries
-----------------------------------  -----  ---------  --------  ----------  --------------  -------------------  ----------------------
/opt/airflow/dags/transform_data.py    154  0.00s             1           0  0.09s           2025-12-19T01:57:54                      10
================================================================================
[2025-12-19T01:58:54.660+0000] {manager.py:997} INFO - 
================================================================================
DAG File Processing Stats

File Path                            PID    Runtime      # DAGs    # Errors  Last Runtime    Last Run               Last # of DB Queries
-----------------------------------  -----  ---------  --------  ----------  --------------  -------------------  ----------------------
/opt/airflow/dags/transform_data.py                           1           0  0.23s           2025-12-19T01:58:52                      32
================================================================================
[2025-12-19T01:58:56.210+0000] {manager.py:465} INFO - Exiting gracefully upon receiving signal 15
[2025-12-19T01:59:44.467+0000] {manager.py:483} INFO - Processing files using up to 2 processes at a time 
[2025-12-19T01:59:44.467+0000] {manager.py:484} INFO - Process each file at most once every 30 seconds
[2025-12-19T01:59:44.468+0000] {manager.py:485} INFO - Checking for new files in /opt/airflow/dags every 300 seconds
[2025-12-19T01:59:44.468+0000] {manager.py:821} INFO - Searching for files in /opt/airflow/dags
[2025-12-19T01:59:44.469+0000] {manager.py:824} INFO - There are 1 files in /opt/airflow/dags
[2025-12-19T01:59:44.567+0000] {manager.py:997} INFO - 
================================================================================
DAG File Processing Stats

File Path                              PID  Runtime      # DAGs    # Errors  Last Runtime    Last Run      Last # of DB Queries
-----------------------------------  -----  ---------  --------  ----------  --------------  ----------  ----------------------
/opt/airflow/dags/transform_data.py     58  0.02s             0           0                                                   0
================================================================================
[2025-12-19T02:00:14.765+0000] {manager.py:997} INFO - 
================================================================================
DAG File Processing Stats

File Path                              PID  Runtime      # DAGs    # Errors  Last Runtime    Last Run               Last # of DB Queries
-----------------------------------  -----  ---------  --------  ----------  --------------  -------------------  ----------------------
/opt/airflow/dags/transform_data.py     65  0.00s             1           0  0.11s           2025-12-19T01:59:44                      10
================================================================================
[2025-12-19T02:00:45.009+0000] {manager.py:997} INFO - 
================================================================================
DAG File Processing Stats

File Path                              PID  Runtime      # DAGs    # Errors  Last Runtime    Last Run               Last # of DB Queries
-----------------------------------  -----  ---------  --------  ----------  --------------  -------------------  ----------------------
/opt/airflow/dags/transform_data.py     72  0.00s             1           0  0.08s           2025-12-19T02:00:14                      10
================================================================================
[2025-12-19T02:01:15.190+0000] {manager.py:997} INFO - 
================================================================================
DAG File Processing Stats

File Path                              PID  Runtime      # DAGs    # Errors  Last Runtime    Last Run               Last # of DB Queries
-----------------------------------  -----  ---------  --------  ----------  --------------  -------------------  ----------------------
/opt/airflow/dags/transform_data.py     78  0.00s             1           0  0.08s           2025-12-19T02:00:45                      10
================================================================================
[2025-12-19T02:01:45.447+0000] {manager.py:997} INFO - 
================================================================================
DAG File Processing Stats

File Path                              PID  Runtime      # DAGs    # Errors  Last Runtime    Last Run               Last # of DB Queries
-----------------------------------  -----  ---------  --------  ----------  --------------  -------------------  ----------------------
/opt/airflow/dags/transform_data.py     85  0.00s             1           0  0.08s           2025-12-19T02:01:15                      10
================================================================================
[2025-12-19T02:02:15.655+0000] {manager.py:997} INFO - 
================================================================================
DAG File Processing Stats

File Path                              PID  Runtime      # DAGs    # Errors  Last Runtime    Last Run               Last # of DB Queries
-----------------------------------  -----  ---------  --------  ----------  --------------  -------------------  ----------------------
/opt/airflow/dags/transform_data.py     92  0.00s             1           0  0.06s           2025-12-19T02:01:45                      10
================================================================================
[2025-12-19T02:02:45.871+0000] {manager.py:997} INFO - 
================================================================================
DAG File Processing Stats

File Path                              PID  Runtime      # DAGs    # Errors  Last Runtime    Last Run               Last # of DB Queries
-----------------------------------  -----  ---------  --------  ----------  --------------  -------------------  ----------------------
/opt/airflow/dags/transform_data.py     99  0.00s             1           0  0.07s           2025-12-19T02:02:15                      10
================================================================================
[2025-12-19T02:03:16.080+0000] {manager.py:997} INFO - 
================================================================================
DAG File Processing Stats

File Path                              PID  Runtime      # DAGs    # Errors  Last Runtime    Last Run               Last # of DB Queries
-----------------------------------  -----  ---------  --------  ----------  --------------  -------------------  ----------------------
/opt/airflow/dags/transform_data.py    106  0.00s             1           0  0.06s           2025-12-19T02:02:45                      10
================================================================================
[2025-12-19T02:03:46.286+0000] {manager.py:997} INFO - 
================================================================================
DAG File Processing Stats

File Path                              PID  Runtime      # DAGs    # Errors  Last Runtime    Last Run               Last # of DB Queries
-----------------------------------  -----  ---------  --------  ----------  --------------  -------------------  ----------------------
/opt/airflow/dags/transform_data.py    112  0.00s             1           0  0.08s           2025-12-19T02:03:16                      10
================================================================================
[2025-12-19T02:04:16.509+0000] {manager.py:997} INFO - 
================================================================================
DAG File Processing Stats

File Path                              PID  Runtime      # DAGs    # Errors  Last Runtime    Last Run               Last # of DB Queries
-----------------------------------  -----  ---------  --------  ----------  --------------  -------------------  ----------------------
/opt/airflow/dags/transform_data.py    119  0.00s             1           0  0.07s           2025-12-19T02:03:46                      10
================================================================================
[2025-12-19T02:04:44.661+0000] {manager.py:821} INFO - Searching for files in /opt/airflow/dags
[2025-12-19T02:04:44.662+0000] {manager.py:824} INFO - There are 1 files in /opt/airflow/dags
[2025-12-19T02:04:46.695+0000] {manager.py:997} INFO - 
================================================================================
DAG File Processing Stats

File Path                              PID  Runtime      # DAGs    # Errors  Last Runtime    Last Run               Last # of DB Queries
-----------------------------------  -----  ---------  --------  ----------  --------------  -------------------  ----------------------
/opt/airflow/dags/transform_data.py    126  0.01s             1           0  0.07s           2025-12-19T02:04:16                      10
================================================================================
[2025-12-19T02:05:16.859+0000] {manager.py:997} INFO - 
================================================================================
DAG File Processing Stats

File Path                              PID  Runtime      # DAGs    # Errors  Last Runtime    Last Run               Last # of DB Queries
-----------------------------------  -----  ---------  --------  ----------  --------------  -------------------  ----------------------
/opt/airflow/dags/transform_data.py    133  0.01s             1           0  0.10s           2025-12-19T02:04:46                      10
================================================================================
[2025-12-19T02:05:47.106+0000] {manager.py:997} INFO - 
================================================================================
DAG File Processing Stats

File Path                              PID  Runtime      # DAGs    # Errors  Last Runtime    Last Run               Last # of DB Queries
-----------------------------------  -----  ---------  --------  ----------  --------------  -------------------  ----------------------
/opt/airflow/dags/transform_data.py    140  0.00s             1           0  0.09s           2025-12-19T02:05:16                      10
================================================================================
[2025-12-19T02:06:17.301+0000] {manager.py:997} INFO - 
================================================================================
DAG File Processing Stats

File Path                              PID  Runtime      # DAGs    # Errors  Last Runtime    Last Run               Last # of DB Queries
-----------------------------------  -----  ---------  --------  ----------  --------------  -------------------  ----------------------
/opt/airflow/dags/transform_data.py    147  0.01s             1           0  0.07s           2025-12-19T02:05:47                      10
================================================================================
[2025-12-19T02:06:47.495+0000] {manager.py:997} INFO - 
================================================================================
DAG File Processing Stats

File Path                              PID  Runtime      # DAGs    # Errors  Last Runtime    Last Run               Last # of DB Queries
-----------------------------------  -----  ---------  --------  ----------  --------------  -------------------  ----------------------
/opt/airflow/dags/transform_data.py    154  0.00s             1           0  0.07s           2025-12-19T02:06:17                      10
================================================================================
[2025-12-19T02:07:17.712+0000] {manager.py:997} INFO - 
================================================================================
DAG File Processing Stats

File Path                              PID  Runtime      # DAGs    # Errors  Last Runtime    Last Run               Last # of DB Queries
-----------------------------------  -----  ---------  --------  ----------  --------------  -------------------  ----------------------
/opt/airflow/dags/transform_data.py    161  0.00s             1           0  0.08s           2025-12-19T02:06:47                      10
================================================================================
[2025-12-19T02:07:47.933+0000] {manager.py:997} INFO - 
================================================================================
DAG File Processing Stats

File Path                              PID  Runtime      # DAGs    # Errors  Last Runtime    Last Run               Last # of DB Queries
-----------------------------------  -----  ---------  --------  ----------  --------------  -------------------  ----------------------
/opt/airflow/dags/transform_data.py    168  0.00s             1           0  0.05s           2025-12-19T02:07:17                      10
================================================================================
[2025-12-19T02:08:18.164+0000] {manager.py:997} INFO - 
================================================================================
DAG File Processing Stats

File Path                              PID  Runtime      # DAGs    # Errors  Last Runtime    Last Run               Last # of DB Queries
-----------------------------------  -----  ---------  --------  ----------  --------------  -------------------  ----------------------
/opt/airflow/dags/transform_data.py    175  0.00s             1           0  0.08s           2025-12-19T02:07:48                      10
================================================================================
[2025-12-19T02:08:48.400+0000] {manager.py:997} INFO - 
================================================================================
DAG File Processing Stats

File Path                              PID  Runtime      # DAGs    # Errors  Last Runtime    Last Run               Last # of DB Queries
-----------------------------------  -----  ---------  --------  ----------  --------------  -------------------  ----------------------
/opt/airflow/dags/transform_data.py    187  0.00s             1           0  0.05s           2025-12-19T02:08:18                      10
================================================================================
[2025-12-19T02:09:18.628+0000] {manager.py:997} INFO - 
================================================================================
DAG File Processing Stats

File Path                              PID  Runtime      # DAGs    # Errors  Last Runtime    Last Run               Last # of DB Queries
-----------------------------------  -----  ---------  --------  ----------  --------------  -------------------  ----------------------
/opt/airflow/dags/transform_data.py    194  0.00s             1           0  0.06s           2025-12-19T02:08:48                      10
================================================================================
[2025-12-19T02:09:44.796+0000] {manager.py:821} INFO - Searching for files in /opt/airflow/dags
[2025-12-19T02:09:44.798+0000] {manager.py:824} INFO - There are 1 files in /opt/airflow/dags
[2025-12-19T02:09:48.835+0000] {manager.py:997} INFO - 
================================================================================
DAG File Processing Stats

File Path                              PID  Runtime      # DAGs    # Errors  Last Runtime    Last Run               Last # of DB Queries
-----------------------------------  -----  ---------  --------  ----------  --------------  -------------------  ----------------------
/opt/airflow/dags/transform_data.py    201  0.00s             1           0  0.06s           2025-12-19T02:09:18                      10
================================================================================
[2025-12-19T02:10:19.055+0000] {manager.py:997} INFO - 
================================================================================
DAG File Processing Stats

File Path                              PID  Runtime      # DAGs    # Errors  Last Runtime    Last Run               Last # of DB Queries
-----------------------------------  -----  ---------  --------  ----------  --------------  -------------------  ----------------------
/opt/airflow/dags/transform_data.py    208  0.00s             1           0  0.09s           2025-12-19T02:09:48                      10
================================================================================
[2025-12-19T02:10:49.284+0000] {manager.py:997} INFO - 
================================================================================
DAG File Processing Stats

File Path                              PID  Runtime      # DAGs    # Errors  Last Runtime    Last Run               Last # of DB Queries
-----------------------------------  -----  ---------  --------  ----------  --------------  -------------------  ----------------------
/opt/airflow/dags/transform_data.py    215  0.00s             1           0  0.08s           2025-12-19T02:10:19                      10
================================================================================
[2025-12-19T02:11:19.486+0000] {manager.py:997} INFO - 
================================================================================
DAG File Processing Stats

File Path                              PID  Runtime      # DAGs    # Errors  Last Runtime    Last Run               Last # of DB Queries
-----------------------------------  -----  ---------  --------  ----------  --------------  -------------------  ----------------------
/opt/airflow/dags/transform_data.py    223  0.00s             1           0  0.05s           2025-12-19T02:10:49                      10
================================================================================
[2025-12-19T02:11:49.718+0000] {manager.py:997} INFO - 
================================================================================
DAG File Processing Stats

File Path                              PID  Runtime      # DAGs    # Errors  Last Runtime    Last Run               Last # of DB Queries
-----------------------------------  -----  ---------  --------  ----------  --------------  -------------------  ----------------------
/opt/airflow/dags/transform_data.py    230  0.00s             1           0  0.08s           2025-12-19T02:11:19                      10
================================================================================
[2025-12-19T02:12:19.915+0000] {manager.py:997} INFO - 
================================================================================
DAG File Processing Stats

File Path                              PID  Runtime      # DAGs    # Errors  Last Runtime    Last Run               Last # of DB Queries
-----------------------------------  -----  ---------  --------  ----------  --------------  -------------------  ----------------------
/opt/airflow/dags/transform_data.py    237  0.00s             1           0  0.06s           2025-12-19T02:11:49                      10
================================================================================
[2025-12-19T02:12:50.151+0000] {manager.py:997} INFO - 
================================================================================
DAG File Processing Stats

File Path                              PID  Runtime      # DAGs    # Errors  Last Runtime    Last Run               Last # of DB Queries
-----------------------------------  -----  ---------  --------  ----------  --------------  -------------------  ----------------------
/opt/airflow/dags/transform_data.py    244  0.01s             1           0  0.06s           2025-12-19T02:12:19                      10
================================================================================
[2025-12-19T02:12:55.249+0000] {manager.py:465} INFO - Exiting gracefully upon receiving signal 15
[2025-12-19T02:13:32.722+0000] {manager.py:483} INFO - Processing files using up to 2 processes at a time 
[2025-12-19T02:13:32.722+0000] {manager.py:484} INFO - Process each file at most once every 30 seconds
[2025-12-19T02:13:32.722+0000] {manager.py:485} INFO - Checking for new files in /opt/airflow/dags every 300 seconds
[2025-12-19T02:13:32.722+0000] {manager.py:821} INFO - Searching for files in /opt/airflow/dags
[2025-12-19T02:13:32.723+0000] {manager.py:824} INFO - There are 1 files in /opt/airflow/dags
[2025-12-19T02:13:32.779+0000] {manager.py:997} INFO - 
================================================================================
DAG File Processing Stats

File Path                              PID  Runtime      # DAGs    # Errors  Last Runtime    Last Run      Last # of DB Queries
-----------------------------------  -----  ---------  --------  ----------  --------------  ----------  ----------------------
/opt/airflow/dags/transform_data.py     59  0.01s             0           0                                                   0
================================================================================
[2025-12-19T02:14:02.949+0000] {manager.py:997} INFO - 
================================================================================
DAG File Processing Stats

File Path                              PID  Runtime      # DAGs    # Errors  Last Runtime    Last Run               Last # of DB Queries
-----------------------------------  -----  ---------  --------  ----------  --------------  -------------------  ----------------------
/opt/airflow/dags/transform_data.py     66  0.00s             1           0  0.08s           2025-12-19T02:13:32                      10
================================================================================
[2025-12-19T02:14:33.138+0000] {manager.py:997} INFO - 
================================================================================
DAG File Processing Stats

File Path                              PID  Runtime      # DAGs    # Errors  Last Runtime    Last Run               Last # of DB Queries
-----------------------------------  -----  ---------  --------  ----------  --------------  -------------------  ----------------------
/opt/airflow/dags/transform_data.py     73  0.00s             1           0  0.09s           2025-12-19T02:14:03                      10
================================================================================
[2025-12-19T02:15:03.350+0000] {manager.py:997} INFO - 
================================================================================
DAG File Processing Stats

File Path                              PID  Runtime      # DAGs    # Errors  Last Runtime    Last Run               Last # of DB Queries
-----------------------------------  -----  ---------  --------  ----------  --------------  -------------------  ----------------------
/opt/airflow/dags/transform_data.py     80  0.00s             1           0  0.06s           2025-12-19T02:14:33                      10
================================================================================
[2025-12-19T02:15:33.533+0000] {manager.py:997} INFO - 
================================================================================
DAG File Processing Stats

File Path                              PID  Runtime      # DAGs    # Errors  Last Runtime    Last Run               Last # of DB Queries
-----------------------------------  -----  ---------  --------  ----------  --------------  -------------------  ----------------------
/opt/airflow/dags/transform_data.py     87  0.01s             1           0  0.09s           2025-12-19T02:15:03                      10
================================================================================
[2025-12-19T02:16:03.746+0000] {manager.py:997} INFO - 
================================================================================
DAG File Processing Stats

File Path                              PID  Runtime      # DAGs    # Errors  Last Runtime    Last Run               Last # of DB Queries
-----------------------------------  -----  ---------  --------  ----------  --------------  -------------------  ----------------------
/opt/airflow/dags/transform_data.py     94  0.00s             1           0  0.08s           2025-12-19T02:15:33                      10
================================================================================
[2025-12-19T02:16:33.933+0000] {manager.py:997} INFO - 
================================================================================
DAG File Processing Stats

File Path                              PID  Runtime      # DAGs    # Errors  Last Runtime    Last Run               Last # of DB Queries
-----------------------------------  -----  ---------  --------  ----------  --------------  -------------------  ----------------------
/opt/airflow/dags/transform_data.py    101  0.00s             1           0  0.06s           2025-12-19T02:16:03                      10
================================================================================
[2025-12-19T02:17:04.145+0000] {manager.py:997} INFO - 
================================================================================
DAG File Processing Stats

File Path                              PID  Runtime      # DAGs    # Errors  Last Runtime    Last Run               Last # of DB Queries
-----------------------------------  -----  ---------  --------  ----------  --------------  -------------------  ----------------------
/opt/airflow/dags/transform_data.py    108  0.01s             1           0  0.08s           2025-12-19T02:16:34                      10
================================================================================
[2025-12-19T02:17:34.319+0000] {manager.py:997} INFO - 
================================================================================
DAG File Processing Stats

File Path                              PID  Runtime      # DAGs    # Errors  Last Runtime    Last Run               Last # of DB Queries
-----------------------------------  -----  ---------  --------  ----------  --------------  -------------------  ----------------------
/opt/airflow/dags/transform_data.py    115  0.00s             1           0  0.08s           2025-12-19T02:17:04                      10
================================================================================
[2025-12-19T02:18:04.552+0000] {manager.py:997} INFO - 
================================================================================
DAG File Processing Stats

File Path                              PID  Runtime      # DAGs    # Errors  Last Runtime    Last Run               Last # of DB Queries
-----------------------------------  -----  ---------  --------  ----------  --------------  -------------------  ----------------------
/opt/airflow/dags/transform_data.py    122  0.00s             1           0  0.08s           2025-12-19T02:17:34                      10
================================================================================
[2025-12-19T02:18:32.747+0000] {manager.py:821} INFO - Searching for files in /opt/airflow/dags
[2025-12-19T02:18:32.749+0000] {manager.py:824} INFO - There are 1 files in /opt/airflow/dags
[2025-12-19T02:18:34.776+0000] {manager.py:997} INFO - 
================================================================================
DAG File Processing Stats

File Path                              PID  Runtime      # DAGs    # Errors  Last Runtime    Last Run               Last # of DB Queries
-----------------------------------  -----  ---------  --------  ----------  --------------  -------------------  ----------------------
/opt/airflow/dags/transform_data.py    129  0.00s             1           0  0.07s           2025-12-19T02:18:04                      10
================================================================================
[2025-12-19T02:19:04.994+0000] {manager.py:997} INFO - 
================================================================================
DAG File Processing Stats

File Path                              PID  Runtime      # DAGs    # Errors  Last Runtime    Last Run               Last # of DB Queries
-----------------------------------  -----  ---------  --------  ----------  --------------  -------------------  ----------------------
/opt/airflow/dags/transform_data.py    136  0.00s             1           0  0.06s           2025-12-19T02:18:34                      10
================================================================================
[2025-12-19T02:19:35.219+0000] {manager.py:997} INFO - 
================================================================================
DAG File Processing Stats

File Path                              PID  Runtime      # DAGs    # Errors  Last Runtime    Last Run               Last # of DB Queries
-----------------------------------  -----  ---------  --------  ----------  --------------  -------------------  ----------------------
/opt/airflow/dags/transform_data.py    143  0.00s             1           0  0.09s           2025-12-19T02:19:05                      10
================================================================================
[2025-12-19T02:20:05.455+0000] {manager.py:997} INFO - 
================================================================================
DAG File Processing Stats

File Path                              PID  Runtime      # DAGs    # Errors  Last Runtime    Last Run               Last # of DB Queries
-----------------------------------  -----  ---------  --------  ----------  --------------  -------------------  ----------------------
/opt/airflow/dags/transform_data.py    150  0.00s             1           0  0.07s           2025-12-19T02:19:35                      10
================================================================================
[2025-12-19T02:20:35.666+0000] {manager.py:997} INFO - 
================================================================================
DAG File Processing Stats

File Path                              PID  Runtime      # DAGs    # Errors  Last Runtime    Last Run               Last # of DB Queries
-----------------------------------  -----  ---------  --------  ----------  --------------  -------------------  ----------------------
/opt/airflow/dags/transform_data.py    157  0.01s             1           0  0.08s           2025-12-19T02:20:05                      10
================================================================================
[2025-12-19T02:21:05.841+0000] {manager.py:997} INFO - 
================================================================================
DAG File Processing Stats

File Path                              PID  Runtime      # DAGs    # Errors  Last Runtime    Last Run               Last # of DB Queries
-----------------------------------  -----  ---------  --------  ----------  --------------  -------------------  ----------------------
/opt/airflow/dags/transform_data.py    164  0.00s             1           0  0.07s           2025-12-19T02:20:35                      10
================================================================================
[2025-12-19T02:21:36.045+0000] {manager.py:997} INFO - 
================================================================================
DAG File Processing Stats

File Path                              PID  Runtime      # DAGs    # Errors  Last Runtime    Last Run               Last # of DB Queries
-----------------------------------  -----  ---------  --------  ----------  --------------  -------------------  ----------------------
/opt/airflow/dags/transform_data.py    177  0.00s             1           0  0.06s           2025-12-19T02:21:05                      10
================================================================================
[2025-12-19T02:22:06.232+0000] {manager.py:997} INFO - 
================================================================================
DAG File Processing Stats

File Path                              PID  Runtime      # DAGs    # Errors  Last Runtime    Last Run               Last # of DB Queries
-----------------------------------  -----  ---------  --------  ----------  --------------  -------------------  ----------------------
/opt/airflow/dags/transform_data.py    184  0.00s             1           0  0.06s           2025-12-19T02:21:36                      10
================================================================================
[2025-12-19T02:22:36.465+0000] {manager.py:997} INFO - 
================================================================================
DAG File Processing Stats

File Path                              PID  Runtime      # DAGs    # Errors  Last Runtime    Last Run               Last # of DB Queries
-----------------------------------  -----  ---------  --------  ----------  --------------  -------------------  ----------------------
/opt/airflow/dags/transform_data.py    191  0.00s             1           0  0.07s           2025-12-19T02:22:06                      10
================================================================================
[2025-12-19T02:23:06.690+0000] {manager.py:997} INFO - 
================================================================================
DAG File Processing Stats

File Path                              PID  Runtime      # DAGs    # Errors  Last Runtime    Last Run               Last # of DB Queries
-----------------------------------  -----  ---------  --------  ----------  --------------  -------------------  ----------------------
/opt/airflow/dags/transform_data.py    198  0.01s             1           0  0.08s           2025-12-19T02:22:36                      10
================================================================================
[2025-12-19T02:23:32.852+0000] {manager.py:821} INFO - Searching for files in /opt/airflow/dags
[2025-12-19T02:23:32.853+0000] {manager.py:824} INFO - There are 1 files in /opt/airflow/dags
[2025-12-19T02:23:36.886+0000] {manager.py:997} INFO - 
================================================================================
DAG File Processing Stats

File Path                              PID  Runtime      # DAGs    # Errors  Last Runtime    Last Run               Last # of DB Queries
-----------------------------------  -----  ---------  --------  ----------  --------------  -------------------  ----------------------
/opt/airflow/dags/transform_data.py    205  0.00s             1           0  0.07s           2025-12-19T02:23:06                      10
================================================================================
[2025-12-19T02:24:07.058+0000] {manager.py:997} INFO - 
================================================================================
DAG File Processing Stats

File Path                              PID  Runtime      # DAGs    # Errors  Last Runtime    Last Run               Last # of DB Queries
-----------------------------------  -----  ---------  --------  ----------  --------------  -------------------  ----------------------
/opt/airflow/dags/transform_data.py    212  0.00s             1           0  0.06s           2025-12-19T02:23:36                      10
================================================================================
[2025-12-19T02:24:37.225+0000] {manager.py:997} INFO - 
================================================================================
DAG File Processing Stats

File Path                              PID  Runtime      # DAGs    # Errors  Last Runtime    Last Run               Last # of DB Queries
-----------------------------------  -----  ---------  --------  ----------  --------------  -------------------  ----------------------
/opt/airflow/dags/transform_data.py    219  0.00s             1           0  0.08s           2025-12-19T02:24:07                      10
================================================================================
[2025-12-19T02:25:07.442+0000] {manager.py:997} INFO - 
================================================================================
DAG File Processing Stats

File Path                              PID  Runtime      # DAGs    # Errors  Last Runtime    Last Run               Last # of DB Queries
-----------------------------------  -----  ---------  --------  ----------  --------------  -------------------  ----------------------
/opt/airflow/dags/transform_data.py    226  0.00s             1           0  0.06s           2025-12-19T02:24:37                      10
================================================================================
[2025-12-19T02:25:37.644+0000] {manager.py:997} INFO - 
================================================================================
DAG File Processing Stats

File Path                              PID  Runtime      # DAGs    # Errors  Last Runtime    Last Run               Last # of DB Queries
-----------------------------------  -----  ---------  --------  ----------  --------------  -------------------  ----------------------
/opt/airflow/dags/transform_data.py    233  0.01s             1           0  0.06s           2025-12-19T02:25:07                      10
================================================================================
[2025-12-19T02:26:07.840+0000] {manager.py:997} INFO - 
================================================================================
DAG File Processing Stats

File Path                              PID  Runtime      # DAGs    # Errors  Last Runtime    Last Run               Last # of DB Queries
-----------------------------------  -----  ---------  --------  ----------  --------------  -------------------  ----------------------
/opt/airflow/dags/transform_data.py    240  0.00s             1           0  0.07s           2025-12-19T02:25:37                      10
================================================================================
[2025-12-19T02:26:38.057+0000] {manager.py:997} INFO - 
================================================================================
DAG File Processing Stats

File Path                              PID  Runtime      # DAGs    # Errors  Last Runtime    Last Run               Last # of DB Queries
-----------------------------------  -----  ---------  --------  ----------  --------------  -------------------  ----------------------
/opt/airflow/dags/transform_data.py    247  0.00s             1           0  0.07s           2025-12-19T02:26:07                      10
================================================================================
[2025-12-19T02:27:08.254+0000] {manager.py:997} INFO - 
================================================================================
DAG File Processing Stats

File Path                              PID  Runtime      # DAGs    # Errors  Last Runtime    Last Run               Last # of DB Queries
-----------------------------------  -----  ---------  --------  ----------  --------------  -------------------  ----------------------
/opt/airflow/dags/transform_data.py    254  0.00s             1           0  0.09s           2025-12-19T02:26:38                      10
================================================================================
[2025-12-19T02:27:38.514+0000] {manager.py:997} INFO - 
================================================================================
DAG File Processing Stats

File Path                              PID  Runtime      # DAGs    # Errors  Last Runtime    Last Run               Last # of DB Queries
-----------------------------------  -----  ---------  --------  ----------  --------------  -------------------  ----------------------
/opt/airflow/dags/transform_data.py    261  0.00s             1           0  0.06s           2025-12-19T02:27:08                      10
================================================================================
[2025-12-19T02:28:08.704+0000] {manager.py:997} INFO - 
================================================================================
DAG File Processing Stats

File Path                              PID  Runtime      # DAGs    # Errors  Last Runtime    Last Run               Last # of DB Queries
-----------------------------------  -----  ---------  --------  ----------  --------------  -------------------  ----------------------
/opt/airflow/dags/transform_data.py    268  0.00s             1           0  0.06s           2025-12-19T02:27:38                      10
================================================================================
[2025-12-19T02:28:32.870+0000] {manager.py:821} INFO - Searching for files in /opt/airflow/dags
[2025-12-19T02:28:32.872+0000] {manager.py:824} INFO - There are 1 files in /opt/airflow/dags
[2025-12-19T02:28:38.903+0000] {manager.py:997} INFO - 
================================================================================
DAG File Processing Stats

File Path                              PID  Runtime      # DAGs    # Errors  Last Runtime    Last Run               Last # of DB Queries
-----------------------------------  -----  ---------  --------  ----------  --------------  -------------------  ----------------------
/opt/airflow/dags/transform_data.py    275  0.00s             1           0  0.06s           2025-12-19T02:28:08                      10
================================================================================
[2025-12-19T02:29:09.113+0000] {manager.py:997} INFO - 
================================================================================
DAG File Processing Stats

File Path                              PID  Runtime      # DAGs    # Errors  Last Runtime    Last Run               Last # of DB Queries
-----------------------------------  -----  ---------  --------  ----------  --------------  -------------------  ----------------------
/opt/airflow/dags/transform_data.py    282  0.01s             1           0  0.08s           2025-12-19T02:28:38                      10
================================================================================
[2025-12-19T02:29:39.338+0000] {manager.py:997} INFO - 
================================================================================
DAG File Processing Stats

File Path                              PID  Runtime      # DAGs    # Errors  Last Runtime    Last Run               Last # of DB Queries
-----------------------------------  -----  ---------  --------  ----------  --------------  -------------------  ----------------------
/opt/airflow/dags/transform_data.py    289  0.01s             1           0  0.07s           2025-12-19T02:29:09                      10
================================================================================
[2025-12-19T02:30:09.540+0000] {manager.py:997} INFO - 
================================================================================
DAG File Processing Stats

File Path                              PID  Runtime      # DAGs    # Errors  Last Runtime    Last Run               Last # of DB Queries
-----------------------------------  -----  ---------  --------  ----------  --------------  -------------------  ----------------------
/opt/airflow/dags/transform_data.py    296  0.01s             1           0  0.08s           2025-12-19T02:29:39                      10
================================================================================
[2025-12-19T02:30:39.732+0000] {manager.py:997} INFO - 
================================================================================
DAG File Processing Stats

File Path                              PID  Runtime      # DAGs    # Errors  Last Runtime    Last Run               Last # of DB Queries
-----------------------------------  -----  ---------  --------  ----------  --------------  -------------------  ----------------------
/opt/airflow/dags/transform_data.py    303  0.01s             1           0  0.10s           2025-12-19T02:30:09                      10
================================================================================
[2025-12-19T02:31:09.991+0000] {manager.py:997} INFO - 
================================================================================
DAG File Processing Stats

File Path                              PID  Runtime      # DAGs    # Errors  Last Runtime    Last Run               Last # of DB Queries
-----------------------------------  -----  ---------  --------  ----------  --------------  -------------------  ----------------------
/opt/airflow/dags/transform_data.py    310  0.01s             1           0  0.09s           2025-12-19T02:30:39                      10
================================================================================
[2025-12-19T02:31:40.191+0000] {manager.py:997} INFO - 
================================================================================
DAG File Processing Stats

File Path                              PID  Runtime      # DAGs    # Errors  Last Runtime    Last Run               Last # of DB Queries
-----------------------------------  -----  ---------  --------  ----------  --------------  -------------------  ----------------------
/opt/airflow/dags/transform_data.py    317  0.00s             1           0  0.08s           2025-12-19T02:31:10                      10
================================================================================
[2025-12-19T02:32:10.438+0000] {manager.py:997} INFO - 
================================================================================
DAG File Processing Stats

File Path                              PID  Runtime      # DAGs    # Errors  Last Runtime    Last Run               Last # of DB Queries
-----------------------------------  -----  ---------  --------  ----------  --------------  -------------------  ----------------------
/opt/airflow/dags/transform_data.py    324  0.01s             1           0  0.10s           2025-12-19T02:31:40                      10
================================================================================
[2025-12-19T02:32:40.631+0000] {manager.py:997} INFO - 
================================================================================
DAG File Processing Stats

File Path                              PID  Runtime      # DAGs    # Errors  Last Runtime    Last Run               Last # of DB Queries
-----------------------------------  -----  ---------  --------  ----------  --------------  -------------------  ----------------------
/opt/airflow/dags/transform_data.py    331  0.00s             1           0  0.14s           2025-12-19T02:32:10                      10
================================================================================
[2025-12-19T02:33:10.908+0000] {manager.py:997} INFO - 
================================================================================
DAG File Processing Stats

File Path                              PID  Runtime      # DAGs    # Errors  Last Runtime    Last Run               Last # of DB Queries
-----------------------------------  -----  ---------  --------  ----------  --------------  -------------------  ----------------------
/opt/airflow/dags/transform_data.py    338  0.01s             1           0  0.09s           2025-12-19T02:32:40                      10
================================================================================
[2025-12-19T02:33:33.055+0000] {manager.py:821} INFO - Searching for files in /opt/airflow/dags
[2025-12-19T02:33:33.057+0000] {manager.py:824} INFO - There are 1 files in /opt/airflow/dags
[2025-12-19T02:33:41.132+0000] {manager.py:997} INFO - 
================================================================================
DAG File Processing Stats

File Path                              PID  Runtime      # DAGs    # Errors  Last Runtime    Last Run               Last # of DB Queries
-----------------------------------  -----  ---------  --------  ----------  --------------  -------------------  ----------------------
/opt/airflow/dags/transform_data.py    345  0.00s             1           0  0.08s           2025-12-19T02:33:10                      10
================================================================================
[2025-12-19T02:34:11.368+0000] {manager.py:997} INFO - 
================================================================================
DAG File Processing Stats

File Path                            PID    Runtime      # DAGs    # Errors  Last Runtime    Last Run               Last # of DB Queries
-----------------------------------  -----  ---------  --------  ----------  --------------  -------------------  ----------------------
/opt/airflow/dags/transform_data.py                           1           0  0.06s           2025-12-19T02:34:01                      10
================================================================================
[2025-12-19T02:34:41.667+0000] {manager.py:997} INFO - 
================================================================================
DAG File Processing Stats

File Path                            PID    Runtime      # DAGs    # Errors  Last Runtime    Last Run               Last # of DB Queries
-----------------------------------  -----  ---------  --------  ----------  --------------  -------------------  ----------------------
/opt/airflow/dags/transform_data.py                           0           1  0.06s           2025-12-19T02:34:38                       3
================================================================================
[2025-12-19T02:35:02.246+0000] {manager.py:465} INFO - Exiting gracefully upon receiving signal 15
[2025-12-19T02:35:41.538+0000] {manager.py:483} INFO - Processing files using up to 2 processes at a time 
[2025-12-19T02:35:41.539+0000] {manager.py:484} INFO - Process each file at most once every 30 seconds
[2025-12-19T02:35:41.539+0000] {manager.py:485} INFO - Checking for new files in /opt/airflow/dags every 300 seconds
[2025-12-19T02:35:41.539+0000] {manager.py:821} INFO - Searching for files in /opt/airflow/dags
[2025-12-19T02:35:41.540+0000] {manager.py:824} INFO - There are 1 files in /opt/airflow/dags
[2025-12-19T02:35:41.605+0000] {manager.py:997} INFO - 
================================================================================
DAG File Processing Stats

File Path                              PID  Runtime      # DAGs    # Errors  Last Runtime    Last Run      Last # of DB Queries
-----------------------------------  -----  ---------  --------  ----------  --------------  ----------  ----------------------
/opt/airflow/dags/transform_data.py     58  0.01s             0           0                                                   0
================================================================================
[2025-12-19T02:36:11.745+0000] {manager.py:997} INFO - 
================================================================================
DAG File Processing Stats

File Path                              PID  Runtime      # DAGs    # Errors  Last Runtime    Last Run               Last # of DB Queries
-----------------------------------  -----  ---------  --------  ----------  --------------  -------------------  ----------------------
/opt/airflow/dags/transform_data.py     65  0.00s             1           0  0.07s           2025-12-19T02:35:41                      10
================================================================================
[2025-12-19T02:36:41.947+0000] {manager.py:997} INFO - 
================================================================================
DAG File Processing Stats

File Path                              PID  Runtime      # DAGs    # Errors  Last Runtime    Last Run               Last # of DB Queries
-----------------------------------  -----  ---------  --------  ----------  --------------  -------------------  ----------------------
/opt/airflow/dags/transform_data.py     72  0.00s             1           0  0.06s           2025-12-19T02:36:11                      10
================================================================================
[2025-12-19T02:37:12.123+0000] {manager.py:997} INFO - 
================================================================================
DAG File Processing Stats

File Path                              PID  Runtime      # DAGs    # Errors  Last Runtime    Last Run               Last # of DB Queries
-----------------------------------  -----  ---------  --------  ----------  --------------  -------------------  ----------------------
/opt/airflow/dags/transform_data.py     79  0.01s             1           0  0.08s           2025-12-19T02:36:42                      10
================================================================================
[2025-12-19T02:37:42.332+0000] {manager.py:997} INFO - 
================================================================================
DAG File Processing Stats

File Path                              PID  Runtime      # DAGs    # Errors  Last Runtime    Last Run               Last # of DB Queries
-----------------------------------  -----  ---------  --------  ----------  --------------  -------------------  ----------------------
/opt/airflow/dags/transform_data.py     86  0.00s             1           0  0.08s           2025-12-19T02:37:12                      10
================================================================================
[2025-12-19T02:38:12.515+0000] {manager.py:997} INFO - 
================================================================================
DAG File Processing Stats

File Path                              PID  Runtime      # DAGs    # Errors  Last Runtime    Last Run               Last # of DB Queries
-----------------------------------  -----  ---------  --------  ----------  --------------  -------------------  ----------------------
/opt/airflow/dags/transform_data.py     93  0.01s             1           0  0.09s           2025-12-19T02:37:42                      10
================================================================================
[2025-12-19T02:38:42.741+0000] {manager.py:997} INFO - 
================================================================================
DAG File Processing Stats

File Path                              PID  Runtime      # DAGs    # Errors  Last Runtime    Last Run               Last # of DB Queries
-----------------------------------  -----  ---------  --------  ----------  --------------  -------------------  ----------------------
/opt/airflow/dags/transform_data.py    100  0.00s             1           0  0.10s           2025-12-19T02:38:12                      10
================================================================================
[2025-12-19T02:39:12.955+0000] {manager.py:997} INFO - 
================================================================================
DAG File Processing Stats

File Path                              PID  Runtime      # DAGs    # Errors  Last Runtime    Last Run               Last # of DB Queries
-----------------------------------  -----  ---------  --------  ----------  --------------  -------------------  ----------------------
/opt/airflow/dags/transform_data.py    107  0.01s             1           0  0.07s           2025-12-19T02:38:42                      10
================================================================================
[2025-12-19T02:39:43.143+0000] {manager.py:997} INFO - 
================================================================================
DAG File Processing Stats

File Path                              PID  Runtime      # DAGs    # Errors  Last Runtime    Last Run               Last # of DB Queries
-----------------------------------  -----  ---------  --------  ----------  --------------  -------------------  ----------------------
/opt/airflow/dags/transform_data.py    114  0.00s             1           0  0.09s           2025-12-19T02:39:13                      10
================================================================================
[2025-12-19T02:40:13.383+0000] {manager.py:997} INFO - 
================================================================================
DAG File Processing Stats

File Path                              PID  Runtime      # DAGs    # Errors  Last Runtime    Last Run               Last # of DB Queries
-----------------------------------  -----  ---------  --------  ----------  --------------  -------------------  ----------------------
/opt/airflow/dags/transform_data.py    121  0.00s             1           0  0.06s           2025-12-19T02:39:43                      10
================================================================================
[2025-12-19T02:40:41.541+0000] {manager.py:821} INFO - Searching for files in /opt/airflow/dags
[2025-12-19T02:40:41.542+0000] {manager.py:824} INFO - There are 1 files in /opt/airflow/dags
[2025-12-19T02:40:43.567+0000] {manager.py:997} INFO - 
================================================================================
DAG File Processing Stats

File Path                              PID  Runtime      # DAGs    # Errors  Last Runtime    Last Run               Last # of DB Queries
-----------------------------------  -----  ---------  --------  ----------  --------------  -------------------  ----------------------
/opt/airflow/dags/transform_data.py    128  0.00s             1           0  0.08s           2025-12-19T02:40:13                      10
================================================================================
[2025-12-19T02:41:13.781+0000] {manager.py:997} INFO - 
================================================================================
DAG File Processing Stats

File Path                              PID  Runtime      # DAGs    # Errors  Last Runtime    Last Run               Last # of DB Queries
-----------------------------------  -----  ---------  --------  ----------  --------------  -------------------  ----------------------
/opt/airflow/dags/transform_data.py    135  0.00s             1           0  0.07s           2025-12-19T02:40:43                      10
================================================================================
[2025-12-19T02:41:43.990+0000] {manager.py:997} INFO - 
================================================================================
DAG File Processing Stats

File Path                              PID  Runtime      # DAGs    # Errors  Last Runtime    Last Run               Last # of DB Queries
-----------------------------------  -----  ---------  --------  ----------  --------------  -------------------  ----------------------
/opt/airflow/dags/transform_data.py    142  0.01s             1           0  0.09s           2025-12-19T02:41:13                      10
================================================================================
[2025-12-19T02:42:14.185+0000] {manager.py:997} INFO - 
================================================================================
DAG File Processing Stats

File Path                              PID  Runtime      # DAGs    # Errors  Last Runtime    Last Run               Last # of DB Queries
-----------------------------------  -----  ---------  --------  ----------  --------------  -------------------  ----------------------
/opt/airflow/dags/transform_data.py    149  0.00s             1           0  0.06s           2025-12-19T02:41:44                      10
================================================================================
[2025-12-19T02:42:44.403+0000] {manager.py:997} INFO - 
================================================================================
DAG File Processing Stats

File Path                              PID  Runtime      # DAGs    # Errors  Last Runtime    Last Run               Last # of DB Queries
-----------------------------------  -----  ---------  --------  ----------  --------------  -------------------  ----------------------
/opt/airflow/dags/transform_data.py    156  0.00s             1           0  0.09s           2025-12-19T02:42:14                      10
================================================================================
[2025-12-19T02:43:14.636+0000] {manager.py:997} INFO - 
================================================================================
DAG File Processing Stats

File Path                              PID  Runtime      # DAGs    # Errors  Last Runtime    Last Run               Last # of DB Queries
-----------------------------------  -----  ---------  --------  ----------  --------------  -------------------  ----------------------
/opt/airflow/dags/transform_data.py    163  0.00s             1           0  0.08s           2025-12-19T02:42:44                      10
================================================================================
[2025-12-19T02:43:44.853+0000] {manager.py:997} INFO - 
================================================================================
DAG File Processing Stats

File Path                              PID  Runtime      # DAGs    # Errors  Last Runtime    Last Run               Last # of DB Queries
-----------------------------------  -----  ---------  --------  ----------  --------------  -------------------  ----------------------
/opt/airflow/dags/transform_data.py    176  0.00s             1           0  0.06s           2025-12-19T02:43:14                      10
================================================================================
[2025-12-19T02:44:15.075+0000] {manager.py:997} INFO - 
================================================================================
DAG File Processing Stats

File Path                              PID  Runtime      # DAGs    # Errors  Last Runtime    Last Run               Last # of DB Queries
-----------------------------------  -----  ---------  --------  ----------  --------------  -------------------  ----------------------
/opt/airflow/dags/transform_data.py    183  0.00s             1           0  0.06s           2025-12-19T02:43:44                      10
================================================================================
[2025-12-19T02:44:45.308+0000] {manager.py:997} INFO - 
================================================================================
DAG File Processing Stats

File Path                              PID  Runtime      # DAGs    # Errors  Last Runtime    Last Run               Last # of DB Queries
-----------------------------------  -----  ---------  --------  ----------  --------------  -------------------  ----------------------
/opt/airflow/dags/transform_data.py    190  0.00s             1           0  0.07s           2025-12-19T02:44:15                      10
================================================================================
[2025-12-19T02:45:15.534+0000] {manager.py:997} INFO - 
================================================================================
DAG File Processing Stats

File Path                              PID  Runtime      # DAGs    # Errors  Last Runtime    Last Run               Last # of DB Queries
-----------------------------------  -----  ---------  --------  ----------  --------------  -------------------  ----------------------
/opt/airflow/dags/transform_data.py    197  0.00s             1           0  0.06s           2025-12-19T02:44:45                      10
================================================================================
[2025-12-19T02:45:41.712+0000] {manager.py:821} INFO - Searching for files in /opt/airflow/dags
[2025-12-19T02:45:41.713+0000] {manager.py:824} INFO - There are 1 files in /opt/airflow/dags
[2025-12-19T02:45:45.759+0000] {manager.py:997} INFO - 
================================================================================
DAG File Processing Stats

File Path                              PID  Runtime      # DAGs    # Errors  Last Runtime    Last Run               Last # of DB Queries
-----------------------------------  -----  ---------  --------  ----------  --------------  -------------------  ----------------------
/opt/airflow/dags/transform_data.py    204  0.00s             1           0  0.08s           2025-12-19T02:45:15                      10
================================================================================
[2025-12-19T02:46:15.993+0000] {manager.py:997} INFO - 
================================================================================
DAG File Processing Stats

File Path                              PID  Runtime      # DAGs    # Errors  Last Runtime    Last Run               Last # of DB Queries
-----------------------------------  -----  ---------  --------  ----------  --------------  -------------------  ----------------------
/opt/airflow/dags/transform_data.py    211  0.00s             1           0  0.07s           2025-12-19T02:45:45                      10
================================================================================
[2025-12-19T02:46:46.201+0000] {manager.py:997} INFO - 
================================================================================
DAG File Processing Stats

File Path                              PID  Runtime      # DAGs    # Errors  Last Runtime    Last Run               Last # of DB Queries
-----------------------------------  -----  ---------  --------  ----------  --------------  -------------------  ----------------------
/opt/airflow/dags/transform_data.py    218  0.00s             1           0  0.07s           2025-12-19T02:46:16                      10
================================================================================
[2025-12-19T02:47:16.425+0000] {manager.py:997} INFO - 
================================================================================
DAG File Processing Stats

File Path                              PID  Runtime      # DAGs    # Errors  Last Runtime    Last Run               Last # of DB Queries
-----------------------------------  -----  ---------  --------  ----------  --------------  -------------------  ----------------------
/opt/airflow/dags/transform_data.py    225  0.00s             1           0  0.07s           2025-12-19T02:46:46                      10
================================================================================
[2025-12-19T02:47:46.634+0000] {manager.py:997} INFO - 
================================================================================
DAG File Processing Stats

File Path                              PID  Runtime      # DAGs    # Errors  Last Runtime    Last Run               Last # of DB Queries
-----------------------------------  -----  ---------  --------  ----------  --------------  -------------------  ----------------------
/opt/airflow/dags/transform_data.py    232  0.01s             1           0  0.07s           2025-12-19T02:47:16                      10
================================================================================
[2025-12-19T02:48:16.861+0000] {manager.py:997} INFO - 
================================================================================
DAG File Processing Stats

File Path                              PID  Runtime      # DAGs    # Errors  Last Runtime    Last Run               Last # of DB Queries
-----------------------------------  -----  ---------  --------  ----------  --------------  -------------------  ----------------------
/opt/airflow/dags/transform_data.py    239  0.00s             1           0  0.10s           2025-12-19T02:47:46                      10
================================================================================
[2025-12-19T02:48:47.091+0000] {manager.py:997} INFO - 
================================================================================
DAG File Processing Stats

File Path                              PID  Runtime      # DAGs    # Errors  Last Runtime    Last Run               Last # of DB Queries
-----------------------------------  -----  ---------  --------  ----------  --------------  -------------------  ----------------------
/opt/airflow/dags/transform_data.py    246  0.00s             1           0  0.06s           2025-12-19T02:48:16                      10
================================================================================
[2025-12-19T02:49:17.308+0000] {manager.py:997} INFO - 
================================================================================
DAG File Processing Stats

File Path                              PID  Runtime      # DAGs    # Errors  Last Runtime    Last Run               Last # of DB Queries
-----------------------------------  -----  ---------  --------  ----------  --------------  -------------------  ----------------------
/opt/airflow/dags/transform_data.py    253  0.01s             1           0  0.10s           2025-12-19T02:48:47                      10
================================================================================
[2025-12-19T02:49:47.550+0000] {manager.py:997} INFO - 
================================================================================
DAG File Processing Stats

File Path                              PID  Runtime      # DAGs    # Errors  Last Runtime    Last Run               Last # of DB Queries
-----------------------------------  -----  ---------  --------  ----------  --------------  -------------------  ----------------------
/opt/airflow/dags/transform_data.py    260  0.00s             1           0  0.09s           2025-12-19T02:49:17                      10
================================================================================
[2025-12-19T02:50:17.761+0000] {manager.py:997} INFO - 
================================================================================
DAG File Processing Stats

File Path                              PID  Runtime      # DAGs    # Errors  Last Runtime    Last Run               Last # of DB Queries
-----------------------------------  -----  ---------  --------  ----------  --------------  -------------------  ----------------------
/opt/airflow/dags/transform_data.py    267  0.00s             1           0  0.09s           2025-12-19T02:49:47                      10
================================================================================
[2025-12-19T02:50:41.943+0000] {manager.py:821} INFO - Searching for files in /opt/airflow/dags
[2025-12-19T02:50:41.944+0000] {manager.py:824} INFO - There are 1 files in /opt/airflow/dags
[2025-12-19T02:50:48.002+0000] {manager.py:997} INFO - 
================================================================================
DAG File Processing Stats

File Path                              PID  Runtime      # DAGs    # Errors  Last Runtime    Last Run               Last # of DB Queries
-----------------------------------  -----  ---------  --------  ----------  --------------  -------------------  ----------------------
/opt/airflow/dags/transform_data.py    274  0.00s             1           0  0.07s           2025-12-19T02:50:17                      10
================================================================================
[2025-12-19T02:51:18.193+0000] {manager.py:997} INFO - 
================================================================================
DAG File Processing Stats

File Path                              PID  Runtime      # DAGs    # Errors  Last Runtime    Last Run               Last # of DB Queries
-----------------------------------  -----  ---------  --------  ----------  --------------  -------------------  ----------------------
/opt/airflow/dags/transform_data.py    281  0.01s             1           0  0.08s           2025-12-19T02:50:48                      10
================================================================================
[2025-12-19T02:51:48.422+0000] {manager.py:997} INFO - 
================================================================================
DAG File Processing Stats

File Path                              PID  Runtime      # DAGs    # Errors  Last Runtime    Last Run               Last # of DB Queries
-----------------------------------  -----  ---------  --------  ----------  --------------  -------------------  ----------------------
/opt/airflow/dags/transform_data.py    288  0.00s             1           0  0.12s           2025-12-19T02:51:18                      10
================================================================================
[2025-12-19T02:52:18.670+0000] {manager.py:997} INFO - 
================================================================================
DAG File Processing Stats

File Path                              PID  Runtime      # DAGs    # Errors  Last Runtime    Last Run               Last # of DB Queries
-----------------------------------  -----  ---------  --------  ----------  --------------  -------------------  ----------------------
/opt/airflow/dags/transform_data.py    295  0.00s             1           0  0.07s           2025-12-19T02:51:48                      10
================================================================================
[2025-12-19T02:52:48.875+0000] {manager.py:997} INFO - 
================================================================================
DAG File Processing Stats

File Path                              PID  Runtime      # DAGs    # Errors  Last Runtime    Last Run               Last # of DB Queries
-----------------------------------  -----  ---------  --------  ----------  --------------  -------------------  ----------------------
/opt/airflow/dags/transform_data.py    302  0.00s             1           0  0.09s           2025-12-19T02:52:18                      10
================================================================================
[2025-12-19T02:53:19.113+0000] {manager.py:997} INFO - 
================================================================================
DAG File Processing Stats

File Path                              PID  Runtime      # DAGs    # Errors  Last Runtime    Last Run               Last # of DB Queries
-----------------------------------  -----  ---------  --------  ----------  --------------  -------------------  ----------------------
/opt/airflow/dags/transform_data.py    309  0.00s             1           0  0.07s           2025-12-19T02:52:48                      10
================================================================================
[2025-12-19T02:53:49.334+0000] {manager.py:997} INFO - 
================================================================================
DAG File Processing Stats

File Path                              PID  Runtime      # DAGs    # Errors  Last Runtime    Last Run               Last # of DB Queries
-----------------------------------  -----  ---------  --------  ----------  --------------  -------------------  ----------------------
/opt/airflow/dags/transform_data.py    316  0.00s             1           0  0.08s           2025-12-19T02:53:19                      10
================================================================================
[2025-12-19T02:54:19.551+0000] {manager.py:997} INFO - 
================================================================================
DAG File Processing Stats

File Path                              PID  Runtime      # DAGs    # Errors  Last Runtime    Last Run               Last # of DB Queries
-----------------------------------  -----  ---------  --------  ----------  --------------  -------------------  ----------------------
/opt/airflow/dags/transform_data.py    323  0.00s             1           0  0.07s           2025-12-19T02:53:49                      10
================================================================================
[2025-12-19T02:54:49.762+0000] {manager.py:997} INFO - 
================================================================================
DAG File Processing Stats

File Path                              PID  Runtime      # DAGs    # Errors  Last Runtime    Last Run               Last # of DB Queries
-----------------------------------  -----  ---------  --------  ----------  --------------  -------------------  ----------------------
/opt/airflow/dags/transform_data.py    330  0.01s             1           0  0.06s           2025-12-19T02:54:19                      10
================================================================================
[2025-12-19T02:55:19.988+0000] {manager.py:997} INFO - 
================================================================================
DAG File Processing Stats

File Path                              PID  Runtime      # DAGs    # Errors  Last Runtime    Last Run               Last # of DB Queries
-----------------------------------  -----  ---------  --------  ----------  --------------  -------------------  ----------------------
/opt/airflow/dags/transform_data.py    337  0.01s             1           0  0.08s           2025-12-19T02:54:49                      10
================================================================================
[2025-12-19T02:55:42.133+0000] {manager.py:821} INFO - Searching for files in /opt/airflow/dags
[2025-12-19T02:55:42.136+0000] {manager.py:824} INFO - There are 1 files in /opt/airflow/dags
[2025-12-19T02:55:50.217+0000] {manager.py:997} INFO - 
================================================================================
DAG File Processing Stats

File Path                              PID  Runtime      # DAGs    # Errors  Last Runtime    Last Run               Last # of DB Queries
-----------------------------------  -----  ---------  --------  ----------  --------------  -------------------  ----------------------
/opt/airflow/dags/transform_data.py    344  0.01s             1           0  0.07s           2025-12-19T02:55:20                      10
================================================================================
[2025-12-19T02:56:20.438+0000] {manager.py:997} INFO - 
================================================================================
DAG File Processing Stats

File Path                              PID  Runtime      # DAGs    # Errors  Last Runtime    Last Run               Last # of DB Queries
-----------------------------------  -----  ---------  --------  ----------  --------------  -------------------  ----------------------
/opt/airflow/dags/transform_data.py    351  0.01s             1           0  0.10s           2025-12-19T02:55:50                      10
================================================================================
[2025-12-19T02:56:50.707+0000] {manager.py:997} INFO - 
================================================================================
DAG File Processing Stats

File Path                              PID  Runtime      # DAGs    # Errors  Last Runtime    Last Run               Last # of DB Queries
-----------------------------------  -----  ---------  --------  ----------  --------------  -------------------  ----------------------
/opt/airflow/dags/transform_data.py    358  0.00s             1           0  0.10s           2025-12-19T02:56:20                      10
================================================================================
[2025-12-19T03:32:39.346+0000] {manager.py:821} INFO - Searching for files in /opt/airflow/dags
[2025-12-19T03:32:39.347+0000] {manager.py:824} INFO - There are 1 files in /opt/airflow/dags
[2025-12-19T03:32:40.373+0000] {manager.py:997} INFO - 
================================================================================
DAG File Processing Stats

File Path                            PID    Runtime      # DAGs    # Errors  Last Runtime    Last Run               Last # of DB Queries
-----------------------------------  -----  ---------  --------  ----------  --------------  -------------------  ----------------------
/opt/airflow/dags/transform_data.py                           1           0  0.06s           2025-12-19T03:32:39                      10
================================================================================
[2025-12-19T03:33:10.655+0000] {manager.py:997} INFO - 
================================================================================
DAG File Processing Stats

File Path                            PID    Runtime      # DAGs    # Errors  Last Runtime    Last Run               Last # of DB Queries
-----------------------------------  -----  ---------  --------  ----------  --------------  -------------------  ----------------------
/opt/airflow/dags/transform_data.py                           1           0  0.06s           2025-12-19T03:33:06                      10
================================================================================
[2025-12-19T03:33:40.871+0000] {manager.py:997} INFO - 
================================================================================
DAG File Processing Stats

File Path                            PID    Runtime      # DAGs    # Errors  Last Runtime    Last Run               Last # of DB Queries
-----------------------------------  -----  ---------  --------  ----------  --------------  -------------------  ----------------------
/opt/airflow/dags/transform_data.py                           1           0  0.08s           2025-12-19T03:33:36                      10
================================================================================
[2025-12-19T03:34:11.055+0000] {manager.py:997} INFO - 
================================================================================
DAG File Processing Stats

File Path                            PID    Runtime      # DAGs    # Errors  Last Runtime    Last Run               Last # of DB Queries
-----------------------------------  -----  ---------  --------  ----------  --------------  -------------------  ----------------------
/opt/airflow/dags/transform_data.py                           1           0  0.11s           2025-12-19T03:34:07                      10
================================================================================
[2025-12-19T03:34:29.043+0000] {manager.py:465} INFO - Exiting gracefully upon receiving signal 15
[2025-12-19T03:35:09.319+0000] {manager.py:483} INFO - Processing files using up to 2 processes at a time 
[2025-12-19T03:35:09.322+0000] {manager.py:484} INFO - Process each file at most once every 30 seconds
[2025-12-19T03:35:09.322+0000] {manager.py:485} INFO - Checking for new files in /opt/airflow/dags every 300 seconds
[2025-12-19T03:35:09.322+0000] {manager.py:821} INFO - Searching for files in /opt/airflow/dags
[2025-12-19T03:35:09.323+0000] {manager.py:824} INFO - There are 1 files in /opt/airflow/dags
[2025-12-19T03:35:09.390+0000] {manager.py:997} INFO - 
================================================================================
DAG File Processing Stats

File Path                              PID  Runtime      # DAGs    # Errors  Last Runtime    Last Run      Last # of DB Queries
-----------------------------------  -----  ---------  --------  ----------  --------------  ----------  ----------------------
/opt/airflow/dags/transform_data.py     58  0.01s             0           0                                                   0
================================================================================
[2025-12-19T03:35:39.529+0000] {manager.py:997} INFO - 
================================================================================
DAG File Processing Stats

File Path                              PID  Runtime      # DAGs    # Errors  Last Runtime    Last Run               Last # of DB Queries
-----------------------------------  -----  ---------  --------  ----------  --------------  -------------------  ----------------------
/opt/airflow/dags/transform_data.py     65  0.00s             1           0  0.07s           2025-12-19T03:35:09                      10
================================================================================
[2025-12-19T03:36:09.709+0000] {manager.py:997} INFO - 
================================================================================
DAG File Processing Stats

File Path                              PID  Runtime      # DAGs    # Errors  Last Runtime    Last Run               Last # of DB Queries
-----------------------------------  -----  ---------  --------  ----------  --------------  -------------------  ----------------------
/opt/airflow/dags/transform_data.py     72  0.00s             1           0  0.06s           2025-12-19T03:35:39                      10
================================================================================
[2025-12-19T03:36:39.890+0000] {manager.py:997} INFO - 
================================================================================
DAG File Processing Stats

File Path                              PID  Runtime      # DAGs    # Errors  Last Runtime    Last Run               Last # of DB Queries
-----------------------------------  -----  ---------  --------  ----------  --------------  -------------------  ----------------------
/opt/airflow/dags/transform_data.py     79  0.01s             1           0  0.07s           2025-12-19T03:36:09                      10
================================================================================
[2025-12-19T03:37:10.109+0000] {manager.py:997} INFO - 
================================================================================
DAG File Processing Stats

File Path                              PID  Runtime      # DAGs    # Errors  Last Runtime    Last Run               Last # of DB Queries
-----------------------------------  -----  ---------  --------  ----------  --------------  -------------------  ----------------------
/opt/airflow/dags/transform_data.py     86  0.00s             1           0  0.13s           2025-12-19T03:36:40                      10
================================================================================
[2025-12-19T03:37:40.324+0000] {manager.py:997} INFO - 
================================================================================
DAG File Processing Stats

File Path                            PID    Runtime      # DAGs    # Errors  Last Runtime    Last Run               Last # of DB Queries
-----------------------------------  -----  ---------  --------  ----------  --------------  -------------------  ----------------------
/opt/airflow/dags/transform_data.py                           1           0  0.08s           2025-12-19T03:37:21                      10
================================================================================
[2025-12-19T03:37:53.182+0000] {manager.py:465} INFO - Exiting gracefully upon receiving signal 15
[2025-12-19T03:38:31.945+0000] {manager.py:483} INFO - Processing files using up to 2 processes at a time 
[2025-12-19T03:38:31.946+0000] {manager.py:484} INFO - Process each file at most once every 30 seconds
[2025-12-19T03:38:31.947+0000] {manager.py:485} INFO - Checking for new files in /opt/airflow/dags every 300 seconds
[2025-12-19T03:38:31.947+0000] {manager.py:821} INFO - Searching for files in /opt/airflow/dags
[2025-12-19T03:38:31.948+0000] {manager.py:824} INFO - There are 1 files in /opt/airflow/dags
[2025-12-19T03:38:32.029+0000] {manager.py:997} INFO - 
================================================================================
DAG File Processing Stats

File Path                              PID  Runtime      # DAGs    # Errors  Last Runtime    Last Run      Last # of DB Queries
-----------------------------------  -----  ---------  --------  ----------  --------------  ----------  ----------------------
/opt/airflow/dags/transform_data.py     58  0.02s             0           0                                                   0
================================================================================
[2025-12-19T03:39:02.192+0000] {manager.py:997} INFO - 
================================================================================
DAG File Processing Stats

File Path                              PID  Runtime      # DAGs    # Errors  Last Runtime    Last Run               Last # of DB Queries
-----------------------------------  -----  ---------  --------  ----------  --------------  -------------------  ----------------------
/opt/airflow/dags/transform_data.py     65  0.00s             1           0  0.12s           2025-12-19T03:38:32                      10
================================================================================
[2025-12-19T03:39:32.353+0000] {manager.py:997} INFO - 
================================================================================
DAG File Processing Stats

File Path                              PID  Runtime      # DAGs    # Errors  Last Runtime    Last Run               Last # of DB Queries
-----------------------------------  -----  ---------  --------  ----------  --------------  -------------------  ----------------------
/opt/airflow/dags/transform_data.py     71  0.00s             1           0  0.08s           2025-12-19T03:39:02                      10
================================================================================
[2025-12-19T03:40:02.552+0000] {manager.py:997} INFO - 
================================================================================
DAG File Processing Stats

File Path                              PID  Runtime      # DAGs    # Errors  Last Runtime    Last Run               Last # of DB Queries
-----------------------------------  -----  ---------  --------  ----------  --------------  -------------------  ----------------------
/opt/airflow/dags/transform_data.py     77  0.00s             1           0  0.08s           2025-12-19T03:39:32                      10
================================================================================
[2025-12-19T03:40:32.748+0000] {manager.py:997} INFO - 
================================================================================
DAG File Processing Stats

File Path                              PID  Runtime      # DAGs    # Errors  Last Runtime    Last Run               Last # of DB Queries
-----------------------------------  -----  ---------  --------  ----------  --------------  -------------------  ----------------------
/opt/airflow/dags/transform_data.py     84  0.01s             1           0  0.08s           2025-12-19T03:40:02                      10
================================================================================
[2025-12-19T03:41:02.968+0000] {manager.py:997} INFO - 
================================================================================
DAG File Processing Stats

File Path                              PID  Runtime      # DAGs    # Errors  Last Runtime    Last Run               Last # of DB Queries
-----------------------------------  -----  ---------  --------  ----------  --------------  -------------------  ----------------------
/opt/airflow/dags/transform_data.py     91  0.00s             1           0  0.08s           2025-12-19T03:40:32                      10
================================================================================
[2025-12-19T03:41:20.220+0000] {manager.py:465} INFO - Exiting gracefully upon receiving signal 15
[2025-12-19T03:41:56.701+0000] {manager.py:483} INFO - Processing files using up to 2 processes at a time 
[2025-12-19T03:41:56.702+0000] {manager.py:484} INFO - Process each file at most once every 30 seconds
[2025-12-19T03:41:56.702+0000] {manager.py:485} INFO - Checking for new files in /opt/airflow/dags every 300 seconds
[2025-12-19T03:41:56.702+0000] {manager.py:821} INFO - Searching for files in /opt/airflow/dags
[2025-12-19T03:41:56.703+0000] {manager.py:824} INFO - There are 1 files in /opt/airflow/dags
[2025-12-19T03:41:56.767+0000] {manager.py:997} INFO - 
================================================================================
DAG File Processing Stats

File Path                              PID  Runtime      # DAGs    # Errors  Last Runtime    Last Run      Last # of DB Queries
-----------------------------------  -----  ---------  --------  ----------  --------------  ----------  ----------------------
/opt/airflow/dags/transform_data.py     57  0.01s             0           0                                                   0
================================================================================
[2025-12-19T03:42:26.912+0000] {manager.py:997} INFO - 
================================================================================
DAG File Processing Stats

File Path                              PID  Runtime      # DAGs    # Errors  Last Runtime    Last Run               Last # of DB Queries
-----------------------------------  -----  ---------  --------  ----------  --------------  -------------------  ----------------------
/opt/airflow/dags/transform_data.py     64  0.00s             1           0  0.08s           2025-12-19T03:41:56                      10
================================================================================
[2025-12-19T03:42:57.093+0000] {manager.py:997} INFO - 
================================================================================
DAG File Processing Stats

File Path                              PID  Runtime      # DAGs    # Errors  Last Runtime    Last Run               Last # of DB Queries
-----------------------------------  -----  ---------  --------  ----------  --------------  -------------------  ----------------------
/opt/airflow/dags/transform_data.py     70  0.00s             1           0  0.07s           2025-12-19T03:42:26                      10
================================================================================
[2025-12-19T03:43:27.241+0000] {manager.py:997} INFO - 
================================================================================
DAG File Processing Stats

File Path                              PID  Runtime      # DAGs    # Errors  Last Runtime    Last Run               Last # of DB Queries
-----------------------------------  -----  ---------  --------  ----------  --------------  -------------------  ----------------------
/opt/airflow/dags/transform_data.py     77  0.00s             1           0  0.08s           2025-12-19T03:42:57                      10
================================================================================
[2025-12-19T03:43:57.469+0000] {manager.py:997} INFO - 
================================================================================
DAG File Processing Stats

File Path                              PID  Runtime      # DAGs    # Errors  Last Runtime    Last Run               Last # of DB Queries
-----------------------------------  -----  ---------  --------  ----------  --------------  -------------------  ----------------------
/opt/airflow/dags/transform_data.py     85  0.00s             1           0  0.06s           2025-12-19T03:43:27                      10
================================================================================
[2025-12-19T03:44:27.628+0000] {manager.py:997} INFO - 
================================================================================
DAG File Processing Stats

File Path                              PID  Runtime      # DAGs    # Errors  Last Runtime    Last Run               Last # of DB Queries
-----------------------------------  -----  ---------  --------  ----------  --------------  -------------------  ----------------------
/opt/airflow/dags/transform_data.py     92  0.00s             1           0  0.07s           2025-12-19T03:43:57                      10
================================================================================
[2025-12-19T03:44:57.845+0000] {manager.py:997} INFO - 
================================================================================
DAG File Processing Stats

File Path                              PID  Runtime      # DAGs    # Errors  Last Runtime    Last Run               Last # of DB Queries
-----------------------------------  -----  ---------  --------  ----------  --------------  -------------------  ----------------------
/opt/airflow/dags/transform_data.py     99  0.00s             1           0  0.05s           2025-12-19T03:44:27                      10
================================================================================
[2025-12-19T03:45:28.020+0000] {manager.py:997} INFO - 
================================================================================
DAG File Processing Stats

File Path                              PID  Runtime      # DAGs    # Errors  Last Runtime    Last Run               Last # of DB Queries
-----------------------------------  -----  ---------  --------  ----------  --------------  -------------------  ----------------------
/opt/airflow/dags/transform_data.py    106  0.00s             1           0  0.07s           2025-12-19T03:44:57                      10
================================================================================
[2025-12-19T03:45:58.203+0000] {manager.py:997} INFO - 
================================================================================
DAG File Processing Stats

File Path                              PID  Runtime      # DAGs    # Errors  Last Runtime    Last Run               Last # of DB Queries
-----------------------------------  -----  ---------  --------  ----------  --------------  -------------------  ----------------------
/opt/airflow/dags/transform_data.py    113  0.00s             1           0  0.08s           2025-12-19T03:45:28                      10
================================================================================
[2025-12-19T03:46:28.439+0000] {manager.py:997} INFO - 
================================================================================
DAG File Processing Stats

File Path                              PID  Runtime      # DAGs    # Errors  Last Runtime    Last Run               Last # of DB Queries
-----------------------------------  -----  ---------  --------  ----------  --------------  -------------------  ----------------------
/opt/airflow/dags/transform_data.py    120  0.01s             1           0  0.06s           2025-12-19T03:45:58                      10
================================================================================
[2025-12-19T03:46:57.594+0000] {manager.py:821} INFO - Searching for files in /opt/airflow/dags
[2025-12-19T03:46:57.595+0000] {manager.py:824} INFO - There are 1 files in /opt/airflow/dags
[2025-12-19T03:46:58.611+0000] {manager.py:997} INFO - 
================================================================================
DAG File Processing Stats

File Path                              PID  Runtime      # DAGs    # Errors  Last Runtime    Last Run               Last # of DB Queries
-----------------------------------  -----  ---------  --------  ----------  --------------  -------------------  ----------------------
/opt/airflow/dags/transform_data.py    127  0.00s             1           0  0.11s           2025-12-19T03:46:28                      10
================================================================================
[2025-12-19T03:47:28.788+0000] {manager.py:997} INFO - 
================================================================================
DAG File Processing Stats

File Path                              PID  Runtime      # DAGs    # Errors  Last Runtime    Last Run               Last # of DB Queries
-----------------------------------  -----  ---------  --------  ----------  --------------  -------------------  ----------------------
/opt/airflow/dags/transform_data.py    134  0.00s             1           0  0.06s           2025-12-19T03:46:58                      10
================================================================================
[2025-12-19T03:47:59.004+0000] {manager.py:997} INFO - 
================================================================================
DAG File Processing Stats

File Path                              PID  Runtime      # DAGs    # Errors  Last Runtime    Last Run               Last # of DB Queries
-----------------------------------  -----  ---------  --------  ----------  --------------  -------------------  ----------------------
/opt/airflow/dags/transform_data.py    141  0.01s             1           0  0.06s           2025-12-19T03:47:28                      10
================================================================================
[2025-12-19T03:48:29.217+0000] {manager.py:997} INFO - 
================================================================================
DAG File Processing Stats

File Path                              PID  Runtime      # DAGs    # Errors  Last Runtime    Last Run               Last # of DB Queries
-----------------------------------  -----  ---------  --------  ----------  --------------  -------------------  ----------------------
/opt/airflow/dags/transform_data.py    148  0.00s             1           0  0.10s           2025-12-19T03:47:59                      10
================================================================================
[2025-12-19T03:48:59.414+0000] {manager.py:997} INFO - 
================================================================================
DAG File Processing Stats

File Path                              PID  Runtime      # DAGs    # Errors  Last Runtime    Last Run               Last # of DB Queries
-----------------------------------  -----  ---------  --------  ----------  --------------  -------------------  ----------------------
/opt/airflow/dags/transform_data.py    155  0.00s             1           0  0.09s           2025-12-19T03:48:29                      10
================================================================================
[2025-12-19T03:49:29.615+0000] {manager.py:997} INFO - 
================================================================================
DAG File Processing Stats

File Path                              PID  Runtime      # DAGs    # Errors  Last Runtime    Last Run               Last # of DB Queries
-----------------------------------  -----  ---------  --------  ----------  --------------  -------------------  ----------------------
/opt/airflow/dags/transform_data.py    162  0.01s             1           0  0.06s           2025-12-19T03:48:59                      10
================================================================================
[2025-12-19T03:49:39.279+0000] {manager.py:465} INFO - Exiting gracefully upon receiving signal 15
[2025-12-19T04:24:25.434+0000] {manager.py:483} INFO - Processing files using up to 2 processes at a time 
[2025-12-19T04:24:25.435+0000] {manager.py:484} INFO - Process each file at most once every 30 seconds
[2025-12-19T04:24:25.436+0000] {manager.py:485} INFO - Checking for new files in /opt/airflow/dags every 300 seconds
[2025-12-19T04:24:25.436+0000] {manager.py:821} INFO - Searching for files in /opt/airflow/dags
[2025-12-19T04:24:25.438+0000] {manager.py:824} INFO - There are 1 files in /opt/airflow/dags
[2025-12-19T04:24:25.642+0000] {manager.py:997} INFO - 
================================================================================
DAG File Processing Stats

File Path                              PID  Runtime      # DAGs    # Errors  Last Runtime    Last Run      Last # of DB Queries
-----------------------------------  -----  ---------  --------  ----------  --------------  ----------  ----------------------
/opt/airflow/dags/transform_data.py     81  0.03s             0           0                                                   0
================================================================================
[2025-12-19T04:24:55.908+0000] {manager.py:997} INFO - 
================================================================================
DAG File Processing Stats

File Path                              PID  Runtime      # DAGs    # Errors  Last Runtime    Last Run               Last # of DB Queries
-----------------------------------  -----  ---------  --------  ----------  --------------  -------------------  ----------------------
/opt/airflow/dags/transform_data.py     88  0.01s             1           0  0.23s           2025-12-19T04:24:25                      10
================================================================================
[2025-12-19T04:25:26.335+0000] {manager.py:997} INFO - 
================================================================================
DAG File Processing Stats

File Path                              PID  Runtime      # DAGs    # Errors  Last Runtime    Last Run               Last # of DB Queries
-----------------------------------  -----  ---------  --------  ----------  --------------  -------------------  ----------------------
/opt/airflow/dags/transform_data.py     95  0.01s             1           0  0.23s           2025-12-19T04:24:56                      10
================================================================================
[2025-12-19T04:25:56.601+0000] {manager.py:997} INFO - 
================================================================================
DAG File Processing Stats

File Path                              PID  Runtime      # DAGs    # Errors  Last Runtime    Last Run               Last # of DB Queries
-----------------------------------  -----  ---------  --------  ----------  --------------  -------------------  ----------------------
/opt/airflow/dags/transform_data.py    102  0.01s             1           0  0.13s           2025-12-19T04:25:26                      10
================================================================================
[2025-12-19T04:26:26.915+0000] {manager.py:997} INFO - 
================================================================================
DAG File Processing Stats

File Path                              PID  Runtime      # DAGs    # Errors  Last Runtime    Last Run               Last # of DB Queries
-----------------------------------  -----  ---------  --------  ----------  --------------  -------------------  ----------------------
/opt/airflow/dags/transform_data.py    109  0.01s             1           0  0.19s           2025-12-19T04:25:56                      10
================================================================================
[2025-12-19T04:26:57.207+0000] {manager.py:997} INFO - 
================================================================================
DAG File Processing Stats

File Path                              PID  Runtime      # DAGs    # Errors  Last Runtime    Last Run               Last # of DB Queries
-----------------------------------  -----  ---------  --------  ----------  --------------  -------------------  ----------------------
/opt/airflow/dags/transform_data.py    116  0.01s             1           0  0.23s           2025-12-19T04:26:27                      10
================================================================================
[2025-12-19T04:27:27.478+0000] {manager.py:997} INFO - 
================================================================================
DAG File Processing Stats

File Path                              PID  Runtime      # DAGs    # Errors  Last Runtime    Last Run               Last # of DB Queries
-----------------------------------  -----  ---------  --------  ----------  --------------  -------------------  ----------------------
/opt/airflow/dags/transform_data.py    123  0.01s             1           0  0.13s           2025-12-19T04:26:57                      10
================================================================================
[2025-12-19T04:27:57.796+0000] {manager.py:997} INFO - 
================================================================================
DAG File Processing Stats

File Path                              PID  Runtime      # DAGs    # Errors  Last Runtime    Last Run               Last # of DB Queries
-----------------------------------  -----  ---------  --------  ----------  --------------  -------------------  ----------------------
/opt/airflow/dags/transform_data.py    130  0.01s             1           0  0.17s           2025-12-19T04:27:27                      10
================================================================================
[2025-12-19T04:28:28.083+0000] {manager.py:997} INFO - 
================================================================================
DAG File Processing Stats

File Path                              PID  Runtime      # DAGs    # Errors  Last Runtime    Last Run               Last # of DB Queries
-----------------------------------  -----  ---------  --------  ----------  --------------  -------------------  ----------------------
/opt/airflow/dags/transform_data.py    137  0.01s             1           0  0.17s           2025-12-19T04:27:57                      10
================================================================================
[2025-12-19T04:28:58.439+0000] {manager.py:997} INFO - 
================================================================================
DAG File Processing Stats

File Path                              PID  Runtime      # DAGs    # Errors  Last Runtime    Last Run               Last # of DB Queries
-----------------------------------  -----  ---------  --------  ----------  --------------  -------------------  ----------------------
/opt/airflow/dags/transform_data.py    144  0.01s             1           0  0.21s           2025-12-19T04:28:28                      10
================================================================================
[2025-12-19T04:29:25.680+0000] {manager.py:821} INFO - Searching for files in /opt/airflow/dags
[2025-12-19T04:29:25.682+0000] {manager.py:824} INFO - There are 1 files in /opt/airflow/dags
[2025-12-19T04:29:28.725+0000] {manager.py:997} INFO - 
================================================================================
DAG File Processing Stats

File Path                              PID  Runtime      # DAGs    # Errors  Last Runtime    Last Run               Last # of DB Queries
-----------------------------------  -----  ---------  --------  ----------  --------------  -------------------  ----------------------
/opt/airflow/dags/transform_data.py    151  0.01s             1           0  0.11s           2025-12-19T04:28:58                      10
================================================================================
[2025-12-19T04:29:58.952+0000] {manager.py:997} INFO - 
================================================================================
DAG File Processing Stats

File Path                              PID  Runtime      # DAGs    # Errors  Last Runtime    Last Run               Last # of DB Queries
-----------------------------------  -----  ---------  --------  ----------  --------------  -------------------  ----------------------
/opt/airflow/dags/transform_data.py    158  0.00s             1           0  0.13s           2025-12-19T04:29:28                      10
================================================================================
[2025-12-19T04:30:29.263+0000] {manager.py:997} INFO - 
================================================================================
DAG File Processing Stats

File Path                              PID  Runtime      # DAGs    # Errors  Last Runtime    Last Run               Last # of DB Queries
-----------------------------------  -----  ---------  --------  ----------  --------------  -------------------  ----------------------
/opt/airflow/dags/transform_data.py    165  0.01s             1           0  0.11s           2025-12-19T04:29:59                      10
================================================================================
[2025-12-19T04:30:59.514+0000] {manager.py:997} INFO - 
================================================================================
DAG File Processing Stats

File Path                              PID  Runtime      # DAGs    # Errors  Last Runtime    Last Run               Last # of DB Queries
-----------------------------------  -----  ---------  --------  ----------  --------------  -------------------  ----------------------
/opt/airflow/dags/transform_data.py    172  0.01s             1           0  0.14s           2025-12-19T04:30:29                      10
================================================================================
[2025-12-19T04:31:29.810+0000] {manager.py:997} INFO - 
================================================================================
DAG File Processing Stats

File Path                              PID  Runtime      # DAGs    # Errors  Last Runtime    Last Run               Last # of DB Queries
-----------------------------------  -----  ---------  --------  ----------  --------------  -------------------  ----------------------
/opt/airflow/dags/transform_data.py    179  0.01s             1           0  0.20s           2025-12-19T04:30:59                      10
================================================================================
[2025-12-19T04:32:00.130+0000] {manager.py:997} INFO - 
================================================================================
DAG File Processing Stats

File Path                              PID  Runtime      # DAGs    # Errors  Last Runtime    Last Run               Last # of DB Queries
-----------------------------------  -----  ---------  --------  ----------  --------------  -------------------  ----------------------
/opt/airflow/dags/transform_data.py    186  0.01s             1           0  0.13s           2025-12-19T04:31:29                      10
================================================================================
[2025-12-19T04:32:30.381+0000] {manager.py:997} INFO - 
================================================================================
DAG File Processing Stats

File Path                              PID  Runtime      # DAGs    # Errors  Last Runtime    Last Run               Last # of DB Queries
-----------------------------------  -----  ---------  --------  ----------  --------------  -------------------  ----------------------
/opt/airflow/dags/transform_data.py    194  0.01s             1           0  0.17s           2025-12-19T04:32:00                      10
================================================================================
[2025-12-19T04:33:00.618+0000] {manager.py:997} INFO - 
================================================================================
DAG File Processing Stats

File Path                              PID  Runtime      # DAGs    # Errors  Last Runtime    Last Run               Last # of DB Queries
-----------------------------------  -----  ---------  --------  ----------  --------------  -------------------  ----------------------
/opt/airflow/dags/transform_data.py    201  0.01s             1           0  0.12s           2025-12-19T04:32:30                      10
================================================================================
[2025-12-19T04:33:31.002+0000] {manager.py:997} INFO - 
================================================================================
DAG File Processing Stats

File Path                              PID  Runtime      # DAGs    # Errors  Last Runtime    Last Run               Last # of DB Queries
-----------------------------------  -----  ---------  --------  ----------  --------------  -------------------  ----------------------
/opt/airflow/dags/transform_data.py    208  0.01s             1           0  0.22s           2025-12-19T04:33:00                      10
================================================================================
[2025-12-19T04:34:01.324+0000] {manager.py:997} INFO - 
================================================================================
DAG File Processing Stats

File Path                              PID  Runtime      # DAGs    # Errors  Last Runtime    Last Run               Last # of DB Queries
-----------------------------------  -----  ---------  --------  ----------  --------------  -------------------  ----------------------
/opt/airflow/dags/transform_data.py    215  0.01s             1           0  0.24s           2025-12-19T04:33:31                      10
================================================================================
[2025-12-19T04:34:25.702+0000] {manager.py:821} INFO - Searching for files in /opt/airflow/dags
[2025-12-19T04:34:25.704+0000] {manager.py:824} INFO - There are 1 files in /opt/airflow/dags
[2025-12-19T04:34:31.718+0000] {manager.py:997} INFO - 
================================================================================
DAG File Processing Stats

File Path                              PID  Runtime      # DAGs    # Errors  Last Runtime    Last Run               Last # of DB Queries
-----------------------------------  -----  ---------  --------  ----------  --------------  -------------------  ----------------------
/opt/airflow/dags/transform_data.py    222  0.01s             1           0  0.21s           2025-12-19T04:34:01                      10
================================================================================
[2025-12-19T04:35:02.003+0000] {manager.py:997} INFO - 
================================================================================
DAG File Processing Stats

File Path                              PID  Runtime      # DAGs    # Errors  Last Runtime    Last Run               Last # of DB Queries
-----------------------------------  -----  ---------  --------  ----------  --------------  -------------------  ----------------------
/opt/airflow/dags/transform_data.py    229  0.01s             1           0  0.13s           2025-12-19T04:34:31                      10
================================================================================
[2025-12-19T04:35:32.305+0000] {manager.py:997} INFO - 
================================================================================
DAG File Processing Stats

File Path                              PID  Runtime      # DAGs    # Errors  Last Runtime    Last Run               Last # of DB Queries
-----------------------------------  -----  ---------  --------  ----------  --------------  -------------------  ----------------------
/opt/airflow/dags/transform_data.py    236  0.01s             1           0  0.16s           2025-12-19T04:35:02                      10
================================================================================
[2025-12-19T04:36:02.653+0000] {manager.py:997} INFO - 
================================================================================
DAG File Processing Stats

File Path                              PID  Runtime      # DAGs    # Errors  Last Runtime    Last Run               Last # of DB Queries
-----------------------------------  -----  ---------  --------  ----------  --------------  -------------------  ----------------------
/opt/airflow/dags/transform_data.py    243  0.01s             1           0  0.24s           2025-12-19T04:35:32                      10
================================================================================
[2025-12-19T04:36:33.032+0000] {manager.py:997} INFO - 
================================================================================
DAG File Processing Stats

File Path                              PID  Runtime      # DAGs    # Errors  Last Runtime    Last Run               Last # of DB Queries
-----------------------------------  -----  ---------  --------  ----------  --------------  -------------------  ----------------------
/opt/airflow/dags/transform_data.py    249  0.01s             1           0  0.25s           2025-12-19T04:36:02                      10
================================================================================
[2025-12-19T04:37:03.396+0000] {manager.py:997} INFO - 
================================================================================
DAG File Processing Stats

File Path                              PID  Runtime      # DAGs    # Errors  Last Runtime    Last Run               Last # of DB Queries
-----------------------------------  -----  ---------  --------  ----------  --------------  -------------------  ----------------------
/opt/airflow/dags/transform_data.py    256  0.01s             1           0  0.24s           2025-12-19T04:36:33                      10
================================================================================
[2025-12-19T04:37:33.770+0000] {manager.py:997} INFO - 
================================================================================
DAG File Processing Stats

File Path                              PID  Runtime      # DAGs    # Errors  Last Runtime    Last Run               Last # of DB Queries
-----------------------------------  -----  ---------  --------  ----------  --------------  -------------------  ----------------------
/opt/airflow/dags/transform_data.py    263  0.01s             1           0  0.25s           2025-12-19T04:37:03                      10
================================================================================
[2025-12-19T04:38:04.122+0000] {manager.py:997} INFO - 
================================================================================
DAG File Processing Stats

File Path                              PID  Runtime      # DAGs    # Errors  Last Runtime    Last Run               Last # of DB Queries
-----------------------------------  -----  ---------  --------  ----------  --------------  -------------------  ----------------------
/opt/airflow/dags/transform_data.py    270  0.02s             1           0  0.26s           2025-12-19T04:37:34                      10
================================================================================
[2025-12-19T04:38:34.473+0000] {manager.py:997} INFO - 
================================================================================
DAG File Processing Stats

File Path                              PID  Runtime      # DAGs    # Errors  Last Runtime    Last Run               Last # of DB Queries
-----------------------------------  -----  ---------  --------  ----------  --------------  -------------------  ----------------------
/opt/airflow/dags/transform_data.py    277  0.01s             1           0  0.19s           2025-12-19T04:38:04                      10
================================================================================
[2025-12-19T04:39:04.740+0000] {manager.py:997} INFO - 
================================================================================
DAG File Processing Stats

File Path                              PID  Runtime      # DAGs    # Errors  Last Runtime    Last Run               Last # of DB Queries
-----------------------------------  -----  ---------  --------  ----------  --------------  -------------------  ----------------------
/opt/airflow/dags/transform_data.py    284  0.01s             1           0  0.17s           2025-12-19T04:38:34                      10
================================================================================
[2025-12-19T04:39:26.076+0000] {manager.py:821} INFO - Searching for files in /opt/airflow/dags
[2025-12-19T04:39:26.080+0000] {manager.py:824} INFO - There are 1 files in /opt/airflow/dags
[2025-12-19T04:39:35.208+0000] {manager.py:997} INFO - 
================================================================================
DAG File Processing Stats

File Path                              PID  Runtime      # DAGs    # Errors  Last Runtime    Last Run               Last # of DB Queries
-----------------------------------  -----  ---------  --------  ----------  --------------  -------------------  ----------------------
/opt/airflow/dags/transform_data.py    291  0.01s             1           0  0.19s           2025-12-19T04:39:04                      10
================================================================================
[2025-12-19T04:40:05.498+0000] {manager.py:997} INFO - 
================================================================================
DAG File Processing Stats

File Path                              PID  Runtime      # DAGs    # Errors  Last Runtime    Last Run               Last # of DB Queries
-----------------------------------  -----  ---------  --------  ----------  --------------  -------------------  ----------------------
/opt/airflow/dags/transform_data.py    298  0.01s             1           0  0.14s           2025-12-19T04:39:35                      10
================================================================================
[2025-12-19T04:40:35.854+0000] {manager.py:997} INFO - 
================================================================================
DAG File Processing Stats

File Path                              PID  Runtime      # DAGs    # Errors  Last Runtime    Last Run               Last # of DB Queries
-----------------------------------  -----  ---------  --------  ----------  --------------  -------------------  ----------------------
/opt/airflow/dags/transform_data.py    305  0.01s             1           0  0.14s           2025-12-19T04:40:05                      10
================================================================================
[2025-12-19T04:41:06.094+0000] {manager.py:997} INFO - 
================================================================================
DAG File Processing Stats

File Path                              PID  Runtime      # DAGs    # Errors  Last Runtime    Last Run               Last # of DB Queries
-----------------------------------  -----  ---------  --------  ----------  --------------  -------------------  ----------------------
/opt/airflow/dags/transform_data.py    312  0.01s             1           0  0.14s           2025-12-19T04:40:35                      10
================================================================================
[2025-12-19T04:41:36.478+0000] {manager.py:997} INFO - 
================================================================================
DAG File Processing Stats

File Path                              PID  Runtime      # DAGs    # Errors  Last Runtime    Last Run               Last # of DB Queries
-----------------------------------  -----  ---------  --------  ----------  --------------  -------------------  ----------------------
/opt/airflow/dags/transform_data.py    319  0.01s             1           0  0.18s           2025-12-19T04:41:06                      10
================================================================================
[2025-12-19T04:42:06.795+0000] {manager.py:997} INFO - 
================================================================================
DAG File Processing Stats

File Path                              PID  Runtime      # DAGs    # Errors  Last Runtime    Last Run               Last # of DB Queries
-----------------------------------  -----  ---------  --------  ----------  --------------  -------------------  ----------------------
/opt/airflow/dags/transform_data.py    327  0.01s             1           0  0.13s           2025-12-19T04:41:36                      10
================================================================================
[2025-12-19T04:42:37.101+0000] {manager.py:997} INFO - 
================================================================================
DAG File Processing Stats

File Path                              PID  Runtime      # DAGs    # Errors  Last Runtime    Last Run               Last # of DB Queries
-----------------------------------  -----  ---------  --------  ----------  --------------  -------------------  ----------------------
/opt/airflow/dags/transform_data.py    334  0.01s             1           0  0.25s           2025-12-19T04:42:07                      10
================================================================================
[2025-12-19T04:43:07.521+0000] {manager.py:997} INFO - 
================================================================================
DAG File Processing Stats

File Path                              PID  Runtime      # DAGs    # Errors  Last Runtime    Last Run               Last # of DB Queries
-----------------------------------  -----  ---------  --------  ----------  --------------  -------------------  ----------------------
/opt/airflow/dags/transform_data.py    341  0.01s             1           0  0.23s           2025-12-19T04:42:37                      10
================================================================================
[2025-12-19T04:43:37.762+0000] {manager.py:997} INFO - 
================================================================================
DAG File Processing Stats

File Path                              PID  Runtime      # DAGs    # Errors  Last Runtime    Last Run               Last # of DB Queries
-----------------------------------  -----  ---------  --------  ----------  --------------  -------------------  ----------------------
/opt/airflow/dags/transform_data.py    348  0.01s             1           0  0.14s           2025-12-19T04:43:07                      10
================================================================================
[2025-12-19T04:44:08.084+0000] {manager.py:997} INFO - 
================================================================================
DAG File Processing Stats

File Path                              PID  Runtime      # DAGs    # Errors  Last Runtime    Last Run               Last # of DB Queries
-----------------------------------  -----  ---------  --------  ----------  --------------  -------------------  ----------------------
/opt/airflow/dags/transform_data.py    355  0.01s             1           0  0.13s           2025-12-19T04:43:37                      10
================================================================================
[2025-12-19T04:44:26.183+0000] {manager.py:821} INFO - Searching for files in /opt/airflow/dags
[2025-12-19T04:44:26.184+0000] {manager.py:824} INFO - There are 1 files in /opt/airflow/dags
[2025-12-19T04:44:38.253+0000] {manager.py:997} INFO - 
================================================================================
DAG File Processing Stats

File Path                            PID    Runtime      # DAGs    # Errors  Last Runtime    Last Run               Last # of DB Queries
-----------------------------------  -----  ---------  --------  ----------  --------------  -------------------  ----------------------
/opt/airflow/dags/transform_data.py                           1           0  0.19s           2025-12-19T04:44:08                      10
================================================================================
[2025-12-19T04:45:08.596+0000] {manager.py:997} INFO - 
================================================================================
DAG File Processing Stats

File Path                              PID  Runtime      # DAGs    # Errors  Last Runtime    Last Run               Last # of DB Queries
-----------------------------------  -----  ---------  --------  ----------  --------------  -------------------  ----------------------
/opt/airflow/dags/transform_data.py    369  0.00s             1           0  0.12s           2025-12-19T04:44:38                      10
================================================================================
[2025-12-19T04:45:38.753+0000] {manager.py:997} INFO - 
================================================================================
DAG File Processing Stats

File Path                              PID  Runtime      # DAGs    # Errors  Last Runtime    Last Run               Last # of DB Queries
-----------------------------------  -----  ---------  --------  ----------  --------------  -------------------  ----------------------
/opt/airflow/dags/transform_data.py    376  0.00s             1           0  0.07s           2025-12-19T04:45:08                      10
================================================================================
[2025-12-19T04:46:08.902+0000] {manager.py:997} INFO - 
================================================================================
DAG File Processing Stats

File Path                              PID  Runtime      # DAGs    # Errors  Last Runtime    Last Run               Last # of DB Queries
-----------------------------------  -----  ---------  --------  ----------  --------------  -------------------  ----------------------
/opt/airflow/dags/transform_data.py    383  0.00s             1           0  0.07s           2025-12-19T04:45:38                      10
================================================================================
[2025-12-19T04:46:39.077+0000] {manager.py:997} INFO - 
================================================================================
DAG File Processing Stats

File Path                              PID  Runtime      # DAGs    # Errors  Last Runtime    Last Run               Last # of DB Queries
-----------------------------------  -----  ---------  --------  ----------  --------------  -------------------  ----------------------
/opt/airflow/dags/transform_data.py    390  0.01s             1           0  0.06s           2025-12-19T04:46:08                      10
================================================================================
[2025-12-19T04:47:09.256+0000] {manager.py:997} INFO - 
================================================================================
DAG File Processing Stats

File Path                              PID  Runtime      # DAGs    # Errors  Last Runtime    Last Run               Last # of DB Queries
-----------------------------------  -----  ---------  --------  ----------  --------------  -------------------  ----------------------
/opt/airflow/dags/transform_data.py    397  0.01s             1           0  0.09s           2025-12-19T04:46:39                      10
================================================================================
[2025-12-19T04:47:10.675+0000] {manager.py:465} INFO - Exiting gracefully upon receiving signal 15
[2025-12-19T07:13:23.256+0000] {manager.py:483} INFO - Processing files using up to 2 processes at a time 
[2025-12-19T07:13:23.257+0000] {manager.py:484} INFO - Process each file at most once every 30 seconds
[2025-12-19T07:13:23.257+0000] {manager.py:485} INFO - Checking for new files in /opt/airflow/dags every 300 seconds
[2025-12-19T07:13:23.257+0000] {manager.py:821} INFO - Searching for files in /opt/airflow/dags
[2025-12-19T07:13:23.258+0000] {manager.py:824} INFO - There are 1 files in /opt/airflow/dags
[2025-12-19T07:13:23.332+0000] {manager.py:997} INFO - 
================================================================================
DAG File Processing Stats

File Path                              PID  Runtime      # DAGs    # Errors  Last Runtime    Last Run      Last # of DB Queries
-----------------------------------  -----  ---------  --------  ----------  --------------  ----------  ----------------------
/opt/airflow/dags/transform_data.py     58  0.01s             0           0                                                   0
================================================================================
[2025-12-19T07:13:53.486+0000] {manager.py:997} INFO - 
================================================================================
DAG File Processing Stats

File Path                              PID  Runtime      # DAGs    # Errors  Last Runtime    Last Run               Last # of DB Queries
-----------------------------------  -----  ---------  --------  ----------  --------------  -------------------  ----------------------
/opt/airflow/dags/transform_data.py     65  0.00s             1           0  0.08s           2025-12-19T07:13:23                      10
================================================================================
[2025-12-19T07:14:23.683+0000] {manager.py:997} INFO - 
================================================================================
DAG File Processing Stats

File Path                              PID  Runtime      # DAGs    # Errors  Last Runtime    Last Run               Last # of DB Queries
-----------------------------------  -----  ---------  --------  ----------  --------------  -------------------  ----------------------
/opt/airflow/dags/transform_data.py     72  0.00s             1           0  0.06s           2025-12-19T07:13:53                      10
================================================================================
[2025-12-19T07:14:53.827+0000] {manager.py:997} INFO - 
================================================================================
DAG File Processing Stats

File Path                              PID  Runtime      # DAGs    # Errors  Last Runtime    Last Run               Last # of DB Queries
-----------------------------------  -----  ---------  --------  ----------  --------------  -------------------  ----------------------
/opt/airflow/dags/transform_data.py     79  0.00s             1           0  0.09s           2025-12-19T07:14:23                      10
================================================================================
[2025-12-19T07:15:24.050+0000] {manager.py:997} INFO - 
================================================================================
DAG File Processing Stats

File Path                              PID  Runtime      # DAGs    # Errors  Last Runtime    Last Run               Last # of DB Queries
-----------------------------------  -----  ---------  --------  ----------  --------------  -------------------  ----------------------
/opt/airflow/dags/transform_data.py     86  0.00s             1           0  0.07s           2025-12-19T07:14:53                      10
================================================================================
[2025-12-19T07:15:54.234+0000] {manager.py:997} INFO - 
================================================================================
DAG File Processing Stats

File Path                              PID  Runtime      # DAGs    # Errors  Last Runtime    Last Run               Last # of DB Queries
-----------------------------------  -----  ---------  --------  ----------  --------------  -------------------  ----------------------
/opt/airflow/dags/transform_data.py     93  0.00s             1           0  0.07s           2025-12-19T07:15:24                      10
================================================================================
[2025-12-19T07:16:24.445+0000] {manager.py:997} INFO - 
================================================================================
DAG File Processing Stats

File Path                              PID  Runtime      # DAGs    # Errors  Last Runtime    Last Run               Last # of DB Queries
-----------------------------------  -----  ---------  --------  ----------  --------------  -------------------  ----------------------
/opt/airflow/dags/transform_data.py    100  0.01s             1           0  0.07s           2025-12-19T07:15:54                      10
================================================================================
[2025-12-19T07:16:54.640+0000] {manager.py:997} INFO - 
================================================================================
DAG File Processing Stats

File Path                              PID  Runtime      # DAGs    # Errors  Last Runtime    Last Run               Last # of DB Queries
-----------------------------------  -----  ---------  --------  ----------  --------------  -------------------  ----------------------
/opt/airflow/dags/transform_data.py    107  0.00s             1           0  0.08s           2025-12-19T07:16:24                      10
================================================================================
[2025-12-19T07:17:24.853+0000] {manager.py:997} INFO - 
================================================================================
DAG File Processing Stats

File Path                              PID  Runtime      # DAGs    # Errors  Last Runtime    Last Run               Last # of DB Queries
-----------------------------------  -----  ---------  --------  ----------  --------------  -------------------  ----------------------
/opt/airflow/dags/transform_data.py    114  0.00s             1           0  0.08s           2025-12-19T07:16:54                      10
================================================================================
[2025-12-19T07:17:55.056+0000] {manager.py:997} INFO - 
================================================================================
DAG File Processing Stats

File Path                              PID  Runtime      # DAGs    # Errors  Last Runtime    Last Run               Last # of DB Queries
-----------------------------------  -----  ---------  --------  ----------  --------------  -------------------  ----------------------
/opt/airflow/dags/transform_data.py    121  0.01s             1           0  0.06s           2025-12-19T07:17:24                      10
================================================================================
[2025-12-19T07:18:23.278+0000] {manager.py:821} INFO - Searching for files in /opt/airflow/dags
[2025-12-19T07:18:23.280+0000] {manager.py:824} INFO - There are 1 files in /opt/airflow/dags
[2025-12-19T07:18:25.237+0000] {manager.py:997} INFO - 
================================================================================
DAG File Processing Stats

File Path                              PID  Runtime      # DAGs    # Errors  Last Runtime    Last Run               Last # of DB Queries
-----------------------------------  -----  ---------  --------  ----------  --------------  -------------------  ----------------------
/opt/airflow/dags/transform_data.py    128  0.00s             1           0  0.09s           2025-12-19T07:17:55                      10
================================================================================
[2025-12-19T07:18:55.406+0000] {manager.py:997} INFO - 
================================================================================
DAG File Processing Stats

File Path                              PID  Runtime      # DAGs    # Errors  Last Runtime    Last Run               Last # of DB Queries
-----------------------------------  -----  ---------  --------  ----------  --------------  -------------------  ----------------------
/opt/airflow/dags/transform_data.py    135  0.01s             1           0  0.06s           2025-12-19T07:18:25                      10
================================================================================
[2025-12-19T07:19:25.593+0000] {manager.py:997} INFO - 
================================================================================
DAG File Processing Stats

File Path                              PID  Runtime      # DAGs    # Errors  Last Runtime    Last Run               Last # of DB Queries
-----------------------------------  -----  ---------  --------  ----------  --------------  -------------------  ----------------------
/opt/airflow/dags/transform_data.py    142  0.01s             1           0  0.07s           2025-12-19T07:18:55                      10
================================================================================
[2025-12-19T07:19:55.782+0000] {manager.py:997} INFO - 
================================================================================
DAG File Processing Stats

File Path                              PID  Runtime      # DAGs    # Errors  Last Runtime    Last Run               Last # of DB Queries
-----------------------------------  -----  ---------  --------  ----------  --------------  -------------------  ----------------------
/opt/airflow/dags/transform_data.py    149  0.00s             1           0  0.11s           2025-12-19T07:19:25                      10
================================================================================
[2025-12-19T07:20:25.982+0000] {manager.py:997} INFO - 
================================================================================
DAG File Processing Stats

File Path                              PID  Runtime      # DAGs    # Errors  Last Runtime    Last Run               Last # of DB Queries
-----------------------------------  -----  ---------  --------  ----------  --------------  -------------------  ----------------------
/opt/airflow/dags/transform_data.py    156  0.00s             1           0  0.07s           2025-12-19T07:19:55                      10
================================================================================
[2025-12-19T07:20:56.180+0000] {manager.py:997} INFO - 
================================================================================
DAG File Processing Stats

File Path                              PID  Runtime      # DAGs    # Errors  Last Runtime    Last Run               Last # of DB Queries
-----------------------------------  -----  ---------  --------  ----------  --------------  -------------------  ----------------------
/opt/airflow/dags/transform_data.py    163  0.01s             1           0  0.07s           2025-12-19T07:20:26                      10
================================================================================
[2025-12-19T07:21:26.374+0000] {manager.py:997} INFO - 
================================================================================
DAG File Processing Stats

File Path                              PID  Runtime      # DAGs    # Errors  Last Runtime    Last Run               Last # of DB Queries
-----------------------------------  -----  ---------  --------  ----------  --------------  -------------------  ----------------------
/opt/airflow/dags/transform_data.py    170  0.00s             1           0  0.09s           2025-12-19T07:20:56                      10
================================================================================
[2025-12-19T07:21:56.638+0000] {manager.py:997} INFO - 
================================================================================
DAG File Processing Stats

File Path                              PID  Runtime      # DAGs    # Errors  Last Runtime    Last Run               Last # of DB Queries
-----------------------------------  -----  ---------  --------  ----------  --------------  -------------------  ----------------------
/opt/airflow/dags/transform_data.py    177  0.00s             1           0  0.06s           2025-12-19T07:21:26                      10
================================================================================
[2025-12-19T07:22:26.800+0000] {manager.py:997} INFO - 
================================================================================
DAG File Processing Stats

File Path                              PID  Runtime      # DAGs    # Errors  Last Runtime    Last Run               Last # of DB Queries
-----------------------------------  -----  ---------  --------  ----------  --------------  -------------------  ----------------------
/opt/airflow/dags/transform_data.py    184  0.00s             1           0  0.06s           2025-12-19T07:21:56                      10
================================================================================
[2025-12-19T07:22:57.014+0000] {manager.py:997} INFO - 
================================================================================
DAG File Processing Stats

File Path                              PID  Runtime      # DAGs    # Errors  Last Runtime    Last Run               Last # of DB Queries
-----------------------------------  -----  ---------  --------  ----------  --------------  -------------------  ----------------------
/opt/airflow/dags/transform_data.py    191  0.01s             1           0  0.06s           2025-12-19T07:22:26                      10
================================================================================
[2025-12-19T07:23:24.169+0000] {manager.py:821} INFO - Searching for files in /opt/airflow/dags
[2025-12-19T07:23:24.171+0000] {manager.py:824} INFO - There are 1 files in /opt/airflow/dags
[2025-12-19T07:23:27.205+0000] {manager.py:997} INFO - 
================================================================================
DAG File Processing Stats

File Path                              PID  Runtime      # DAGs    # Errors  Last Runtime    Last Run               Last # of DB Queries
-----------------------------------  -----  ---------  --------  ----------  --------------  -------------------  ----------------------
/opt/airflow/dags/transform_data.py    204  0.00s             1           0  0.08s           2025-12-19T07:22:57                      10
================================================================================
[2025-12-19T07:23:57.418+0000] {manager.py:997} INFO - 
================================================================================
DAG File Processing Stats

File Path                              PID  Runtime      # DAGs    # Errors  Last Runtime    Last Run               Last # of DB Queries
-----------------------------------  -----  ---------  --------  ----------  --------------  -------------------  ----------------------
/opt/airflow/dags/transform_data.py    211  0.00s             1           0  0.07s           2025-12-19T07:23:27                      10
================================================================================
[2025-12-19T07:24:27.599+0000] {manager.py:997} INFO - 
================================================================================
DAG File Processing Stats

File Path                              PID  Runtime      # DAGs    # Errors  Last Runtime    Last Run               Last # of DB Queries
-----------------------------------  -----  ---------  --------  ----------  --------------  -------------------  ----------------------
/opt/airflow/dags/transform_data.py    218  0.00s             1           0  0.08s           2025-12-19T07:23:57                      10
================================================================================
[2025-12-19T07:24:57.815+0000] {manager.py:997} INFO - 
================================================================================
DAG File Processing Stats

File Path                              PID  Runtime      # DAGs    # Errors  Last Runtime    Last Run               Last # of DB Queries
-----------------------------------  -----  ---------  --------  ----------  --------------  -------------------  ----------------------
/opt/airflow/dags/transform_data.py    225  0.00s             1           0  0.07s           2025-12-19T07:24:27                      10
================================================================================
[2025-12-19T07:25:27.999+0000] {manager.py:997} INFO - 
================================================================================
DAG File Processing Stats

File Path                              PID  Runtime      # DAGs    # Errors  Last Runtime    Last Run               Last # of DB Queries
-----------------------------------  -----  ---------  --------  ----------  --------------  -------------------  ----------------------
/opt/airflow/dags/transform_data.py    232  0.01s             1           0  0.08s           2025-12-19T07:24:57                      10
================================================================================
[2025-12-19T07:25:58.208+0000] {manager.py:997} INFO - 
================================================================================
DAG File Processing Stats

File Path                              PID  Runtime      # DAGs    # Errors  Last Runtime    Last Run               Last # of DB Queries
-----------------------------------  -----  ---------  --------  ----------  --------------  -------------------  ----------------------
/opt/airflow/dags/transform_data.py    239  0.00s             1           0  0.09s           2025-12-19T07:25:28                      10
================================================================================
[2025-12-19T07:26:28.390+0000] {manager.py:997} INFO - 
================================================================================
DAG File Processing Stats

File Path                              PID  Runtime      # DAGs    # Errors  Last Runtime    Last Run               Last # of DB Queries
-----------------------------------  -----  ---------  --------  ----------  --------------  -------------------  ----------------------
/opt/airflow/dags/transform_data.py    246  0.00s             1           0  0.08s           2025-12-19T07:25:58                      10
================================================================================
[2025-12-19T07:26:58.621+0000] {manager.py:997} INFO - 
================================================================================
DAG File Processing Stats

File Path                              PID  Runtime      # DAGs    # Errors  Last Runtime    Last Run               Last # of DB Queries
-----------------------------------  -----  ---------  --------  ----------  --------------  -------------------  ----------------------
/opt/airflow/dags/transform_data.py    253  0.01s             1           0  0.08s           2025-12-19T07:26:28                      10
================================================================================
[2025-12-19T07:27:28.823+0000] {manager.py:997} INFO - 
================================================================================
DAG File Processing Stats

File Path                              PID  Runtime      # DAGs    # Errors  Last Runtime    Last Run               Last # of DB Queries
-----------------------------------  -----  ---------  --------  ----------  --------------  -------------------  ----------------------
/opt/airflow/dags/transform_data.py    260  0.00s             1           0  0.11s           2025-12-19T07:26:58                      10
================================================================================
[2025-12-19T07:27:59.061+0000] {manager.py:997} INFO - 
================================================================================
DAG File Processing Stats

File Path                              PID  Runtime      # DAGs    # Errors  Last Runtime    Last Run               Last # of DB Queries
-----------------------------------  -----  ---------  --------  ----------  --------------  -------------------  ----------------------
/opt/airflow/dags/transform_data.py    267  0.01s             1           0  0.08s           2025-12-19T07:27:28                      10
================================================================================
[2025-12-19T07:28:24.205+0000] {manager.py:821} INFO - Searching for files in /opt/airflow/dags
[2025-12-19T07:28:24.208+0000] {manager.py:824} INFO - There are 1 files in /opt/airflow/dags
[2025-12-19T07:28:29.253+0000] {manager.py:997} INFO - 
================================================================================
DAG File Processing Stats

File Path                              PID  Runtime      # DAGs    # Errors  Last Runtime    Last Run               Last # of DB Queries
-----------------------------------  -----  ---------  --------  ----------  --------------  -------------------  ----------------------
/opt/airflow/dags/transform_data.py    274  0.01s             1           0  0.08s           2025-12-19T07:27:59                      10
================================================================================
[2025-12-19T07:28:59.452+0000] {manager.py:997} INFO - 
================================================================================
DAG File Processing Stats

File Path                              PID  Runtime      # DAGs    # Errors  Last Runtime    Last Run               Last # of DB Queries
-----------------------------------  -----  ---------  --------  ----------  --------------  -------------------  ----------------------
/opt/airflow/dags/transform_data.py    281  0.00s             1           0  0.07s           2025-12-19T07:28:29                      10
================================================================================
[2025-12-19T07:29:29.632+0000] {manager.py:997} INFO - 
================================================================================
DAG File Processing Stats

File Path                              PID  Runtime      # DAGs    # Errors  Last Runtime    Last Run               Last # of DB Queries
-----------------------------------  -----  ---------  --------  ----------  --------------  -------------------  ----------------------
/opt/airflow/dags/transform_data.py    288  0.00s             1           0  0.09s           2025-12-19T07:28:59                      10
================================================================================
[2025-12-19T07:29:59.847+0000] {manager.py:997} INFO - 
================================================================================
DAG File Processing Stats

File Path                              PID  Runtime      # DAGs    # Errors  Last Runtime    Last Run               Last # of DB Queries
-----------------------------------  -----  ---------  --------  ----------  --------------  -------------------  ----------------------
/opt/airflow/dags/transform_data.py    295  0.01s             1           0  0.09s           2025-12-19T07:29:29                      10
================================================================================
[2025-12-19T07:30:30.032+0000] {manager.py:997} INFO - 
================================================================================
DAG File Processing Stats

File Path                              PID  Runtime      # DAGs    # Errors  Last Runtime    Last Run               Last # of DB Queries
-----------------------------------  -----  ---------  --------  ----------  --------------  -------------------  ----------------------
/opt/airflow/dags/transform_data.py    302  0.01s             1           0  0.07s           2025-12-19T07:29:59                      10
================================================================================
[2025-12-19T07:31:00.257+0000] {manager.py:997} INFO - 
================================================================================
DAG File Processing Stats

File Path                              PID  Runtime      # DAGs    # Errors  Last Runtime    Last Run               Last # of DB Queries
-----------------------------------  -----  ---------  --------  ----------  --------------  -------------------  ----------------------
/opt/airflow/dags/transform_data.py    309  0.00s             1           0  0.10s           2025-12-19T07:30:30                      10
================================================================================
[2025-12-19T07:31:30.459+0000] {manager.py:997} INFO - 
================================================================================
DAG File Processing Stats

File Path                              PID  Runtime      # DAGs    # Errors  Last Runtime    Last Run               Last # of DB Queries
-----------------------------------  -----  ---------  --------  ----------  --------------  -------------------  ----------------------
/opt/airflow/dags/transform_data.py    316  0.00s             1           0  0.06s           2025-12-19T07:31:00                      10
================================================================================
[2025-12-19T07:32:00.643+0000] {manager.py:997} INFO - 
================================================================================
DAG File Processing Stats

File Path                              PID  Runtime      # DAGs    # Errors  Last Runtime    Last Run               Last # of DB Queries
-----------------------------------  -----  ---------  --------  ----------  --------------  -------------------  ----------------------
/opt/airflow/dags/transform_data.py    323  0.01s             1           0  0.06s           2025-12-19T07:31:30                      10
================================================================================
[2025-12-19T07:32:30.867+0000] {manager.py:997} INFO - 
================================================================================
DAG File Processing Stats

File Path                              PID  Runtime      # DAGs    # Errors  Last Runtime    Last Run               Last # of DB Queries
-----------------------------------  -----  ---------  --------  ----------  --------------  -------------------  ----------------------
/opt/airflow/dags/transform_data.py    330  0.00s             1           0  0.09s           2025-12-19T07:32:00                      10
================================================================================
[2025-12-19T07:33:01.053+0000] {manager.py:997} INFO - 
================================================================================
DAG File Processing Stats

File Path                              PID  Runtime      # DAGs    # Errors  Last Runtime    Last Run               Last # of DB Queries
-----------------------------------  -----  ---------  --------  ----------  --------------  -------------------  ----------------------
/opt/airflow/dags/transform_data.py    337  0.00s             1           0  0.08s           2025-12-19T07:32:30                      10
================================================================================
[2025-12-19T07:33:24.211+0000] {manager.py:821} INFO - Searching for files in /opt/airflow/dags
[2025-12-19T07:33:24.212+0000] {manager.py:824} INFO - There are 1 files in /opt/airflow/dags
[2025-12-19T07:33:31.274+0000] {manager.py:997} INFO - 
================================================================================
DAG File Processing Stats

File Path                              PID  Runtime      # DAGs    # Errors  Last Runtime    Last Run               Last # of DB Queries
-----------------------------------  -----  ---------  --------  ----------  --------------  -------------------  ----------------------
/opt/airflow/dags/transform_data.py    344  0.00s             1           0  0.09s           2025-12-19T07:33:01                      10
================================================================================
[2025-12-19T07:34:01.485+0000] {manager.py:997} INFO - 
================================================================================
DAG File Processing Stats

File Path                              PID  Runtime      # DAGs    # Errors  Last Runtime    Last Run               Last # of DB Queries
-----------------------------------  -----  ---------  --------  ----------  --------------  -------------------  ----------------------
/opt/airflow/dags/transform_data.py    351  0.01s             1           0  0.08s           2025-12-19T07:33:31                      10
================================================================================
[2025-12-19T07:34:31.700+0000] {manager.py:997} INFO - 
================================================================================
DAG File Processing Stats

File Path                              PID  Runtime      # DAGs    # Errors  Last Runtime    Last Run               Last # of DB Queries
-----------------------------------  -----  ---------  --------  ----------  --------------  -------------------  ----------------------
/opt/airflow/dags/transform_data.py    358  0.01s             1           0  0.09s           2025-12-19T07:34:01                      10
================================================================================
[2025-12-19T07:35:01.886+0000] {manager.py:997} INFO - 
================================================================================
DAG File Processing Stats

File Path                              PID  Runtime      # DAGs    # Errors  Last Runtime    Last Run               Last # of DB Queries
-----------------------------------  -----  ---------  --------  ----------  --------------  -------------------  ----------------------
/opt/airflow/dags/transform_data.py    365  0.00s             1           0  0.07s           2025-12-19T07:34:31                      10
================================================================================
[2025-12-19T07:35:32.090+0000] {manager.py:997} INFO - 
================================================================================
DAG File Processing Stats

File Path                              PID  Runtime      # DAGs    # Errors  Last Runtime    Last Run               Last # of DB Queries
-----------------------------------  -----  ---------  --------  ----------  --------------  -------------------  ----------------------
/opt/airflow/dags/transform_data.py    372  0.01s             1           0  0.07s           2025-12-19T07:35:01                      10
================================================================================
[2025-12-19T07:36:02.279+0000] {manager.py:997} INFO - 
================================================================================
DAG File Processing Stats

File Path                              PID  Runtime      # DAGs    # Errors  Last Runtime    Last Run               Last # of DB Queries
-----------------------------------  -----  ---------  --------  ----------  --------------  -------------------  ----------------------
/opt/airflow/dags/transform_data.py    379  0.00s             1           0  0.09s           2025-12-19T07:35:32                      10
================================================================================
[2025-12-19T07:36:32.487+0000] {manager.py:997} INFO - 
================================================================================
DAG File Processing Stats

File Path                              PID  Runtime      # DAGs    # Errors  Last Runtime    Last Run               Last # of DB Queries
-----------------------------------  -----  ---------  --------  ----------  --------------  -------------------  ----------------------
/opt/airflow/dags/transform_data.py    386  0.00s             1           0  0.06s           2025-12-19T07:36:02                      10
================================================================================
[2025-12-19T07:37:02.660+0000] {manager.py:997} INFO - 
================================================================================
DAG File Processing Stats

File Path                              PID  Runtime      # DAGs    # Errors  Last Runtime    Last Run               Last # of DB Queries
-----------------------------------  -----  ---------  --------  ----------  --------------  -------------------  ----------------------
/opt/airflow/dags/transform_data.py    393  0.00s             1           0  0.07s           2025-12-19T07:36:32                      10
================================================================================
[2025-12-19T07:37:32.894+0000] {manager.py:997} INFO - 
================================================================================
DAG File Processing Stats

File Path                              PID  Runtime      # DAGs    # Errors  Last Runtime    Last Run               Last # of DB Queries
-----------------------------------  -----  ---------  --------  ----------  --------------  -------------------  ----------------------
/opt/airflow/dags/transform_data.py    400  0.01s             1           0  0.08s           2025-12-19T07:37:02                      10
================================================================================
[2025-12-19T07:38:03.073+0000] {manager.py:997} INFO - 
================================================================================
DAG File Processing Stats

File Path                              PID  Runtime      # DAGs    # Errors  Last Runtime    Last Run               Last # of DB Queries
-----------------------------------  -----  ---------  --------  ----------  --------------  -------------------  ----------------------
/opt/airflow/dags/transform_data.py    407  0.00s             1           0  0.11s           2025-12-19T07:37:32                      10
================================================================================
[2025-12-19T07:38:24.259+0000] {manager.py:821} INFO - Searching for files in /opt/airflow/dags
[2025-12-19T07:38:24.261+0000] {manager.py:824} INFO - There are 1 files in /opt/airflow/dags
[2025-12-19T07:38:33.261+0000] {manager.py:997} INFO - 
================================================================================
DAG File Processing Stats

File Path                              PID  Runtime      # DAGs    # Errors  Last Runtime    Last Run               Last # of DB Queries
-----------------------------------  -----  ---------  --------  ----------  --------------  -------------------  ----------------------
/opt/airflow/dags/transform_data.py    414  0.01s             1           0  0.08s           2025-12-19T07:38:03                      10
================================================================================
[2025-12-19T07:39:03.508+0000] {manager.py:997} INFO - 
================================================================================
DAG File Processing Stats

File Path                              PID  Runtime      # DAGs    # Errors  Last Runtime    Last Run               Last # of DB Queries
-----------------------------------  -----  ---------  --------  ----------  --------------  -------------------  ----------------------
/opt/airflow/dags/transform_data.py    421  0.01s             1           0  0.08s           2025-12-19T07:38:33                      10
================================================================================
[2025-12-19T07:39:33.693+0000] {manager.py:997} INFO - 
================================================================================
DAG File Processing Stats

File Path                              PID  Runtime      # DAGs    # Errors  Last Runtime    Last Run               Last # of DB Queries
-----------------------------------  -----  ---------  --------  ----------  --------------  -------------------  ----------------------
/opt/airflow/dags/transform_data.py    428  0.00s             1           0  0.08s           2025-12-19T07:39:03                      10
================================================================================
[2025-12-19T07:40:03.902+0000] {manager.py:997} INFO - 
================================================================================
DAG File Processing Stats

File Path                              PID  Runtime      # DAGs    # Errors  Last Runtime    Last Run               Last # of DB Queries
-----------------------------------  -----  ---------  --------  ----------  --------------  -------------------  ----------------------
/opt/airflow/dags/transform_data.py    435  0.00s             1           0  0.07s           2025-12-19T07:39:33                      10
================================================================================
[2025-12-19T07:40:34.043+0000] {manager.py:997} INFO - 
================================================================================
DAG File Processing Stats

File Path                              PID  Runtime      # DAGs    # Errors  Last Runtime    Last Run               Last # of DB Queries
-----------------------------------  -----  ---------  --------  ----------  --------------  -------------------  ----------------------
/opt/airflow/dags/transform_data.py    441  0.00s             1           0  0.05s           2025-12-19T07:40:03                      10
================================================================================
[2025-12-19T07:41:04.221+0000] {manager.py:997} INFO - 
================================================================================
DAG File Processing Stats

File Path                              PID  Runtime      # DAGs    # Errors  Last Runtime    Last Run               Last # of DB Queries
-----------------------------------  -----  ---------  --------  ----------  --------------  -------------------  ----------------------
/opt/airflow/dags/transform_data.py    447  0.00s             1           0  0.05s           2025-12-19T07:40:34                      10
================================================================================
[2025-12-19T07:41:34.412+0000] {manager.py:997} INFO - 
================================================================================
DAG File Processing Stats

File Path                              PID  Runtime      # DAGs    # Errors  Last Runtime    Last Run               Last # of DB Queries
-----------------------------------  -----  ---------  --------  ----------  --------------  -------------------  ----------------------
/opt/airflow/dags/transform_data.py    454  0.00s             1           0  0.07s           2025-12-19T07:41:04                      10
================================================================================
[2025-12-19T07:42:04.620+0000] {manager.py:997} INFO - 
================================================================================
DAG File Processing Stats

File Path                              PID  Runtime      # DAGs    # Errors  Last Runtime    Last Run               Last # of DB Queries
-----------------------------------  -----  ---------  --------  ----------  --------------  -------------------  ----------------------
/opt/airflow/dags/transform_data.py    461  0.01s             1           0  0.08s           2025-12-19T07:41:34                      10
================================================================================
[2025-12-19T07:42:34.819+0000] {manager.py:997} INFO - 
================================================================================
DAG File Processing Stats

File Path                              PID  Runtime      # DAGs    # Errors  Last Runtime    Last Run               Last # of DB Queries
-----------------------------------  -----  ---------  --------  ----------  --------------  -------------------  ----------------------
/opt/airflow/dags/transform_data.py    468  0.00s             1           0  0.07s           2025-12-19T07:42:04                      10
================================================================================
[2025-12-19T07:43:05.004+0000] {manager.py:997} INFO - 
================================================================================
DAG File Processing Stats

File Path                              PID  Runtime      # DAGs    # Errors  Last Runtime    Last Run               Last # of DB Queries
-----------------------------------  -----  ---------  --------  ----------  --------------  -------------------  ----------------------
/opt/airflow/dags/transform_data.py    475  0.00s             1           0  0.06s           2025-12-19T07:42:34                      10
================================================================================
[2025-12-19T07:43:25.140+0000] {manager.py:821} INFO - Searching for files in /opt/airflow/dags
[2025-12-19T07:43:25.141+0000] {manager.py:824} INFO - There are 1 files in /opt/airflow/dags
[2025-12-19T07:43:35.223+0000] {manager.py:997} INFO - 
================================================================================
DAG File Processing Stats

File Path                              PID  Runtime      # DAGs    # Errors  Last Runtime    Last Run               Last # of DB Queries
-----------------------------------  -----  ---------  --------  ----------  --------------  -------------------  ----------------------
/opt/airflow/dags/transform_data.py    482  0.01s             1           0  0.11s           2025-12-19T07:43:05                      10
================================================================================
[2025-12-19T07:44:05.404+0000] {manager.py:997} INFO - 
================================================================================
DAG File Processing Stats

File Path                              PID  Runtime      # DAGs    # Errors  Last Runtime    Last Run               Last # of DB Queries
-----------------------------------  -----  ---------  --------  ----------  --------------  -------------------  ----------------------
/opt/airflow/dags/transform_data.py    489  0.01s             1           0  0.10s           2025-12-19T07:43:35                      10
================================================================================
[2025-12-19T07:44:35.662+0000] {manager.py:997} INFO - 
================================================================================
DAG File Processing Stats

File Path                              PID  Runtime      # DAGs    # Errors  Last Runtime    Last Run               Last # of DB Queries
-----------------------------------  -----  ---------  --------  ----------  --------------  -------------------  ----------------------
/opt/airflow/dags/transform_data.py    496  0.00s             1           0  0.10s           2025-12-19T07:44:05                      10
================================================================================
[2025-12-19T07:45:05.857+0000] {manager.py:997} INFO - 
================================================================================
DAG File Processing Stats

File Path                              PID  Runtime      # DAGs    # Errors  Last Runtime    Last Run               Last # of DB Queries
-----------------------------------  -----  ---------  --------  ----------  --------------  -------------------  ----------------------
/opt/airflow/dags/transform_data.py    503  0.00s             1           0  0.07s           2025-12-19T07:44:35                      10
================================================================================
[2025-12-19T07:45:36.068+0000] {manager.py:997} INFO - 
================================================================================
DAG File Processing Stats

File Path                              PID  Runtime      # DAGs    # Errors  Last Runtime    Last Run               Last # of DB Queries
-----------------------------------  -----  ---------  --------  ----------  --------------  -------------------  ----------------------
/opt/airflow/dags/transform_data.py    510  0.01s             1           0  0.06s           2025-12-19T07:45:05                      10
================================================================================
[2025-12-19T07:45:41.381+0000] {manager.py:465} INFO - Exiting gracefully upon receiving signal 15
