[2025-12-19T01:09:05.782+0000] {processor.py:186} INFO - Started process (PID=52) to work on /opt/airflow/dags/transform_data.py
[2025-12-19T01:09:05.782+0000] {processor.py:914} INFO - Processing file /opt/airflow/dags/transform_data.py for tasks to queue
[2025-12-19T01:09:05.784+0000] {logging_mixin.py:190} INFO - [2025-12-19T01:09:05.784+0000] {dagbag.py:588} INFO - Filling up the DagBag from /opt/airflow/dags/transform_data.py
[2025-12-19T01:09:05.794+0000] {processor.py:925} INFO - DAG(s) 'transform_data' retrieved from /opt/airflow/dags/transform_data.py
[2025-12-19T01:09:05.878+0000] {logging_mixin.py:190} INFO - [2025-12-19T01:09:05.878+0000] {dag.py:3239} INFO - Sync 1 DAGs
[2025-12-19T01:09:05.886+0000] {logging_mixin.py:190} INFO - [2025-12-19T01:09:05.886+0000] {dag.py:4180} INFO - Setting next_dagrun for transform_data to None, run_after=None
[2025-12-19T01:09:05.898+0000] {processor.py:208} INFO - Processing /opt/airflow/dags/transform_data.py took 0.122 seconds
[2025-12-19T01:09:35.972+0000] {processor.py:186} INFO - Started process (PID=59) to work on /opt/airflow/dags/transform_data.py
[2025-12-19T01:09:35.974+0000] {processor.py:914} INFO - Processing file /opt/airflow/dags/transform_data.py for tasks to queue
[2025-12-19T01:09:35.976+0000] {logging_mixin.py:190} INFO - [2025-12-19T01:09:35.975+0000] {dagbag.py:588} INFO - Filling up the DagBag from /opt/airflow/dags/transform_data.py
[2025-12-19T01:09:35.984+0000] {processor.py:925} INFO - DAG(s) 'transform_data' retrieved from /opt/airflow/dags/transform_data.py
[2025-12-19T01:09:36.002+0000] {logging_mixin.py:190} INFO - [2025-12-19T01:09:36.002+0000] {dag.py:3239} INFO - Sync 1 DAGs
[2025-12-19T01:09:36.011+0000] {logging_mixin.py:190} INFO - [2025-12-19T01:09:36.011+0000] {dag.py:4180} INFO - Setting next_dagrun for transform_data to None, run_after=None
[2025-12-19T01:09:36.021+0000] {processor.py:208} INFO - Processing /opt/airflow/dags/transform_data.py took 0.056 seconds
[2025-12-19T01:10:06.121+0000] {processor.py:186} INFO - Started process (PID=66) to work on /opt/airflow/dags/transform_data.py
[2025-12-19T01:10:06.122+0000] {processor.py:914} INFO - Processing file /opt/airflow/dags/transform_data.py for tasks to queue
[2025-12-19T01:10:06.124+0000] {logging_mixin.py:190} INFO - [2025-12-19T01:10:06.124+0000] {dagbag.py:588} INFO - Filling up the DagBag from /opt/airflow/dags/transform_data.py
[2025-12-19T01:10:06.136+0000] {processor.py:925} INFO - DAG(s) 'transform_data' retrieved from /opt/airflow/dags/transform_data.py
[2025-12-19T01:10:06.161+0000] {logging_mixin.py:190} INFO - [2025-12-19T01:10:06.161+0000] {dag.py:3239} INFO - Sync 1 DAGs
[2025-12-19T01:10:06.176+0000] {logging_mixin.py:190} INFO - [2025-12-19T01:10:06.176+0000] {dag.py:4180} INFO - Setting next_dagrun for transform_data to None, run_after=None
[2025-12-19T01:10:06.194+0000] {processor.py:208} INFO - Processing /opt/airflow/dags/transform_data.py took 0.079 seconds
[2025-12-19T01:10:36.309+0000] {processor.py:186} INFO - Started process (PID=73) to work on /opt/airflow/dags/transform_data.py
[2025-12-19T01:10:36.312+0000] {processor.py:914} INFO - Processing file /opt/airflow/dags/transform_data.py for tasks to queue
[2025-12-19T01:10:36.314+0000] {logging_mixin.py:190} INFO - [2025-12-19T01:10:36.314+0000] {dagbag.py:588} INFO - Filling up the DagBag from /opt/airflow/dags/transform_data.py
[2025-12-19T01:10:36.323+0000] {processor.py:925} INFO - DAG(s) 'transform_data' retrieved from /opt/airflow/dags/transform_data.py
[2025-12-19T01:10:36.340+0000] {logging_mixin.py:190} INFO - [2025-12-19T01:10:36.340+0000] {dag.py:3239} INFO - Sync 1 DAGs
[2025-12-19T01:10:36.348+0000] {logging_mixin.py:190} INFO - [2025-12-19T01:10:36.348+0000] {dag.py:4180} INFO - Setting next_dagrun for transform_data to None, run_after=None
[2025-12-19T01:10:36.358+0000] {processor.py:208} INFO - Processing /opt/airflow/dags/transform_data.py took 0.055 seconds
[2025-12-19T01:11:06.494+0000] {processor.py:186} INFO - Started process (PID=80) to work on /opt/airflow/dags/transform_data.py
[2025-12-19T01:11:06.496+0000] {processor.py:914} INFO - Processing file /opt/airflow/dags/transform_data.py for tasks to queue
[2025-12-19T01:11:06.497+0000] {logging_mixin.py:190} INFO - [2025-12-19T01:11:06.497+0000] {dagbag.py:588} INFO - Filling up the DagBag from /opt/airflow/dags/transform_data.py
[2025-12-19T01:11:06.503+0000] {processor.py:925} INFO - DAG(s) 'transform_data' retrieved from /opt/airflow/dags/transform_data.py
[2025-12-19T01:11:06.522+0000] {logging_mixin.py:190} INFO - [2025-12-19T01:11:06.521+0000] {dag.py:3239} INFO - Sync 1 DAGs
[2025-12-19T01:11:06.530+0000] {logging_mixin.py:190} INFO - [2025-12-19T01:11:06.530+0000] {dag.py:4180} INFO - Setting next_dagrun for transform_data to None, run_after=None
[2025-12-19T01:11:06.543+0000] {processor.py:208} INFO - Processing /opt/airflow/dags/transform_data.py took 0.054 seconds
[2025-12-19T01:11:36.669+0000] {processor.py:186} INFO - Started process (PID=88) to work on /opt/airflow/dags/transform_data.py
[2025-12-19T01:11:36.672+0000] {processor.py:914} INFO - Processing file /opt/airflow/dags/transform_data.py for tasks to queue
[2025-12-19T01:11:36.674+0000] {logging_mixin.py:190} INFO - [2025-12-19T01:11:36.674+0000] {dagbag.py:588} INFO - Filling up the DagBag from /opt/airflow/dags/transform_data.py
[2025-12-19T01:11:36.686+0000] {processor.py:925} INFO - DAG(s) 'transform_data' retrieved from /opt/airflow/dags/transform_data.py
[2025-12-19T01:11:36.713+0000] {logging_mixin.py:190} INFO - [2025-12-19T01:11:36.713+0000] {dag.py:3239} INFO - Sync 1 DAGs
[2025-12-19T01:11:36.721+0000] {logging_mixin.py:190} INFO - [2025-12-19T01:11:36.721+0000] {dag.py:4180} INFO - Setting next_dagrun for transform_data to None, run_after=None
[2025-12-19T01:11:36.732+0000] {processor.py:208} INFO - Processing /opt/airflow/dags/transform_data.py took 0.071 seconds
[2025-12-19T01:12:06.862+0000] {processor.py:186} INFO - Started process (PID=95) to work on /opt/airflow/dags/transform_data.py
[2025-12-19T01:12:06.862+0000] {processor.py:914} INFO - Processing file /opt/airflow/dags/transform_data.py for tasks to queue
[2025-12-19T01:12:06.863+0000] {logging_mixin.py:190} INFO - [2025-12-19T01:12:06.863+0000] {dagbag.py:588} INFO - Filling up the DagBag from /opt/airflow/dags/transform_data.py
[2025-12-19T01:12:06.871+0000] {processor.py:925} INFO - DAG(s) 'transform_data' retrieved from /opt/airflow/dags/transform_data.py
[2025-12-19T01:12:06.889+0000] {logging_mixin.py:190} INFO - [2025-12-19T01:12:06.889+0000] {dag.py:3239} INFO - Sync 1 DAGs
[2025-12-19T01:12:06.899+0000] {logging_mixin.py:190} INFO - [2025-12-19T01:12:06.898+0000] {dag.py:4180} INFO - Setting next_dagrun for transform_data to None, run_after=None
[2025-12-19T01:12:06.913+0000] {processor.py:208} INFO - Processing /opt/airflow/dags/transform_data.py took 0.055 seconds
[2025-12-19T01:12:37.058+0000] {processor.py:186} INFO - Started process (PID=102) to work on /opt/airflow/dags/transform_data.py
[2025-12-19T01:12:37.059+0000] {processor.py:914} INFO - Processing file /opt/airflow/dags/transform_data.py for tasks to queue
[2025-12-19T01:12:37.060+0000] {logging_mixin.py:190} INFO - [2025-12-19T01:12:37.060+0000] {dagbag.py:588} INFO - Filling up the DagBag from /opt/airflow/dags/transform_data.py
[2025-12-19T01:12:37.066+0000] {processor.py:925} INFO - DAG(s) 'transform_data' retrieved from /opt/airflow/dags/transform_data.py
[2025-12-19T01:12:37.084+0000] {logging_mixin.py:190} INFO - [2025-12-19T01:12:37.084+0000] {dag.py:3239} INFO - Sync 1 DAGs
[2025-12-19T01:12:37.092+0000] {logging_mixin.py:190} INFO - [2025-12-19T01:12:37.092+0000] {dag.py:4180} INFO - Setting next_dagrun for transform_data to None, run_after=None
[2025-12-19T01:12:37.102+0000] {processor.py:208} INFO - Processing /opt/airflow/dags/transform_data.py took 0.048 seconds
[2025-12-19T01:13:07.250+0000] {processor.py:186} INFO - Started process (PID=109) to work on /opt/airflow/dags/transform_data.py
[2025-12-19T01:13:07.253+0000] {processor.py:914} INFO - Processing file /opt/airflow/dags/transform_data.py for tasks to queue
[2025-12-19T01:13:07.254+0000] {logging_mixin.py:190} INFO - [2025-12-19T01:13:07.254+0000] {dagbag.py:588} INFO - Filling up the DagBag from /opt/airflow/dags/transform_data.py
[2025-12-19T01:13:07.260+0000] {processor.py:925} INFO - DAG(s) 'transform_data' retrieved from /opt/airflow/dags/transform_data.py
[2025-12-19T01:13:07.281+0000] {logging_mixin.py:190} INFO - [2025-12-19T01:13:07.281+0000] {dag.py:3239} INFO - Sync 1 DAGs
[2025-12-19T01:13:07.290+0000] {logging_mixin.py:190} INFO - [2025-12-19T01:13:07.290+0000] {dag.py:4180} INFO - Setting next_dagrun for transform_data to None, run_after=None
[2025-12-19T01:13:07.302+0000] {processor.py:208} INFO - Processing /opt/airflow/dags/transform_data.py took 0.055 seconds
[2025-12-19T01:14:02.800+0000] {processor.py:186} INFO - Started process (PID=58) to work on /opt/airflow/dags/transform_data.py
[2025-12-19T01:14:02.800+0000] {processor.py:914} INFO - Processing file /opt/airflow/dags/transform_data.py for tasks to queue
[2025-12-19T01:14:02.801+0000] {logging_mixin.py:190} INFO - [2025-12-19T01:14:02.801+0000] {dagbag.py:588} INFO - Filling up the DagBag from /opt/airflow/dags/transform_data.py
[2025-12-19T01:14:02.820+0000] {processor.py:925} INFO - DAG(s) 'transform_data' retrieved from /opt/airflow/dags/transform_data.py
[2025-12-19T01:14:02.980+0000] {logging_mixin.py:190} INFO - [2025-12-19T01:14:02.980+0000] {dag.py:3239} INFO - Sync 1 DAGs
[2025-12-19T01:14:02.987+0000] {logging_mixin.py:190} INFO - [2025-12-19T01:14:02.987+0000] {dag.py:4180} INFO - Setting next_dagrun for transform_data to None, run_after=None
[2025-12-19T01:14:02.997+0000] {processor.py:208} INFO - Processing /opt/airflow/dags/transform_data.py took 0.201 seconds
[2025-12-19T01:14:33.159+0000] {processor.py:186} INFO - Started process (PID=65) to work on /opt/airflow/dags/transform_data.py
[2025-12-19T01:14:33.161+0000] {processor.py:914} INFO - Processing file /opt/airflow/dags/transform_data.py for tasks to queue
[2025-12-19T01:14:33.162+0000] {logging_mixin.py:190} INFO - [2025-12-19T01:14:33.162+0000] {dagbag.py:588} INFO - Filling up the DagBag from /opt/airflow/dags/transform_data.py
[2025-12-19T01:14:33.168+0000] {processor.py:925} INFO - DAG(s) 'transform_data' retrieved from /opt/airflow/dags/transform_data.py
[2025-12-19T01:14:33.189+0000] {logging_mixin.py:190} INFO - [2025-12-19T01:14:33.189+0000] {dag.py:3239} INFO - Sync 1 DAGs
[2025-12-19T01:14:33.198+0000] {logging_mixin.py:190} INFO - [2025-12-19T01:14:33.197+0000] {dag.py:4180} INFO - Setting next_dagrun for transform_data to None, run_after=None
[2025-12-19T01:14:33.210+0000] {processor.py:208} INFO - Processing /opt/airflow/dags/transform_data.py took 0.056 seconds
[2025-12-19T01:15:03.296+0000] {processor.py:186} INFO - Started process (PID=72) to work on /opt/airflow/dags/transform_data.py
[2025-12-19T01:15:03.298+0000] {processor.py:914} INFO - Processing file /opt/airflow/dags/transform_data.py for tasks to queue
[2025-12-19T01:15:03.300+0000] {logging_mixin.py:190} INFO - [2025-12-19T01:15:03.299+0000] {dagbag.py:588} INFO - Filling up the DagBag from /opt/airflow/dags/transform_data.py
[2025-12-19T01:15:03.310+0000] {processor.py:925} INFO - DAG(s) 'transform_data' retrieved from /opt/airflow/dags/transform_data.py
[2025-12-19T01:15:03.324+0000] {logging_mixin.py:190} INFO - [2025-12-19T01:15:03.324+0000] {dag.py:3239} INFO - Sync 1 DAGs
[2025-12-19T01:15:03.332+0000] {logging_mixin.py:190} INFO - [2025-12-19T01:15:03.332+0000] {dag.py:4180} INFO - Setting next_dagrun for transform_data to None, run_after=None
[2025-12-19T01:15:03.342+0000] {processor.py:208} INFO - Processing /opt/airflow/dags/transform_data.py took 0.051 seconds
[2025-12-19T01:15:33.503+0000] {processor.py:186} INFO - Started process (PID=79) to work on /opt/airflow/dags/transform_data.py
[2025-12-19T01:15:33.506+0000] {processor.py:914} INFO - Processing file /opt/airflow/dags/transform_data.py for tasks to queue
[2025-12-19T01:15:33.508+0000] {logging_mixin.py:190} INFO - [2025-12-19T01:15:33.508+0000] {dagbag.py:588} INFO - Filling up the DagBag from /opt/airflow/dags/transform_data.py
[2025-12-19T01:15:33.519+0000] {processor.py:925} INFO - DAG(s) 'transform_data' retrieved from /opt/airflow/dags/transform_data.py
[2025-12-19T01:15:33.541+0000] {logging_mixin.py:190} INFO - [2025-12-19T01:15:33.541+0000] {dag.py:3239} INFO - Sync 1 DAGs
[2025-12-19T01:15:33.552+0000] {logging_mixin.py:190} INFO - [2025-12-19T01:15:33.552+0000] {dag.py:4180} INFO - Setting next_dagrun for transform_data to None, run_after=None
[2025-12-19T01:15:33.566+0000] {processor.py:208} INFO - Processing /opt/airflow/dags/transform_data.py took 0.071 seconds
[2025-12-19T01:16:03.696+0000] {processor.py:186} INFO - Started process (PID=86) to work on /opt/airflow/dags/transform_data.py
[2025-12-19T01:16:03.699+0000] {processor.py:914} INFO - Processing file /opt/airflow/dags/transform_data.py for tasks to queue
[2025-12-19T01:16:03.700+0000] {logging_mixin.py:190} INFO - [2025-12-19T01:16:03.700+0000] {dagbag.py:588} INFO - Filling up the DagBag from /opt/airflow/dags/transform_data.py
[2025-12-19T01:16:03.706+0000] {processor.py:925} INFO - DAG(s) 'transform_data' retrieved from /opt/airflow/dags/transform_data.py
[2025-12-19T01:16:03.723+0000] {logging_mixin.py:190} INFO - [2025-12-19T01:16:03.723+0000] {dag.py:3239} INFO - Sync 1 DAGs
[2025-12-19T01:16:03.731+0000] {logging_mixin.py:190} INFO - [2025-12-19T01:16:03.731+0000] {dag.py:4180} INFO - Setting next_dagrun for transform_data to None, run_after=None
[2025-12-19T01:16:03.740+0000] {processor.py:208} INFO - Processing /opt/airflow/dags/transform_data.py took 0.048 seconds
[2025-12-19T01:16:33.950+0000] {processor.py:186} INFO - Started process (PID=93) to work on /opt/airflow/dags/transform_data.py
[2025-12-19T01:16:33.951+0000] {processor.py:914} INFO - Processing file /opt/airflow/dags/transform_data.py for tasks to queue
[2025-12-19T01:16:33.954+0000] {logging_mixin.py:190} INFO - [2025-12-19T01:16:33.954+0000] {dagbag.py:588} INFO - Filling up the DagBag from /opt/airflow/dags/transform_data.py
[2025-12-19T01:16:33.966+0000] {processor.py:925} INFO - DAG(s) 'transform_data' retrieved from /opt/airflow/dags/transform_data.py
[2025-12-19T01:16:33.997+0000] {logging_mixin.py:190} INFO - [2025-12-19T01:16:33.997+0000] {dag.py:3239} INFO - Sync 1 DAGs
[2025-12-19T01:16:34.006+0000] {logging_mixin.py:190} INFO - [2025-12-19T01:16:34.006+0000] {dag.py:4180} INFO - Setting next_dagrun for transform_data to None, run_after=None
[2025-12-19T01:16:34.018+0000] {processor.py:208} INFO - Processing /opt/airflow/dags/transform_data.py took 0.075 seconds
[2025-12-19T01:17:04.142+0000] {processor.py:186} INFO - Started process (PID=100) to work on /opt/airflow/dags/transform_data.py
[2025-12-19T01:17:04.145+0000] {processor.py:914} INFO - Processing file /opt/airflow/dags/transform_data.py for tasks to queue
[2025-12-19T01:17:04.147+0000] {logging_mixin.py:190} INFO - [2025-12-19T01:17:04.147+0000] {dagbag.py:588} INFO - Filling up the DagBag from /opt/airflow/dags/transform_data.py
[2025-12-19T01:17:04.154+0000] {processor.py:925} INFO - DAG(s) 'transform_data' retrieved from /opt/airflow/dags/transform_data.py
[2025-12-19T01:17:04.170+0000] {logging_mixin.py:190} INFO - [2025-12-19T01:17:04.170+0000] {dag.py:3239} INFO - Sync 1 DAGs
[2025-12-19T01:17:04.178+0000] {logging_mixin.py:190} INFO - [2025-12-19T01:17:04.178+0000] {dag.py:4180} INFO - Setting next_dagrun for transform_data to None, run_after=None
[2025-12-19T01:17:04.188+0000] {processor.py:208} INFO - Processing /opt/airflow/dags/transform_data.py took 0.051 seconds
[2025-12-19T01:17:34.318+0000] {processor.py:186} INFO - Started process (PID=107) to work on /opt/airflow/dags/transform_data.py
[2025-12-19T01:17:34.319+0000] {processor.py:914} INFO - Processing file /opt/airflow/dags/transform_data.py for tasks to queue
[2025-12-19T01:17:34.321+0000] {logging_mixin.py:190} INFO - [2025-12-19T01:17:34.321+0000] {dagbag.py:588} INFO - Filling up the DagBag from /opt/airflow/dags/transform_data.py
[2025-12-19T01:17:34.332+0000] {processor.py:925} INFO - DAG(s) 'transform_data' retrieved from /opt/airflow/dags/transform_data.py
[2025-12-19T01:17:34.355+0000] {logging_mixin.py:190} INFO - [2025-12-19T01:17:34.355+0000] {dag.py:3239} INFO - Sync 1 DAGs
[2025-12-19T01:17:34.363+0000] {logging_mixin.py:190} INFO - [2025-12-19T01:17:34.363+0000] {dag.py:4180} INFO - Setting next_dagrun for transform_data to None, run_after=None
[2025-12-19T01:17:34.373+0000] {processor.py:208} INFO - Processing /opt/airflow/dags/transform_data.py took 0.062 seconds
[2025-12-19T01:18:04.548+0000] {processor.py:186} INFO - Started process (PID=114) to work on /opt/airflow/dags/transform_data.py
[2025-12-19T01:18:04.550+0000] {processor.py:914} INFO - Processing file /opt/airflow/dags/transform_data.py for tasks to queue
[2025-12-19T01:18:04.552+0000] {logging_mixin.py:190} INFO - [2025-12-19T01:18:04.552+0000] {dagbag.py:588} INFO - Filling up the DagBag from /opt/airflow/dags/transform_data.py
[2025-12-19T01:18:04.561+0000] {processor.py:925} INFO - DAG(s) 'transform_data' retrieved from /opt/airflow/dags/transform_data.py
[2025-12-19T01:18:04.577+0000] {logging_mixin.py:190} INFO - [2025-12-19T01:18:04.577+0000] {dag.py:3239} INFO - Sync 1 DAGs
[2025-12-19T01:18:04.587+0000] {logging_mixin.py:190} INFO - [2025-12-19T01:18:04.587+0000] {dag.py:4180} INFO - Setting next_dagrun for transform_data to None, run_after=None
[2025-12-19T01:18:04.595+0000] {processor.py:208} INFO - Processing /opt/airflow/dags/transform_data.py took 0.053 seconds
[2025-12-19T01:18:34.731+0000] {processor.py:186} INFO - Started process (PID=121) to work on /opt/airflow/dags/transform_data.py
[2025-12-19T01:18:34.731+0000] {processor.py:914} INFO - Processing file /opt/airflow/dags/transform_data.py for tasks to queue
[2025-12-19T01:18:34.732+0000] {logging_mixin.py:190} INFO - [2025-12-19T01:18:34.732+0000] {dagbag.py:588} INFO - Filling up the DagBag from /opt/airflow/dags/transform_data.py
[2025-12-19T01:18:34.738+0000] {processor.py:925} INFO - DAG(s) 'transform_data' retrieved from /opt/airflow/dags/transform_data.py
[2025-12-19T01:18:34.753+0000] {logging_mixin.py:190} INFO - [2025-12-19T01:18:34.753+0000] {dag.py:3239} INFO - Sync 1 DAGs
[2025-12-19T01:18:34.762+0000] {logging_mixin.py:190} INFO - [2025-12-19T01:18:34.762+0000] {dag.py:4180} INFO - Setting next_dagrun for transform_data to None, run_after=None
[2025-12-19T01:18:34.770+0000] {processor.py:208} INFO - Processing /opt/airflow/dags/transform_data.py took 0.043 seconds
[2025-12-19T01:19:04.967+0000] {processor.py:186} INFO - Started process (PID=128) to work on /opt/airflow/dags/transform_data.py
[2025-12-19T01:19:04.968+0000] {processor.py:914} INFO - Processing file /opt/airflow/dags/transform_data.py for tasks to queue
[2025-12-19T01:19:04.969+0000] {logging_mixin.py:190} INFO - [2025-12-19T01:19:04.969+0000] {dagbag.py:588} INFO - Filling up the DagBag from /opt/airflow/dags/transform_data.py
[2025-12-19T01:19:04.976+0000] {processor.py:925} INFO - DAG(s) 'transform_data' retrieved from /opt/airflow/dags/transform_data.py
[2025-12-19T01:19:04.991+0000] {logging_mixin.py:190} INFO - [2025-12-19T01:19:04.991+0000] {dag.py:3239} INFO - Sync 1 DAGs
[2025-12-19T01:19:04.999+0000] {logging_mixin.py:190} INFO - [2025-12-19T01:19:04.999+0000] {dag.py:4180} INFO - Setting next_dagrun for transform_data to None, run_after=None
[2025-12-19T01:19:05.008+0000] {processor.py:208} INFO - Processing /opt/airflow/dags/transform_data.py took 0.045 seconds
[2025-12-19T01:19:35.164+0000] {processor.py:186} INFO - Started process (PID=135) to work on /opt/airflow/dags/transform_data.py
[2025-12-19T01:19:35.166+0000] {processor.py:914} INFO - Processing file /opt/airflow/dags/transform_data.py for tasks to queue
[2025-12-19T01:19:35.167+0000] {logging_mixin.py:190} INFO - [2025-12-19T01:19:35.167+0000] {dagbag.py:588} INFO - Filling up the DagBag from /opt/airflow/dags/transform_data.py
[2025-12-19T01:19:35.173+0000] {processor.py:925} INFO - DAG(s) 'transform_data' retrieved from /opt/airflow/dags/transform_data.py
[2025-12-19T01:19:35.190+0000] {logging_mixin.py:190} INFO - [2025-12-19T01:19:35.190+0000] {dag.py:3239} INFO - Sync 1 DAGs
[2025-12-19T01:19:35.198+0000] {logging_mixin.py:190} INFO - [2025-12-19T01:19:35.198+0000] {dag.py:4180} INFO - Setting next_dagrun for transform_data to None, run_after=None
[2025-12-19T01:19:35.206+0000] {processor.py:208} INFO - Processing /opt/airflow/dags/transform_data.py took 0.046 seconds
[2025-12-19T01:20:05.386+0000] {processor.py:186} INFO - Started process (PID=142) to work on /opt/airflow/dags/transform_data.py
[2025-12-19T01:20:05.388+0000] {processor.py:914} INFO - Processing file /opt/airflow/dags/transform_data.py for tasks to queue
[2025-12-19T01:20:05.391+0000] {logging_mixin.py:190} INFO - [2025-12-19T01:20:05.391+0000] {dagbag.py:588} INFO - Filling up the DagBag from /opt/airflow/dags/transform_data.py
[2025-12-19T01:20:05.400+0000] {processor.py:925} INFO - DAG(s) 'transform_data' retrieved from /opt/airflow/dags/transform_data.py
[2025-12-19T01:20:05.423+0000] {logging_mixin.py:190} INFO - [2025-12-19T01:20:05.423+0000] {dag.py:3239} INFO - Sync 1 DAGs
[2025-12-19T01:20:05.431+0000] {logging_mixin.py:190} INFO - [2025-12-19T01:20:05.431+0000] {dag.py:4180} INFO - Setting next_dagrun for transform_data to None, run_after=None
[2025-12-19T01:20:05.440+0000] {processor.py:208} INFO - Processing /opt/airflow/dags/transform_data.py took 0.059 seconds
[2025-12-19T01:20:35.580+0000] {processor.py:186} INFO - Started process (PID=149) to work on /opt/airflow/dags/transform_data.py
[2025-12-19T01:20:35.583+0000] {processor.py:914} INFO - Processing file /opt/airflow/dags/transform_data.py for tasks to queue
[2025-12-19T01:20:35.584+0000] {logging_mixin.py:190} INFO - [2025-12-19T01:20:35.584+0000] {dagbag.py:588} INFO - Filling up the DagBag from /opt/airflow/dags/transform_data.py
[2025-12-19T01:20:35.590+0000] {processor.py:925} INFO - DAG(s) 'transform_data' retrieved from /opt/airflow/dags/transform_data.py
[2025-12-19T01:20:35.611+0000] {logging_mixin.py:190} INFO - [2025-12-19T01:20:35.611+0000] {dag.py:3239} INFO - Sync 1 DAGs
[2025-12-19T01:20:35.619+0000] {logging_mixin.py:190} INFO - [2025-12-19T01:20:35.619+0000] {dag.py:4180} INFO - Setting next_dagrun for transform_data to None, run_after=None
[2025-12-19T01:20:35.629+0000] {processor.py:208} INFO - Processing /opt/airflow/dags/transform_data.py took 0.053 seconds
[2025-12-19T01:21:05.789+0000] {processor.py:186} INFO - Started process (PID=156) to work on /opt/airflow/dags/transform_data.py
[2025-12-19T01:21:05.792+0000] {processor.py:914} INFO - Processing file /opt/airflow/dags/transform_data.py for tasks to queue
[2025-12-19T01:21:05.794+0000] {logging_mixin.py:190} INFO - [2025-12-19T01:21:05.794+0000] {dagbag.py:588} INFO - Filling up the DagBag from /opt/airflow/dags/transform_data.py
[2025-12-19T01:21:05.801+0000] {processor.py:925} INFO - DAG(s) 'transform_data' retrieved from /opt/airflow/dags/transform_data.py
[2025-12-19T01:21:05.823+0000] {logging_mixin.py:190} INFO - [2025-12-19T01:21:05.823+0000] {dag.py:3239} INFO - Sync 1 DAGs
[2025-12-19T01:21:05.832+0000] {logging_mixin.py:190} INFO - [2025-12-19T01:21:05.832+0000] {dag.py:4180} INFO - Setting next_dagrun for transform_data to None, run_after=None
[2025-12-19T01:21:05.842+0000] {processor.py:208} INFO - Processing /opt/airflow/dags/transform_data.py took 0.059 seconds
[2025-12-19T01:21:36.011+0000] {processor.py:186} INFO - Started process (PID=163) to work on /opt/airflow/dags/transform_data.py
[2025-12-19T01:21:36.012+0000] {processor.py:914} INFO - Processing file /opt/airflow/dags/transform_data.py for tasks to queue
[2025-12-19T01:21:36.014+0000] {logging_mixin.py:190} INFO - [2025-12-19T01:21:36.014+0000] {dagbag.py:588} INFO - Filling up the DagBag from /opt/airflow/dags/transform_data.py
[2025-12-19T01:21:36.025+0000] {processor.py:925} INFO - DAG(s) 'transform_data' retrieved from /opt/airflow/dags/transform_data.py
[2025-12-19T01:21:36.042+0000] {logging_mixin.py:190} INFO - [2025-12-19T01:21:36.041+0000] {dag.py:3239} INFO - Sync 1 DAGs
[2025-12-19T01:21:36.049+0000] {logging_mixin.py:190} INFO - [2025-12-19T01:21:36.049+0000] {dag.py:4180} INFO - Setting next_dagrun for transform_data to None, run_after=None
[2025-12-19T01:21:36.058+0000] {processor.py:208} INFO - Processing /opt/airflow/dags/transform_data.py took 0.054 seconds
[2025-12-19T01:22:06.217+0000] {processor.py:186} INFO - Started process (PID=170) to work on /opt/airflow/dags/transform_data.py
[2025-12-19T01:22:06.219+0000] {processor.py:914} INFO - Processing file /opt/airflow/dags/transform_data.py for tasks to queue
[2025-12-19T01:22:06.222+0000] {logging_mixin.py:190} INFO - [2025-12-19T01:22:06.222+0000] {dagbag.py:588} INFO - Filling up the DagBag from /opt/airflow/dags/transform_data.py
[2025-12-19T01:22:06.234+0000] {processor.py:925} INFO - DAG(s) 'transform_data' retrieved from /opt/airflow/dags/transform_data.py
[2025-12-19T01:22:06.251+0000] {logging_mixin.py:190} INFO - [2025-12-19T01:22:06.251+0000] {dag.py:3239} INFO - Sync 1 DAGs
[2025-12-19T01:22:06.259+0000] {logging_mixin.py:190} INFO - [2025-12-19T01:22:06.258+0000] {dag.py:4180} INFO - Setting next_dagrun for transform_data to None, run_after=None
[2025-12-19T01:22:06.267+0000] {processor.py:208} INFO - Processing /opt/airflow/dags/transform_data.py took 0.057 seconds
[2025-12-19T01:22:36.458+0000] {processor.py:186} INFO - Started process (PID=177) to work on /opt/airflow/dags/transform_data.py
[2025-12-19T01:22:36.460+0000] {processor.py:914} INFO - Processing file /opt/airflow/dags/transform_data.py for tasks to queue
[2025-12-19T01:22:36.461+0000] {logging_mixin.py:190} INFO - [2025-12-19T01:22:36.461+0000] {dagbag.py:588} INFO - Filling up the DagBag from /opt/airflow/dags/transform_data.py
[2025-12-19T01:22:36.467+0000] {processor.py:925} INFO - DAG(s) 'transform_data' retrieved from /opt/airflow/dags/transform_data.py
[2025-12-19T01:22:36.488+0000] {logging_mixin.py:190} INFO - [2025-12-19T01:22:36.488+0000] {dag.py:3239} INFO - Sync 1 DAGs
[2025-12-19T01:22:36.496+0000] {logging_mixin.py:190} INFO - [2025-12-19T01:22:36.496+0000] {dag.py:4180} INFO - Setting next_dagrun for transform_data to None, run_after=None
[2025-12-19T01:22:36.505+0000] {processor.py:208} INFO - Processing /opt/airflow/dags/transform_data.py took 0.051 seconds
[2025-12-19T01:23:06.665+0000] {processor.py:186} INFO - Started process (PID=184) to work on /opt/airflow/dags/transform_data.py
[2025-12-19T01:23:06.668+0000] {processor.py:914} INFO - Processing file /opt/airflow/dags/transform_data.py for tasks to queue
[2025-12-19T01:23:06.669+0000] {logging_mixin.py:190} INFO - [2025-12-19T01:23:06.668+0000] {dagbag.py:588} INFO - Filling up the DagBag from /opt/airflow/dags/transform_data.py
[2025-12-19T01:23:06.675+0000] {processor.py:925} INFO - DAG(s) 'transform_data' retrieved from /opt/airflow/dags/transform_data.py
[2025-12-19T01:23:06.695+0000] {logging_mixin.py:190} INFO - [2025-12-19T01:23:06.695+0000] {dag.py:3239} INFO - Sync 1 DAGs
[2025-12-19T01:23:06.703+0000] {logging_mixin.py:190} INFO - [2025-12-19T01:23:06.703+0000] {dag.py:4180} INFO - Setting next_dagrun for transform_data to None, run_after=None
[2025-12-19T01:23:06.713+0000] {processor.py:208} INFO - Processing /opt/airflow/dags/transform_data.py took 0.051 seconds
[2025-12-19T01:23:36.888+0000] {processor.py:186} INFO - Started process (PID=196) to work on /opt/airflow/dags/transform_data.py
[2025-12-19T01:23:36.890+0000] {processor.py:914} INFO - Processing file /opt/airflow/dags/transform_data.py for tasks to queue
[2025-12-19T01:23:36.891+0000] {logging_mixin.py:190} INFO - [2025-12-19T01:23:36.890+0000] {dagbag.py:588} INFO - Filling up the DagBag from /opt/airflow/dags/transform_data.py
[2025-12-19T01:23:36.897+0000] {processor.py:925} INFO - DAG(s) 'transform_data' retrieved from /opt/airflow/dags/transform_data.py
[2025-12-19T01:23:36.918+0000] {logging_mixin.py:190} INFO - [2025-12-19T01:23:36.917+0000] {dag.py:3239} INFO - Sync 1 DAGs
[2025-12-19T01:23:36.925+0000] {logging_mixin.py:190} INFO - [2025-12-19T01:23:36.925+0000] {dag.py:4180} INFO - Setting next_dagrun for transform_data to None, run_after=None
[2025-12-19T01:23:36.935+0000] {processor.py:208} INFO - Processing /opt/airflow/dags/transform_data.py took 0.050 seconds
[2025-12-19T01:24:07.094+0000] {processor.py:186} INFO - Started process (PID=203) to work on /opt/airflow/dags/transform_data.py
[2025-12-19T01:24:07.096+0000] {processor.py:914} INFO - Processing file /opt/airflow/dags/transform_data.py for tasks to queue
[2025-12-19T01:24:07.097+0000] {logging_mixin.py:190} INFO - [2025-12-19T01:24:07.097+0000] {dagbag.py:588} INFO - Filling up the DagBag from /opt/airflow/dags/transform_data.py
[2025-12-19T01:24:07.103+0000] {processor.py:925} INFO - DAG(s) 'transform_data' retrieved from /opt/airflow/dags/transform_data.py
[2025-12-19T01:24:07.127+0000] {logging_mixin.py:190} INFO - [2025-12-19T01:24:07.126+0000] {dag.py:3239} INFO - Sync 1 DAGs
[2025-12-19T01:24:07.135+0000] {logging_mixin.py:190} INFO - [2025-12-19T01:24:07.135+0000] {dag.py:4180} INFO - Setting next_dagrun for transform_data to None, run_after=None
[2025-12-19T01:24:07.143+0000] {processor.py:208} INFO - Processing /opt/airflow/dags/transform_data.py took 0.053 seconds
[2025-12-19T01:24:37.303+0000] {processor.py:186} INFO - Started process (PID=210) to work on /opt/airflow/dags/transform_data.py
[2025-12-19T01:24:37.306+0000] {processor.py:914} INFO - Processing file /opt/airflow/dags/transform_data.py for tasks to queue
[2025-12-19T01:24:37.308+0000] {logging_mixin.py:190} INFO - [2025-12-19T01:24:37.308+0000] {dagbag.py:588} INFO - Filling up the DagBag from /opt/airflow/dags/transform_data.py
[2025-12-19T01:24:37.317+0000] {processor.py:925} INFO - DAG(s) 'transform_data' retrieved from /opt/airflow/dags/transform_data.py
[2025-12-19T01:24:37.342+0000] {logging_mixin.py:190} INFO - [2025-12-19T01:24:37.341+0000] {dag.py:3239} INFO - Sync 1 DAGs
[2025-12-19T01:24:37.352+0000] {logging_mixin.py:190} INFO - [2025-12-19T01:24:37.351+0000] {dag.py:4180} INFO - Setting next_dagrun for transform_data to None, run_after=None
[2025-12-19T01:24:37.369+0000] {processor.py:208} INFO - Processing /opt/airflow/dags/transform_data.py took 0.072 seconds
[2025-12-19T01:25:07.550+0000] {processor.py:186} INFO - Started process (PID=217) to work on /opt/airflow/dags/transform_data.py
[2025-12-19T01:25:07.552+0000] {processor.py:914} INFO - Processing file /opt/airflow/dags/transform_data.py for tasks to queue
[2025-12-19T01:25:07.555+0000] {logging_mixin.py:190} INFO - [2025-12-19T01:25:07.555+0000] {dagbag.py:588} INFO - Filling up the DagBag from /opt/airflow/dags/transform_data.py
[2025-12-19T01:25:07.564+0000] {processor.py:925} INFO - DAG(s) 'transform_data' retrieved from /opt/airflow/dags/transform_data.py
[2025-12-19T01:25:07.591+0000] {logging_mixin.py:190} INFO - [2025-12-19T01:25:07.591+0000] {dag.py:3239} INFO - Sync 1 DAGs
[2025-12-19T01:25:07.599+0000] {logging_mixin.py:190} INFO - [2025-12-19T01:25:07.599+0000] {dag.py:4180} INFO - Setting next_dagrun for transform_data to None, run_after=None
[2025-12-19T01:25:07.611+0000] {processor.py:208} INFO - Processing /opt/airflow/dags/transform_data.py took 0.067 seconds
[2025-12-19T01:25:37.788+0000] {processor.py:186} INFO - Started process (PID=224) to work on /opt/airflow/dags/transform_data.py
[2025-12-19T01:25:37.791+0000] {processor.py:914} INFO - Processing file /opt/airflow/dags/transform_data.py for tasks to queue
[2025-12-19T01:25:37.792+0000] {logging_mixin.py:190} INFO - [2025-12-19T01:25:37.792+0000] {dagbag.py:588} INFO - Filling up the DagBag from /opt/airflow/dags/transform_data.py
[2025-12-19T01:25:37.800+0000] {processor.py:925} INFO - DAG(s) 'transform_data' retrieved from /opt/airflow/dags/transform_data.py
[2025-12-19T01:25:37.821+0000] {logging_mixin.py:190} INFO - [2025-12-19T01:25:37.821+0000] {dag.py:3239} INFO - Sync 1 DAGs
[2025-12-19T01:25:37.830+0000] {logging_mixin.py:190} INFO - [2025-12-19T01:25:37.830+0000] {dag.py:4180} INFO - Setting next_dagrun for transform_data to None, run_after=None
[2025-12-19T01:25:37.839+0000] {processor.py:208} INFO - Processing /opt/airflow/dags/transform_data.py took 0.058 seconds
[2025-12-19T01:26:08.012+0000] {processor.py:186} INFO - Started process (PID=231) to work on /opt/airflow/dags/transform_data.py
[2025-12-19T01:26:08.014+0000] {processor.py:914} INFO - Processing file /opt/airflow/dags/transform_data.py for tasks to queue
[2025-12-19T01:26:08.016+0000] {logging_mixin.py:190} INFO - [2025-12-19T01:26:08.016+0000] {dagbag.py:588} INFO - Filling up the DagBag from /opt/airflow/dags/transform_data.py
[2025-12-19T01:26:08.022+0000] {processor.py:925} INFO - DAG(s) 'transform_data' retrieved from /opt/airflow/dags/transform_data.py
[2025-12-19T01:26:08.050+0000] {logging_mixin.py:190} INFO - [2025-12-19T01:26:08.050+0000] {dag.py:3239} INFO - Sync 1 DAGs
[2025-12-19T01:26:08.062+0000] {logging_mixin.py:190} INFO - [2025-12-19T01:26:08.062+0000] {dag.py:4180} INFO - Setting next_dagrun for transform_data to None, run_after=None
[2025-12-19T01:26:08.074+0000] {processor.py:208} INFO - Processing /opt/airflow/dags/transform_data.py took 0.066 seconds
[2025-12-19T01:26:38.221+0000] {processor.py:186} INFO - Started process (PID=238) to work on /opt/airflow/dags/transform_data.py
[2025-12-19T01:26:38.224+0000] {processor.py:914} INFO - Processing file /opt/airflow/dags/transform_data.py for tasks to queue
[2025-12-19T01:26:38.227+0000] {logging_mixin.py:190} INFO - [2025-12-19T01:26:38.226+0000] {dagbag.py:588} INFO - Filling up the DagBag from /opt/airflow/dags/transform_data.py
[2025-12-19T01:26:38.238+0000] {processor.py:925} INFO - DAG(s) 'transform_data' retrieved from /opt/airflow/dags/transform_data.py
[2025-12-19T01:26:38.256+0000] {logging_mixin.py:190} INFO - [2025-12-19T01:26:38.256+0000] {dag.py:3239} INFO - Sync 1 DAGs
[2025-12-19T01:26:38.265+0000] {logging_mixin.py:190} INFO - [2025-12-19T01:26:38.264+0000] {dag.py:4180} INFO - Setting next_dagrun for transform_data to None, run_after=None
[2025-12-19T01:26:38.273+0000] {processor.py:208} INFO - Processing /opt/airflow/dags/transform_data.py took 0.059 seconds
[2025-12-19T01:27:08.437+0000] {processor.py:186} INFO - Started process (PID=245) to work on /opt/airflow/dags/transform_data.py
[2025-12-19T01:27:08.440+0000] {processor.py:914} INFO - Processing file /opt/airflow/dags/transform_data.py for tasks to queue
[2025-12-19T01:27:08.441+0000] {logging_mixin.py:190} INFO - [2025-12-19T01:27:08.441+0000] {dagbag.py:588} INFO - Filling up the DagBag from /opt/airflow/dags/transform_data.py
[2025-12-19T01:27:08.447+0000] {processor.py:925} INFO - DAG(s) 'transform_data' retrieved from /opt/airflow/dags/transform_data.py
[2025-12-19T01:27:08.468+0000] {logging_mixin.py:190} INFO - [2025-12-19T01:27:08.468+0000] {dag.py:3239} INFO - Sync 1 DAGs
[2025-12-19T01:27:08.476+0000] {logging_mixin.py:190} INFO - [2025-12-19T01:27:08.476+0000] {dag.py:4180} INFO - Setting next_dagrun for transform_data to None, run_after=None
[2025-12-19T01:27:08.484+0000] {processor.py:208} INFO - Processing /opt/airflow/dags/transform_data.py took 0.052 seconds
[2025-12-19T01:27:38.610+0000] {processor.py:186} INFO - Started process (PID=252) to work on /opt/airflow/dags/transform_data.py
[2025-12-19T01:27:38.613+0000] {processor.py:914} INFO - Processing file /opt/airflow/dags/transform_data.py for tasks to queue
[2025-12-19T01:27:38.615+0000] {logging_mixin.py:190} INFO - [2025-12-19T01:27:38.614+0000] {dagbag.py:588} INFO - Filling up the DagBag from /opt/airflow/dags/transform_data.py
[2025-12-19T01:27:38.625+0000] {processor.py:925} INFO - DAG(s) 'transform_data' retrieved from /opt/airflow/dags/transform_data.py
[2025-12-19T01:27:38.648+0000] {logging_mixin.py:190} INFO - [2025-12-19T01:27:38.648+0000] {dag.py:3239} INFO - Sync 1 DAGs
[2025-12-19T01:27:38.657+0000] {logging_mixin.py:190} INFO - [2025-12-19T01:27:38.657+0000] {dag.py:4180} INFO - Setting next_dagrun for transform_data to None, run_after=None
[2025-12-19T01:27:38.666+0000] {processor.py:208} INFO - Processing /opt/airflow/dags/transform_data.py took 0.061 seconds
[2025-12-19T01:28:08.853+0000] {processor.py:186} INFO - Started process (PID=259) to work on /opt/airflow/dags/transform_data.py
[2025-12-19T01:28:08.854+0000] {processor.py:914} INFO - Processing file /opt/airflow/dags/transform_data.py for tasks to queue
[2025-12-19T01:28:08.856+0000] {logging_mixin.py:190} INFO - [2025-12-19T01:28:08.856+0000] {dagbag.py:588} INFO - Filling up the DagBag from /opt/airflow/dags/transform_data.py
[2025-12-19T01:28:08.865+0000] {processor.py:925} INFO - DAG(s) 'transform_data' retrieved from /opt/airflow/dags/transform_data.py
[2025-12-19T01:28:08.890+0000] {logging_mixin.py:190} INFO - [2025-12-19T01:28:08.889+0000] {dag.py:3239} INFO - Sync 1 DAGs
[2025-12-19T01:28:08.898+0000] {logging_mixin.py:190} INFO - [2025-12-19T01:28:08.898+0000] {dag.py:4180} INFO - Setting next_dagrun for transform_data to None, run_after=None
[2025-12-19T01:28:08.908+0000] {processor.py:208} INFO - Processing /opt/airflow/dags/transform_data.py took 0.061 seconds
[2025-12-19T01:28:39.058+0000] {processor.py:186} INFO - Started process (PID=265) to work on /opt/airflow/dags/transform_data.py
[2025-12-19T01:28:39.059+0000] {processor.py:914} INFO - Processing file /opt/airflow/dags/transform_data.py for tasks to queue
[2025-12-19T01:28:39.060+0000] {logging_mixin.py:190} INFO - [2025-12-19T01:28:39.060+0000] {dagbag.py:588} INFO - Filling up the DagBag from /opt/airflow/dags/transform_data.py
[2025-12-19T01:28:39.067+0000] {processor.py:925} INFO - DAG(s) 'transform_data' retrieved from /opt/airflow/dags/transform_data.py
[2025-12-19T01:28:39.088+0000] {logging_mixin.py:190} INFO - [2025-12-19T01:28:39.087+0000] {dag.py:3239} INFO - Sync 1 DAGs
[2025-12-19T01:28:39.095+0000] {logging_mixin.py:190} INFO - [2025-12-19T01:28:39.095+0000] {dag.py:4180} INFO - Setting next_dagrun for transform_data to None, run_after=None
[2025-12-19T01:28:39.105+0000] {processor.py:208} INFO - Processing /opt/airflow/dags/transform_data.py took 0.050 seconds
[2025-12-19T01:29:09.321+0000] {processor.py:186} INFO - Started process (PID=272) to work on /opt/airflow/dags/transform_data.py
[2025-12-19T01:29:09.324+0000] {processor.py:914} INFO - Processing file /opt/airflow/dags/transform_data.py for tasks to queue
[2025-12-19T01:29:09.328+0000] {logging_mixin.py:190} INFO - [2025-12-19T01:29:09.328+0000] {dagbag.py:588} INFO - Filling up the DagBag from /opt/airflow/dags/transform_data.py
[2025-12-19T01:29:09.339+0000] {processor.py:925} INFO - DAG(s) 'transform_data' retrieved from /opt/airflow/dags/transform_data.py
[2025-12-19T01:29:09.367+0000] {logging_mixin.py:190} INFO - [2025-12-19T01:29:09.366+0000] {dag.py:3239} INFO - Sync 1 DAGs
[2025-12-19T01:29:09.377+0000] {logging_mixin.py:190} INFO - [2025-12-19T01:29:09.377+0000] {dag.py:4180} INFO - Setting next_dagrun for transform_data to None, run_after=None
[2025-12-19T01:29:09.392+0000] {processor.py:208} INFO - Processing /opt/airflow/dags/transform_data.py took 0.079 seconds
[2025-12-19T01:32:45.423+0000] {processor.py:186} INFO - Started process (PID=273) to work on /opt/airflow/dags/transform_data.py
[2025-12-19T01:32:45.425+0000] {processor.py:914} INFO - Processing file /opt/airflow/dags/transform_data.py for tasks to queue
[2025-12-19T01:32:45.428+0000] {logging_mixin.py:190} INFO - [2025-12-19T01:32:45.427+0000] {dagbag.py:588} INFO - Filling up the DagBag from /opt/airflow/dags/transform_data.py
[2025-12-19T01:32:45.439+0000] {processor.py:925} INFO - DAG(s) 'transform_data' retrieved from /opt/airflow/dags/transform_data.py
[2025-12-19T01:32:45.463+0000] {logging_mixin.py:190} INFO - [2025-12-19T01:32:45.463+0000] {dag.py:3239} INFO - Sync 1 DAGs
[2025-12-19T01:32:45.471+0000] {logging_mixin.py:190} INFO - [2025-12-19T01:32:45.471+0000] {dag.py:4180} INFO - Setting next_dagrun for transform_data to None, run_after=None
[2025-12-19T01:32:45.484+0000] {processor.py:208} INFO - Processing /opt/airflow/dags/transform_data.py took 0.065 seconds
[2025-12-19T01:33:15.669+0000] {processor.py:186} INFO - Started process (PID=280) to work on /opt/airflow/dags/transform_data.py
[2025-12-19T01:33:15.671+0000] {processor.py:914} INFO - Processing file /opt/airflow/dags/transform_data.py for tasks to queue
[2025-12-19T01:33:15.673+0000] {logging_mixin.py:190} INFO - [2025-12-19T01:33:15.672+0000] {dagbag.py:588} INFO - Filling up the DagBag from /opt/airflow/dags/transform_data.py
[2025-12-19T01:33:15.679+0000] {processor.py:925} INFO - DAG(s) 'transform_data' retrieved from /opt/airflow/dags/transform_data.py
[2025-12-19T01:33:15.697+0000] {logging_mixin.py:190} INFO - [2025-12-19T01:33:15.697+0000] {dag.py:3239} INFO - Sync 1 DAGs
[2025-12-19T01:33:15.704+0000] {logging_mixin.py:190} INFO - [2025-12-19T01:33:15.704+0000] {dag.py:4180} INFO - Setting next_dagrun for transform_data to None, run_after=None
[2025-12-19T01:33:15.714+0000] {processor.py:208} INFO - Processing /opt/airflow/dags/transform_data.py took 0.049 seconds
[2025-12-19T01:33:45.878+0000] {processor.py:186} INFO - Started process (PID=287) to work on /opt/airflow/dags/transform_data.py
[2025-12-19T01:33:45.880+0000] {processor.py:914} INFO - Processing file /opt/airflow/dags/transform_data.py for tasks to queue
[2025-12-19T01:33:45.883+0000] {logging_mixin.py:190} INFO - [2025-12-19T01:33:45.882+0000] {dagbag.py:588} INFO - Filling up the DagBag from /opt/airflow/dags/transform_data.py
[2025-12-19T01:33:45.891+0000] {processor.py:925} INFO - DAG(s) 'transform_data' retrieved from /opt/airflow/dags/transform_data.py
[2025-12-19T01:33:45.917+0000] {logging_mixin.py:190} INFO - [2025-12-19T01:33:45.916+0000] {dag.py:3239} INFO - Sync 1 DAGs
[2025-12-19T01:33:45.927+0000] {logging_mixin.py:190} INFO - [2025-12-19T01:33:45.926+0000] {dag.py:4180} INFO - Setting next_dagrun for transform_data to None, run_after=None
[2025-12-19T01:33:45.940+0000] {processor.py:208} INFO - Processing /opt/airflow/dags/transform_data.py took 0.073 seconds
[2025-12-19T01:35:10.605+0000] {processor.py:186} INFO - Started process (PID=58) to work on /opt/airflow/dags/transform_data.py
[2025-12-19T01:35:10.607+0000] {processor.py:914} INFO - Processing file /opt/airflow/dags/transform_data.py for tasks to queue
[2025-12-19T01:35:10.609+0000] {logging_mixin.py:190} INFO - [2025-12-19T01:35:10.608+0000] {dagbag.py:588} INFO - Filling up the DagBag from /opt/airflow/dags/transform_data.py
[2025-12-19T01:35:10.635+0000] {processor.py:925} INFO - DAG(s) 'transform_data' retrieved from /opt/airflow/dags/transform_data.py
[2025-12-19T01:35:10.867+0000] {logging_mixin.py:190} INFO - [2025-12-19T01:35:10.867+0000] {dag.py:3239} INFO - Sync 1 DAGs
[2025-12-19T01:35:10.878+0000] {logging_mixin.py:190} INFO - [2025-12-19T01:35:10.877+0000] {dag.py:4180} INFO - Setting next_dagrun for transform_data to None, run_after=None
[2025-12-19T01:35:10.896+0000] {processor.py:208} INFO - Processing /opt/airflow/dags/transform_data.py took 0.296 seconds
[2025-12-19T01:35:41.044+0000] {processor.py:186} INFO - Started process (PID=65) to work on /opt/airflow/dags/transform_data.py
[2025-12-19T01:35:41.046+0000] {processor.py:914} INFO - Processing file /opt/airflow/dags/transform_data.py for tasks to queue
[2025-12-19T01:35:41.047+0000] {logging_mixin.py:190} INFO - [2025-12-19T01:35:41.047+0000] {dagbag.py:588} INFO - Filling up the DagBag from /opt/airflow/dags/transform_data.py
[2025-12-19T01:35:41.057+0000] {processor.py:925} INFO - DAG(s) 'transform_data' retrieved from /opt/airflow/dags/transform_data.py
[2025-12-19T01:35:41.076+0000] {logging_mixin.py:190} INFO - [2025-12-19T01:35:41.076+0000] {dag.py:3239} INFO - Sync 1 DAGs
[2025-12-19T01:35:41.087+0000] {logging_mixin.py:190} INFO - [2025-12-19T01:35:41.087+0000] {dag.py:4180} INFO - Setting next_dagrun for transform_data to None, run_after=None
[2025-12-19T01:35:41.104+0000] {processor.py:208} INFO - Processing /opt/airflow/dags/transform_data.py took 0.066 seconds
[2025-12-19T01:36:11.183+0000] {processor.py:186} INFO - Started process (PID=72) to work on /opt/airflow/dags/transform_data.py
[2025-12-19T01:36:11.185+0000] {processor.py:914} INFO - Processing file /opt/airflow/dags/transform_data.py for tasks to queue
[2025-12-19T01:36:11.186+0000] {logging_mixin.py:190} INFO - [2025-12-19T01:36:11.186+0000] {dagbag.py:588} INFO - Filling up the DagBag from /opt/airflow/dags/transform_data.py
[2025-12-19T01:36:11.192+0000] {processor.py:925} INFO - DAG(s) 'transform_data' retrieved from /opt/airflow/dags/transform_data.py
[2025-12-19T01:36:11.211+0000] {logging_mixin.py:190} INFO - [2025-12-19T01:36:11.211+0000] {dag.py:3239} INFO - Sync 1 DAGs
[2025-12-19T01:36:11.219+0000] {logging_mixin.py:190} INFO - [2025-12-19T01:36:11.219+0000] {dag.py:4180} INFO - Setting next_dagrun for transform_data to None, run_after=None
[2025-12-19T01:36:11.231+0000] {processor.py:208} INFO - Processing /opt/airflow/dags/transform_data.py took 0.051 seconds
[2025-12-19T01:36:41.369+0000] {processor.py:186} INFO - Started process (PID=79) to work on /opt/airflow/dags/transform_data.py
[2025-12-19T01:36:41.371+0000] {processor.py:914} INFO - Processing file /opt/airflow/dags/transform_data.py for tasks to queue
[2025-12-19T01:36:41.373+0000] {logging_mixin.py:190} INFO - [2025-12-19T01:36:41.373+0000] {dagbag.py:588} INFO - Filling up the DagBag from /opt/airflow/dags/transform_data.py
[2025-12-19T01:36:41.379+0000] {processor.py:925} INFO - DAG(s) 'transform_data' retrieved from /opt/airflow/dags/transform_data.py
[2025-12-19T01:36:41.403+0000] {logging_mixin.py:190} INFO - [2025-12-19T01:36:41.403+0000] {dag.py:3239} INFO - Sync 1 DAGs
[2025-12-19T01:36:41.413+0000] {logging_mixin.py:190} INFO - [2025-12-19T01:36:41.413+0000] {dag.py:4180} INFO - Setting next_dagrun for transform_data to None, run_after=None
[2025-12-19T01:36:41.430+0000] {processor.py:208} INFO - Processing /opt/airflow/dags/transform_data.py took 0.065 seconds
[2025-12-19T01:37:16.288+0000] {processor.py:186} INFO - Started process (PID=86) to work on /opt/airflow/dags/transform_data.py
[2025-12-19T01:37:16.293+0000] {processor.py:914} INFO - Processing file /opt/airflow/dags/transform_data.py for tasks to queue
[2025-12-19T01:37:16.337+0000] {logging_mixin.py:190} INFO - [2025-12-19T01:37:16.334+0000] {dagbag.py:588} INFO - Filling up the DagBag from /opt/airflow/dags/transform_data.py
[2025-12-19T01:37:16.482+0000] {processor.py:925} INFO - DAG(s) 'transform_data' retrieved from /opt/airflow/dags/transform_data.py
[2025-12-19T01:37:16.629+0000] {logging_mixin.py:190} INFO - [2025-12-19T01:37:16.628+0000] {dag.py:3239} INFO - Sync 1 DAGs
[2025-12-19T01:37:16.689+0000] {logging_mixin.py:190} INFO - [2025-12-19T01:37:16.689+0000] {dag.py:4180} INFO - Setting next_dagrun for transform_data to None, run_after=None
[2025-12-19T01:37:16.738+0000] {processor.py:208} INFO - Processing /opt/airflow/dags/transform_data.py took 0.560 seconds
[2025-12-19T01:37:46.949+0000] {processor.py:186} INFO - Started process (PID=99) to work on /opt/airflow/dags/transform_data.py
[2025-12-19T01:37:46.950+0000] {processor.py:914} INFO - Processing file /opt/airflow/dags/transform_data.py for tasks to queue
[2025-12-19T01:37:46.952+0000] {logging_mixin.py:190} INFO - [2025-12-19T01:37:46.952+0000] {dagbag.py:588} INFO - Filling up the DagBag from /opt/airflow/dags/transform_data.py
[2025-12-19T01:37:46.963+0000] {processor.py:925} INFO - DAG(s) 'transform_data' retrieved from /opt/airflow/dags/transform_data.py
[2025-12-19T01:37:46.989+0000] {logging_mixin.py:190} INFO - [2025-12-19T01:37:46.988+0000] {dag.py:3239} INFO - Sync 1 DAGs
[2025-12-19T01:37:46.998+0000] {logging_mixin.py:190} INFO - [2025-12-19T01:37:46.998+0000] {dag.py:4180} INFO - Setting next_dagrun for transform_data to None, run_after=None
[2025-12-19T01:37:47.008+0000] {processor.py:208} INFO - Processing /opt/airflow/dags/transform_data.py took 0.068 seconds
[2025-12-19T01:38:17.185+0000] {processor.py:186} INFO - Started process (PID=106) to work on /opt/airflow/dags/transform_data.py
[2025-12-19T01:38:17.186+0000] {processor.py:914} INFO - Processing file /opt/airflow/dags/transform_data.py for tasks to queue
[2025-12-19T01:38:17.188+0000] {logging_mixin.py:190} INFO - [2025-12-19T01:38:17.188+0000] {dagbag.py:588} INFO - Filling up the DagBag from /opt/airflow/dags/transform_data.py
[2025-12-19T01:38:17.198+0000] {processor.py:925} INFO - DAG(s) 'transform_data' retrieved from /opt/airflow/dags/transform_data.py
[2025-12-19T01:38:17.213+0000] {logging_mixin.py:190} INFO - [2025-12-19T01:38:17.213+0000] {dag.py:3239} INFO - Sync 1 DAGs
[2025-12-19T01:38:17.222+0000] {logging_mixin.py:190} INFO - [2025-12-19T01:38:17.222+0000] {dag.py:4180} INFO - Setting next_dagrun for transform_data to None, run_after=None
[2025-12-19T01:38:17.231+0000] {processor.py:208} INFO - Processing /opt/airflow/dags/transform_data.py took 0.054 seconds
[2025-12-19T01:38:47.411+0000] {processor.py:186} INFO - Started process (PID=113) to work on /opt/airflow/dags/transform_data.py
[2025-12-19T01:38:47.419+0000] {processor.py:914} INFO - Processing file /opt/airflow/dags/transform_data.py for tasks to queue
[2025-12-19T01:38:47.422+0000] {logging_mixin.py:190} INFO - [2025-12-19T01:38:47.421+0000] {dagbag.py:588} INFO - Filling up the DagBag from /opt/airflow/dags/transform_data.py
[2025-12-19T01:38:47.429+0000] {processor.py:925} INFO - DAG(s) 'transform_data' retrieved from /opt/airflow/dags/transform_data.py
[2025-12-19T01:38:47.452+0000] {logging_mixin.py:190} INFO - [2025-12-19T01:38:47.451+0000] {dag.py:3239} INFO - Sync 1 DAGs
[2025-12-19T01:38:47.465+0000] {logging_mixin.py:190} INFO - [2025-12-19T01:38:47.465+0000] {dag.py:4180} INFO - Setting next_dagrun for transform_data to None, run_after=None
[2025-12-19T01:38:47.477+0000] {processor.py:208} INFO - Processing /opt/airflow/dags/transform_data.py took 0.073 seconds
[2025-12-19T01:39:17.689+0000] {processor.py:186} INFO - Started process (PID=120) to work on /opt/airflow/dags/transform_data.py
[2025-12-19T01:39:17.689+0000] {processor.py:914} INFO - Processing file /opt/airflow/dags/transform_data.py for tasks to queue
[2025-12-19T01:39:17.691+0000] {logging_mixin.py:190} INFO - [2025-12-19T01:39:17.691+0000] {dagbag.py:588} INFO - Filling up the DagBag from /opt/airflow/dags/transform_data.py
[2025-12-19T01:39:17.702+0000] {processor.py:925} INFO - DAG(s) 'transform_data' retrieved from /opt/airflow/dags/transform_data.py
[2025-12-19T01:39:17.733+0000] {logging_mixin.py:190} INFO - [2025-12-19T01:39:17.733+0000] {dag.py:3239} INFO - Sync 1 DAGs
[2025-12-19T01:39:17.743+0000] {logging_mixin.py:190} INFO - [2025-12-19T01:39:17.743+0000] {dag.py:4180} INFO - Setting next_dagrun for transform_data to None, run_after=None
[2025-12-19T01:39:17.759+0000] {processor.py:208} INFO - Processing /opt/airflow/dags/transform_data.py took 0.076 seconds
[2025-12-19T01:39:47.885+0000] {processor.py:186} INFO - Started process (PID=127) to work on /opt/airflow/dags/transform_data.py
[2025-12-19T01:39:47.886+0000] {processor.py:914} INFO - Processing file /opt/airflow/dags/transform_data.py for tasks to queue
[2025-12-19T01:39:47.889+0000] {logging_mixin.py:190} INFO - [2025-12-19T01:39:47.888+0000] {dagbag.py:588} INFO - Filling up the DagBag from /opt/airflow/dags/transform_data.py
[2025-12-19T01:39:47.902+0000] {processor.py:925} INFO - DAG(s) 'transform_data' retrieved from /opt/airflow/dags/transform_data.py
[2025-12-19T01:39:47.935+0000] {logging_mixin.py:190} INFO - [2025-12-19T01:39:47.934+0000] {dag.py:3239} INFO - Sync 1 DAGs
[2025-12-19T01:39:47.946+0000] {logging_mixin.py:190} INFO - [2025-12-19T01:39:47.945+0000] {dag.py:4180} INFO - Setting next_dagrun for transform_data to None, run_after=None
[2025-12-19T01:39:47.956+0000] {processor.py:208} INFO - Processing /opt/airflow/dags/transform_data.py took 0.076 seconds
[2025-12-19T01:40:18.171+0000] {processor.py:186} INFO - Started process (PID=134) to work on /opt/airflow/dags/transform_data.py
[2025-12-19T01:40:18.217+0000] {processor.py:914} INFO - Processing file /opt/airflow/dags/transform_data.py for tasks to queue
[2025-12-19T01:40:18.223+0000] {logging_mixin.py:190} INFO - [2025-12-19T01:40:18.222+0000] {dagbag.py:588} INFO - Filling up the DagBag from /opt/airflow/dags/transform_data.py
[2025-12-19T01:40:18.238+0000] {processor.py:925} INFO - DAG(s) 'transform_data' retrieved from /opt/airflow/dags/transform_data.py
[2025-12-19T01:40:18.258+0000] {logging_mixin.py:190} INFO - [2025-12-19T01:40:18.258+0000] {dag.py:3239} INFO - Sync 1 DAGs
[2025-12-19T01:40:18.270+0000] {logging_mixin.py:190} INFO - [2025-12-19T01:40:18.270+0000] {dag.py:4180} INFO - Setting next_dagrun for transform_data to None, run_after=None
[2025-12-19T01:40:18.282+0000] {processor.py:208} INFO - Processing /opt/airflow/dags/transform_data.py took 0.118 seconds
[2025-12-19T01:40:48.375+0000] {processor.py:186} INFO - Started process (PID=141) to work on /opt/airflow/dags/transform_data.py
[2025-12-19T01:40:48.377+0000] {processor.py:914} INFO - Processing file /opt/airflow/dags/transform_data.py for tasks to queue
[2025-12-19T01:40:48.380+0000] {logging_mixin.py:190} INFO - [2025-12-19T01:40:48.379+0000] {dagbag.py:588} INFO - Filling up the DagBag from /opt/airflow/dags/transform_data.py
[2025-12-19T01:40:48.389+0000] {processor.py:925} INFO - DAG(s) 'transform_data' retrieved from /opt/airflow/dags/transform_data.py
[2025-12-19T01:40:48.415+0000] {logging_mixin.py:190} INFO - [2025-12-19T01:40:48.415+0000] {dag.py:3239} INFO - Sync 1 DAGs
[2025-12-19T01:40:48.423+0000] {logging_mixin.py:190} INFO - [2025-12-19T01:40:48.423+0000] {dag.py:4180} INFO - Setting next_dagrun for transform_data to None, run_after=None
[2025-12-19T01:40:48.433+0000] {processor.py:208} INFO - Processing /opt/airflow/dags/transform_data.py took 0.065 seconds
[2025-12-19T01:41:18.533+0000] {processor.py:186} INFO - Started process (PID=148) to work on /opt/airflow/dags/transform_data.py
[2025-12-19T01:41:18.534+0000] {processor.py:914} INFO - Processing file /opt/airflow/dags/transform_data.py for tasks to queue
[2025-12-19T01:41:18.536+0000] {logging_mixin.py:190} INFO - [2025-12-19T01:41:18.536+0000] {dagbag.py:588} INFO - Filling up the DagBag from /opt/airflow/dags/transform_data.py
[2025-12-19T01:41:18.547+0000] {processor.py:925} INFO - DAG(s) 'transform_data' retrieved from /opt/airflow/dags/transform_data.py
[2025-12-19T01:41:18.569+0000] {logging_mixin.py:190} INFO - [2025-12-19T01:41:18.569+0000] {dag.py:3239} INFO - Sync 1 DAGs
[2025-12-19T01:41:18.584+0000] {logging_mixin.py:190} INFO - [2025-12-19T01:41:18.584+0000] {dag.py:4180} INFO - Setting next_dagrun for transform_data to None, run_after=None
[2025-12-19T01:41:18.595+0000] {processor.py:208} INFO - Processing /opt/airflow/dags/transform_data.py took 0.070 seconds
[2025-12-19T01:41:49.189+0000] {processor.py:186} INFO - Started process (PID=155) to work on /opt/airflow/dags/transform_data.py
[2025-12-19T01:41:49.190+0000] {processor.py:914} INFO - Processing file /opt/airflow/dags/transform_data.py for tasks to queue
[2025-12-19T01:41:49.192+0000] {logging_mixin.py:190} INFO - [2025-12-19T01:41:49.192+0000] {dagbag.py:588} INFO - Filling up the DagBag from /opt/airflow/dags/transform_data.py
[2025-12-19T01:41:49.201+0000] {processor.py:925} INFO - DAG(s) 'transform_data' retrieved from /opt/airflow/dags/transform_data.py
[2025-12-19T01:41:49.217+0000] {logging_mixin.py:190} INFO - [2025-12-19T01:41:49.216+0000] {dag.py:3239} INFO - Sync 1 DAGs
[2025-12-19T01:41:49.225+0000] {logging_mixin.py:190} INFO - [2025-12-19T01:41:49.225+0000] {dag.py:4180} INFO - Setting next_dagrun for transform_data to None, run_after=None
[2025-12-19T01:41:49.234+0000] {processor.py:208} INFO - Processing /opt/airflow/dags/transform_data.py took 0.052 seconds
[2025-12-19T01:42:19.360+0000] {processor.py:186} INFO - Started process (PID=162) to work on /opt/airflow/dags/transform_data.py
[2025-12-19T01:42:19.362+0000] {processor.py:914} INFO - Processing file /opt/airflow/dags/transform_data.py for tasks to queue
[2025-12-19T01:42:19.364+0000] {logging_mixin.py:190} INFO - [2025-12-19T01:42:19.363+0000] {dagbag.py:588} INFO - Filling up the DagBag from /opt/airflow/dags/transform_data.py
[2025-12-19T01:42:19.372+0000] {processor.py:925} INFO - DAG(s) 'transform_data' retrieved from /opt/airflow/dags/transform_data.py
[2025-12-19T01:42:19.394+0000] {logging_mixin.py:190} INFO - [2025-12-19T01:42:19.393+0000] {dag.py:3239} INFO - Sync 1 DAGs
[2025-12-19T01:42:19.406+0000] {logging_mixin.py:190} INFO - [2025-12-19T01:42:19.405+0000] {dag.py:4180} INFO - Setting next_dagrun for transform_data to None, run_after=None
[2025-12-19T01:42:19.418+0000] {processor.py:208} INFO - Processing /opt/airflow/dags/transform_data.py took 0.063 seconds
[2025-12-19T01:42:49.579+0000] {processor.py:186} INFO - Started process (PID=169) to work on /opt/airflow/dags/transform_data.py
[2025-12-19T01:42:49.581+0000] {processor.py:914} INFO - Processing file /opt/airflow/dags/transform_data.py for tasks to queue
[2025-12-19T01:42:49.584+0000] {logging_mixin.py:190} INFO - [2025-12-19T01:42:49.584+0000] {dagbag.py:588} INFO - Filling up the DagBag from /opt/airflow/dags/transform_data.py
[2025-12-19T01:42:49.600+0000] {processor.py:925} INFO - DAG(s) 'transform_data' retrieved from /opt/airflow/dags/transform_data.py
[2025-12-19T01:42:49.624+0000] {logging_mixin.py:190} INFO - [2025-12-19T01:42:49.624+0000] {dag.py:3239} INFO - Sync 1 DAGs
[2025-12-19T01:42:49.632+0000] {logging_mixin.py:190} INFO - [2025-12-19T01:42:49.632+0000] {dag.py:4180} INFO - Setting next_dagrun for transform_data to None, run_after=None
[2025-12-19T01:42:49.643+0000] {processor.py:208} INFO - Processing /opt/airflow/dags/transform_data.py took 0.071 seconds
[2025-12-19T01:43:19.770+0000] {processor.py:186} INFO - Started process (PID=176) to work on /opt/airflow/dags/transform_data.py
[2025-12-19T01:43:19.772+0000] {processor.py:914} INFO - Processing file /opt/airflow/dags/transform_data.py for tasks to queue
[2025-12-19T01:43:19.777+0000] {logging_mixin.py:190} INFO - [2025-12-19T01:43:19.777+0000] {dagbag.py:588} INFO - Filling up the DagBag from /opt/airflow/dags/transform_data.py
[2025-12-19T01:43:19.787+0000] {processor.py:925} INFO - DAG(s) 'transform_data' retrieved from /opt/airflow/dags/transform_data.py
[2025-12-19T01:43:20.079+0000] {logging_mixin.py:190} INFO - [2025-12-19T01:43:20.078+0000] {dag.py:3239} INFO - Sync 1 DAGs
[2025-12-19T01:43:20.088+0000] {logging_mixin.py:190} INFO - [2025-12-19T01:43:20.088+0000] {dag.py:4180} INFO - Setting next_dagrun for transform_data to None, run_after=None
[2025-12-19T01:43:20.099+0000] {processor.py:208} INFO - Processing /opt/airflow/dags/transform_data.py took 0.336 seconds
[2025-12-19T01:43:50.282+0000] {processor.py:186} INFO - Started process (PID=183) to work on /opt/airflow/dags/transform_data.py
[2025-12-19T01:43:50.285+0000] {processor.py:914} INFO - Processing file /opt/airflow/dags/transform_data.py for tasks to queue
[2025-12-19T01:43:50.289+0000] {logging_mixin.py:190} INFO - [2025-12-19T01:43:50.289+0000] {dagbag.py:588} INFO - Filling up the DagBag from /opt/airflow/dags/transform_data.py
[2025-12-19T01:43:50.303+0000] {processor.py:925} INFO - DAG(s) 'transform_data' retrieved from /opt/airflow/dags/transform_data.py
[2025-12-19T01:43:50.335+0000] {logging_mixin.py:190} INFO - [2025-12-19T01:43:50.335+0000] {dag.py:3239} INFO - Sync 1 DAGs
[2025-12-19T01:43:50.343+0000] {logging_mixin.py:190} INFO - [2025-12-19T01:43:50.343+0000] {dag.py:4180} INFO - Setting next_dagrun for transform_data to None, run_after=None
[2025-12-19T01:43:50.356+0000] {processor.py:208} INFO - Processing /opt/airflow/dags/transform_data.py took 0.082 seconds
[2025-12-19T01:44:20.461+0000] {processor.py:186} INFO - Started process (PID=190) to work on /opt/airflow/dags/transform_data.py
[2025-12-19T01:44:20.463+0000] {processor.py:914} INFO - Processing file /opt/airflow/dags/transform_data.py for tasks to queue
[2025-12-19T01:44:20.465+0000] {logging_mixin.py:190} INFO - [2025-12-19T01:44:20.465+0000] {dagbag.py:588} INFO - Filling up the DagBag from /opt/airflow/dags/transform_data.py
[2025-12-19T01:44:20.473+0000] {processor.py:925} INFO - DAG(s) 'transform_data' retrieved from /opt/airflow/dags/transform_data.py
[2025-12-19T01:44:20.495+0000] {logging_mixin.py:190} INFO - [2025-12-19T01:44:20.495+0000] {dag.py:3239} INFO - Sync 1 DAGs
[2025-12-19T01:44:20.504+0000] {logging_mixin.py:190} INFO - [2025-12-19T01:44:20.504+0000] {dag.py:4180} INFO - Setting next_dagrun for transform_data to None, run_after=None
[2025-12-19T01:44:20.516+0000] {processor.py:208} INFO - Processing /opt/airflow/dags/transform_data.py took 0.059 seconds
[2025-12-19T01:44:50.618+0000] {processor.py:186} INFO - Started process (PID=197) to work on /opt/airflow/dags/transform_data.py
[2025-12-19T01:44:50.620+0000] {processor.py:914} INFO - Processing file /opt/airflow/dags/transform_data.py for tasks to queue
[2025-12-19T01:44:50.621+0000] {logging_mixin.py:190} INFO - [2025-12-19T01:44:50.621+0000] {dagbag.py:588} INFO - Filling up the DagBag from /opt/airflow/dags/transform_data.py
[2025-12-19T01:44:50.630+0000] {processor.py:925} INFO - DAG(s) 'transform_data' retrieved from /opt/airflow/dags/transform_data.py
[2025-12-19T01:44:50.656+0000] {logging_mixin.py:190} INFO - [2025-12-19T01:44:50.655+0000] {dag.py:3239} INFO - Sync 1 DAGs
[2025-12-19T01:44:50.665+0000] {logging_mixin.py:190} INFO - [2025-12-19T01:44:50.665+0000] {dag.py:4180} INFO - Setting next_dagrun for transform_data to None, run_after=None
[2025-12-19T01:44:50.676+0000] {processor.py:208} INFO - Processing /opt/airflow/dags/transform_data.py took 0.064 seconds
[2025-12-19T01:45:55.960+0000] {processor.py:186} INFO - Started process (PID=58) to work on /opt/airflow/dags/transform_data.py
[2025-12-19T01:45:55.961+0000] {processor.py:914} INFO - Processing file /opt/airflow/dags/transform_data.py for tasks to queue
[2025-12-19T01:45:55.962+0000] {logging_mixin.py:190} INFO - [2025-12-19T01:45:55.962+0000] {dagbag.py:588} INFO - Filling up the DagBag from /opt/airflow/dags/transform_data.py
[2025-12-19T01:45:55.982+0000] {processor.py:925} INFO - DAG(s) 'transform_data' retrieved from /opt/airflow/dags/transform_data.py
[2025-12-19T01:45:56.183+0000] {logging_mixin.py:190} INFO - [2025-12-19T01:45:56.182+0000] {dag.py:3239} INFO - Sync 1 DAGs
[2025-12-19T01:45:56.192+0000] {logging_mixin.py:190} INFO - [2025-12-19T01:45:56.192+0000] {dag.py:4180} INFO - Setting next_dagrun for transform_data to None, run_after=None
[2025-12-19T01:45:56.204+0000] {processor.py:208} INFO - Processing /opt/airflow/dags/transform_data.py took 0.249 seconds
[2025-12-19T01:46:26.384+0000] {processor.py:186} INFO - Started process (PID=65) to work on /opt/airflow/dags/transform_data.py
[2025-12-19T01:46:26.386+0000] {processor.py:914} INFO - Processing file /opt/airflow/dags/transform_data.py for tasks to queue
[2025-12-19T01:46:26.388+0000] {logging_mixin.py:190} INFO - [2025-12-19T01:46:26.388+0000] {dagbag.py:588} INFO - Filling up the DagBag from /opt/airflow/dags/transform_data.py
[2025-12-19T01:46:26.398+0000] {processor.py:925} INFO - DAG(s) 'transform_data' retrieved from /opt/airflow/dags/transform_data.py
[2025-12-19T01:46:26.423+0000] {logging_mixin.py:190} INFO - [2025-12-19T01:46:26.423+0000] {dag.py:3239} INFO - Sync 1 DAGs
[2025-12-19T01:46:26.435+0000] {logging_mixin.py:190} INFO - [2025-12-19T01:46:26.435+0000] {dag.py:4180} INFO - Setting next_dagrun for transform_data to None, run_after=None
[2025-12-19T01:46:26.451+0000] {processor.py:208} INFO - Processing /opt/airflow/dags/transform_data.py took 0.072 seconds
[2025-12-19T01:46:56.550+0000] {processor.py:186} INFO - Started process (PID=72) to work on /opt/airflow/dags/transform_data.py
[2025-12-19T01:46:56.552+0000] {processor.py:914} INFO - Processing file /opt/airflow/dags/transform_data.py for tasks to queue
[2025-12-19T01:46:56.554+0000] {logging_mixin.py:190} INFO - [2025-12-19T01:46:56.554+0000] {dagbag.py:588} INFO - Filling up the DagBag from /opt/airflow/dags/transform_data.py
[2025-12-19T01:46:56.562+0000] {processor.py:925} INFO - DAG(s) 'transform_data' retrieved from /opt/airflow/dags/transform_data.py
[2025-12-19T01:46:56.587+0000] {logging_mixin.py:190} INFO - [2025-12-19T01:46:56.587+0000] {dag.py:3239} INFO - Sync 1 DAGs
[2025-12-19T01:46:56.598+0000] {logging_mixin.py:190} INFO - [2025-12-19T01:46:56.598+0000] {dag.py:4180} INFO - Setting next_dagrun for transform_data to None, run_after=None
[2025-12-19T01:46:56.617+0000] {processor.py:208} INFO - Processing /opt/airflow/dags/transform_data.py took 0.071 seconds
[2025-12-19T01:47:26.740+0000] {processor.py:186} INFO - Started process (PID=79) to work on /opt/airflow/dags/transform_data.py
[2025-12-19T01:47:26.741+0000] {processor.py:914} INFO - Processing file /opt/airflow/dags/transform_data.py for tasks to queue
[2025-12-19T01:47:26.742+0000] {logging_mixin.py:190} INFO - [2025-12-19T01:47:26.742+0000] {dagbag.py:588} INFO - Filling up the DagBag from /opt/airflow/dags/transform_data.py
[2025-12-19T01:47:26.750+0000] {processor.py:925} INFO - DAG(s) 'transform_data' retrieved from /opt/airflow/dags/transform_data.py
[2025-12-19T01:47:26.770+0000] {logging_mixin.py:190} INFO - [2025-12-19T01:47:26.770+0000] {dag.py:3239} INFO - Sync 1 DAGs
[2025-12-19T01:47:26.780+0000] {logging_mixin.py:190} INFO - [2025-12-19T01:47:26.780+0000] {dag.py:4180} INFO - Setting next_dagrun for transform_data to None, run_after=None
[2025-12-19T01:47:26.792+0000] {processor.py:208} INFO - Processing /opt/airflow/dags/transform_data.py took 0.057 seconds
[2025-12-19T01:47:59.937+0000] {processor.py:186} INFO - Started process (PID=91) to work on /opt/airflow/dags/transform_data.py
[2025-12-19T01:47:59.940+0000] {processor.py:914} INFO - Processing file /opt/airflow/dags/transform_data.py for tasks to queue
[2025-12-19T01:47:59.971+0000] {logging_mixin.py:190} INFO - [2025-12-19T01:47:59.968+0000] {dagbag.py:588} INFO - Filling up the DagBag from /opt/airflow/dags/transform_data.py
[2025-12-19T01:48:00.109+0000] {processor.py:925} INFO - DAG(s) 'transform_data' retrieved from /opt/airflow/dags/transform_data.py
[2025-12-19T01:48:00.252+0000] {logging_mixin.py:190} INFO - [2025-12-19T01:48:00.252+0000] {dag.py:3239} INFO - Sync 1 DAGs
[2025-12-19T01:48:00.319+0000] {logging_mixin.py:190} INFO - [2025-12-19T01:48:00.318+0000] {dag.py:4180} INFO - Setting next_dagrun for transform_data to None, run_after=None
[2025-12-19T01:48:00.365+0000] {processor.py:208} INFO - Processing /opt/airflow/dags/transform_data.py took 0.497 seconds
[2025-12-19T01:48:30.580+0000] {processor.py:186} INFO - Started process (PID=98) to work on /opt/airflow/dags/transform_data.py
[2025-12-19T01:48:30.582+0000] {processor.py:914} INFO - Processing file /opt/airflow/dags/transform_data.py for tasks to queue
[2025-12-19T01:48:30.585+0000] {logging_mixin.py:190} INFO - [2025-12-19T01:48:30.585+0000] {dagbag.py:588} INFO - Filling up the DagBag from /opt/airflow/dags/transform_data.py
[2025-12-19T01:48:30.594+0000] {processor.py:925} INFO - DAG(s) 'transform_data' retrieved from /opt/airflow/dags/transform_data.py
[2025-12-19T01:48:30.615+0000] {logging_mixin.py:190} INFO - [2025-12-19T01:48:30.615+0000] {dag.py:3239} INFO - Sync 1 DAGs
[2025-12-19T01:48:30.625+0000] {logging_mixin.py:190} INFO - [2025-12-19T01:48:30.624+0000] {dag.py:4180} INFO - Setting next_dagrun for transform_data to None, run_after=None
[2025-12-19T01:48:30.645+0000] {processor.py:208} INFO - Processing /opt/airflow/dags/transform_data.py took 0.074 seconds
[2025-12-19T01:49:00.766+0000] {processor.py:186} INFO - Started process (PID=105) to work on /opt/airflow/dags/transform_data.py
[2025-12-19T01:49:00.766+0000] {processor.py:914} INFO - Processing file /opt/airflow/dags/transform_data.py for tasks to queue
[2025-12-19T01:49:00.768+0000] {logging_mixin.py:190} INFO - [2025-12-19T01:49:00.768+0000] {dagbag.py:588} INFO - Filling up the DagBag from /opt/airflow/dags/transform_data.py
[2025-12-19T01:49:00.778+0000] {processor.py:925} INFO - DAG(s) 'transform_data' retrieved from /opt/airflow/dags/transform_data.py
[2025-12-19T01:49:00.802+0000] {logging_mixin.py:190} INFO - [2025-12-19T01:49:00.802+0000] {dag.py:3239} INFO - Sync 1 DAGs
[2025-12-19T01:49:00.814+0000] {logging_mixin.py:190} INFO - [2025-12-19T01:49:00.814+0000] {dag.py:4180} INFO - Setting next_dagrun for transform_data to None, run_after=None
[2025-12-19T01:49:00.829+0000] {processor.py:208} INFO - Processing /opt/airflow/dags/transform_data.py took 0.068 seconds
[2025-12-19T01:49:30.948+0000] {processor.py:186} INFO - Started process (PID=112) to work on /opt/airflow/dags/transform_data.py
[2025-12-19T01:49:30.956+0000] {processor.py:914} INFO - Processing file /opt/airflow/dags/transform_data.py for tasks to queue
[2025-12-19T01:49:30.962+0000] {logging_mixin.py:190} INFO - [2025-12-19T01:49:30.961+0000] {dagbag.py:588} INFO - Filling up the DagBag from /opt/airflow/dags/transform_data.py
[2025-12-19T01:49:30.976+0000] {processor.py:925} INFO - DAG(s) 'transform_data' retrieved from /opt/airflow/dags/transform_data.py
[2025-12-19T01:49:30.994+0000] {logging_mixin.py:190} INFO - [2025-12-19T01:49:30.994+0000] {dag.py:3239} INFO - Sync 1 DAGs
[2025-12-19T01:49:31.001+0000] {logging_mixin.py:190} INFO - [2025-12-19T01:49:31.001+0000] {dag.py:4180} INFO - Setting next_dagrun for transform_data to None, run_after=None
[2025-12-19T01:49:31.011+0000] {processor.py:208} INFO - Processing /opt/airflow/dags/transform_data.py took 0.071 seconds
[2025-12-19T01:50:01.199+0000] {processor.py:186} INFO - Started process (PID=119) to work on /opt/airflow/dags/transform_data.py
[2025-12-19T01:50:01.202+0000] {processor.py:914} INFO - Processing file /opt/airflow/dags/transform_data.py for tasks to queue
[2025-12-19T01:50:01.206+0000] {logging_mixin.py:190} INFO - [2025-12-19T01:50:01.205+0000] {dagbag.py:588} INFO - Filling up the DagBag from /opt/airflow/dags/transform_data.py
[2025-12-19T01:50:01.220+0000] {processor.py:925} INFO - DAG(s) 'transform_data' retrieved from /opt/airflow/dags/transform_data.py
[2025-12-19T01:50:01.241+0000] {logging_mixin.py:190} INFO - [2025-12-19T01:50:01.241+0000] {dag.py:3239} INFO - Sync 1 DAGs
[2025-12-19T01:50:01.253+0000] {logging_mixin.py:190} INFO - [2025-12-19T01:50:01.253+0000] {dag.py:4180} INFO - Setting next_dagrun for transform_data to None, run_after=None
[2025-12-19T01:50:01.266+0000] {processor.py:208} INFO - Processing /opt/airflow/dags/transform_data.py took 0.074 seconds
[2025-12-19T01:50:31.373+0000] {processor.py:186} INFO - Started process (PID=126) to work on /opt/airflow/dags/transform_data.py
[2025-12-19T01:50:31.375+0000] {processor.py:914} INFO - Processing file /opt/airflow/dags/transform_data.py for tasks to queue
[2025-12-19T01:50:31.377+0000] {logging_mixin.py:190} INFO - [2025-12-19T01:50:31.377+0000] {dagbag.py:588} INFO - Filling up the DagBag from /opt/airflow/dags/transform_data.py
[2025-12-19T01:50:31.386+0000] {processor.py:925} INFO - DAG(s) 'transform_data' retrieved from /opt/airflow/dags/transform_data.py
[2025-12-19T01:50:31.413+0000] {logging_mixin.py:190} INFO - [2025-12-19T01:50:31.412+0000] {dag.py:3239} INFO - Sync 1 DAGs
[2025-12-19T01:50:31.433+0000] {logging_mixin.py:190} INFO - [2025-12-19T01:50:31.432+0000] {dag.py:4180} INFO - Setting next_dagrun for transform_data to None, run_after=None
[2025-12-19T01:50:31.452+0000] {processor.py:208} INFO - Processing /opt/airflow/dags/transform_data.py took 0.084 seconds
[2025-12-19T01:51:01.643+0000] {processor.py:186} INFO - Started process (PID=133) to work on /opt/airflow/dags/transform_data.py
[2025-12-19T01:51:01.645+0000] {processor.py:914} INFO - Processing file /opt/airflow/dags/transform_data.py for tasks to queue
[2025-12-19T01:51:01.648+0000] {logging_mixin.py:190} INFO - [2025-12-19T01:51:01.647+0000] {dagbag.py:588} INFO - Filling up the DagBag from /opt/airflow/dags/transform_data.py
[2025-12-19T01:51:01.663+0000] {processor.py:925} INFO - DAG(s) 'transform_data' retrieved from /opt/airflow/dags/transform_data.py
[2025-12-19T01:51:01.688+0000] {logging_mixin.py:190} INFO - [2025-12-19T01:51:01.688+0000] {dag.py:3239} INFO - Sync 1 DAGs
[2025-12-19T01:51:01.707+0000] {logging_mixin.py:190} INFO - [2025-12-19T01:51:01.707+0000] {dag.py:4180} INFO - Setting next_dagrun for transform_data to None, run_after=None
[2025-12-19T01:51:01.728+0000] {processor.py:208} INFO - Processing /opt/airflow/dags/transform_data.py took 0.093 seconds
[2025-12-19T01:51:50.887+0000] {processor.py:186} INFO - Started process (PID=58) to work on /opt/airflow/dags/transform_data.py
[2025-12-19T01:51:50.887+0000] {processor.py:914} INFO - Processing file /opt/airflow/dags/transform_data.py for tasks to queue
[2025-12-19T01:51:50.889+0000] {logging_mixin.py:190} INFO - [2025-12-19T01:51:50.889+0000] {dagbag.py:588} INFO - Filling up the DagBag from /opt/airflow/dags/transform_data.py
[2025-12-19T01:51:50.908+0000] {processor.py:925} INFO - DAG(s) 'transform_data' retrieved from /opt/airflow/dags/transform_data.py
[2025-12-19T01:51:51.083+0000] {logging_mixin.py:190} INFO - [2025-12-19T01:51:51.083+0000] {dag.py:3239} INFO - Sync 1 DAGs
[2025-12-19T01:51:51.091+0000] {logging_mixin.py:190} INFO - [2025-12-19T01:51:51.091+0000] {dag.py:4180} INFO - Setting next_dagrun for transform_data to None, run_after=None
[2025-12-19T01:51:51.102+0000] {processor.py:208} INFO - Processing /opt/airflow/dags/transform_data.py took 0.221 seconds
[2025-12-19T01:52:21.271+0000] {processor.py:186} INFO - Started process (PID=65) to work on /opt/airflow/dags/transform_data.py
[2025-12-19T01:52:21.272+0000] {processor.py:914} INFO - Processing file /opt/airflow/dags/transform_data.py for tasks to queue
[2025-12-19T01:52:21.275+0000] {logging_mixin.py:190} INFO - [2025-12-19T01:52:21.274+0000] {dagbag.py:588} INFO - Filling up the DagBag from /opt/airflow/dags/transform_data.py
[2025-12-19T01:52:21.290+0000] {processor.py:925} INFO - DAG(s) 'transform_data' retrieved from /opt/airflow/dags/transform_data.py
[2025-12-19T01:52:21.316+0000] {logging_mixin.py:190} INFO - [2025-12-19T01:52:21.315+0000] {dag.py:3239} INFO - Sync 1 DAGs
[2025-12-19T01:52:21.330+0000] {logging_mixin.py:190} INFO - [2025-12-19T01:52:21.330+0000] {dag.py:4180} INFO - Setting next_dagrun for transform_data to None, run_after=None
[2025-12-19T01:52:21.346+0000] {processor.py:208} INFO - Processing /opt/airflow/dags/transform_data.py took 0.081 seconds
[2025-12-19T01:52:51.426+0000] {processor.py:186} INFO - Started process (PID=72) to work on /opt/airflow/dags/transform_data.py
[2025-12-19T01:52:51.428+0000] {processor.py:914} INFO - Processing file /opt/airflow/dags/transform_data.py for tasks to queue
[2025-12-19T01:52:51.430+0000] {logging_mixin.py:190} INFO - [2025-12-19T01:52:51.430+0000] {dagbag.py:588} INFO - Filling up the DagBag from /opt/airflow/dags/transform_data.py
[2025-12-19T01:52:51.446+0000] {processor.py:925} INFO - DAG(s) 'transform_data' retrieved from /opt/airflow/dags/transform_data.py
[2025-12-19T01:52:51.466+0000] {logging_mixin.py:190} INFO - [2025-12-19T01:52:51.466+0000] {dag.py:3239} INFO - Sync 1 DAGs
[2025-12-19T01:52:51.474+0000] {logging_mixin.py:190} INFO - [2025-12-19T01:52:51.474+0000] {dag.py:4180} INFO - Setting next_dagrun for transform_data to None, run_after=None
[2025-12-19T01:52:51.484+0000] {processor.py:208} INFO - Processing /opt/airflow/dags/transform_data.py took 0.065 seconds
[2025-12-19T01:53:21.620+0000] {processor.py:186} INFO - Started process (PID=79) to work on /opt/airflow/dags/transform_data.py
[2025-12-19T01:53:21.620+0000] {processor.py:914} INFO - Processing file /opt/airflow/dags/transform_data.py for tasks to queue
[2025-12-19T01:53:21.621+0000] {logging_mixin.py:190} INFO - [2025-12-19T01:53:21.621+0000] {dagbag.py:588} INFO - Filling up the DagBag from /opt/airflow/dags/transform_data.py
[2025-12-19T01:53:21.627+0000] {processor.py:925} INFO - DAG(s) 'transform_data' retrieved from /opt/airflow/dags/transform_data.py
[2025-12-19T01:53:21.644+0000] {logging_mixin.py:190} INFO - [2025-12-19T01:53:21.644+0000] {dag.py:3239} INFO - Sync 1 DAGs
[2025-12-19T01:53:21.652+0000] {logging_mixin.py:190} INFO - [2025-12-19T01:53:21.652+0000] {dag.py:4180} INFO - Setting next_dagrun for transform_data to None, run_after=None
[2025-12-19T01:53:21.663+0000] {processor.py:208} INFO - Processing /opt/airflow/dags/transform_data.py took 0.046 seconds
[2025-12-19T01:53:52.469+0000] {processor.py:186} INFO - Started process (PID=91) to work on /opt/airflow/dags/transform_data.py
[2025-12-19T01:53:52.470+0000] {processor.py:914} INFO - Processing file /opt/airflow/dags/transform_data.py for tasks to queue
[2025-12-19T01:53:52.471+0000] {logging_mixin.py:190} INFO - [2025-12-19T01:53:52.471+0000] {dagbag.py:588} INFO - Filling up the DagBag from /opt/airflow/dags/transform_data.py
[2025-12-19T01:53:52.480+0000] {processor.py:925} INFO - DAG(s) 'transform_data' retrieved from /opt/airflow/dags/transform_data.py
[2025-12-19T01:53:52.509+0000] {logging_mixin.py:190} INFO - [2025-12-19T01:53:52.508+0000] {dag.py:3239} INFO - Sync 1 DAGs
[2025-12-19T01:53:52.520+0000] {logging_mixin.py:190} INFO - [2025-12-19T01:53:52.520+0000] {dag.py:4180} INFO - Setting next_dagrun for transform_data to None, run_after=None
[2025-12-19T01:53:52.532+0000] {processor.py:208} INFO - Processing /opt/airflow/dags/transform_data.py took 0.067 seconds
[2025-12-19T01:54:22.688+0000] {processor.py:186} INFO - Started process (PID=98) to work on /opt/airflow/dags/transform_data.py
[2025-12-19T01:54:22.698+0000] {processor.py:914} INFO - Processing file /opt/airflow/dags/transform_data.py for tasks to queue
[2025-12-19T01:54:22.701+0000] {logging_mixin.py:190} INFO - [2025-12-19T01:54:22.701+0000] {dagbag.py:588} INFO - Filling up the DagBag from /opt/airflow/dags/transform_data.py
[2025-12-19T01:54:22.715+0000] {processor.py:925} INFO - DAG(s) 'transform_data' retrieved from /opt/airflow/dags/transform_data.py
[2025-12-19T01:54:22.740+0000] {logging_mixin.py:190} INFO - [2025-12-19T01:54:22.740+0000] {dag.py:3239} INFO - Sync 1 DAGs
[2025-12-19T01:54:22.750+0000] {logging_mixin.py:190} INFO - [2025-12-19T01:54:22.750+0000] {dag.py:4180} INFO - Setting next_dagrun for transform_data to None, run_after=None
[2025-12-19T01:54:22.761+0000] {processor.py:208} INFO - Processing /opt/airflow/dags/transform_data.py took 0.081 seconds
[2025-12-19T01:54:52.938+0000] {processor.py:186} INFO - Started process (PID=105) to work on /opt/airflow/dags/transform_data.py
[2025-12-19T01:54:52.939+0000] {processor.py:914} INFO - Processing file /opt/airflow/dags/transform_data.py for tasks to queue
[2025-12-19T01:54:52.941+0000] {logging_mixin.py:190} INFO - [2025-12-19T01:54:52.941+0000] {dagbag.py:588} INFO - Filling up the DagBag from /opt/airflow/dags/transform_data.py
[2025-12-19T01:54:52.948+0000] {processor.py:925} INFO - DAG(s) 'transform_data' retrieved from /opt/airflow/dags/transform_data.py
[2025-12-19T01:54:52.970+0000] {logging_mixin.py:190} INFO - [2025-12-19T01:54:52.970+0000] {dag.py:3239} INFO - Sync 1 DAGs
[2025-12-19T01:54:52.978+0000] {logging_mixin.py:190} INFO - [2025-12-19T01:54:52.978+0000] {dag.py:4180} INFO - Setting next_dagrun for transform_data to None, run_after=None
[2025-12-19T01:54:52.989+0000] {processor.py:208} INFO - Processing /opt/airflow/dags/transform_data.py took 0.057 seconds
[2025-12-19T01:55:23.154+0000] {processor.py:186} INFO - Started process (PID=112) to work on /opt/airflow/dags/transform_data.py
[2025-12-19T01:55:23.162+0000] {processor.py:914} INFO - Processing file /opt/airflow/dags/transform_data.py for tasks to queue
[2025-12-19T01:55:23.166+0000] {logging_mixin.py:190} INFO - [2025-12-19T01:55:23.166+0000] {dagbag.py:588} INFO - Filling up the DagBag from /opt/airflow/dags/transform_data.py
[2025-12-19T01:55:23.175+0000] {processor.py:925} INFO - DAG(s) 'transform_data' retrieved from /opt/airflow/dags/transform_data.py
[2025-12-19T01:55:23.209+0000] {logging_mixin.py:190} INFO - [2025-12-19T01:55:23.208+0000] {dag.py:3239} INFO - Sync 1 DAGs
[2025-12-19T01:55:23.220+0000] {logging_mixin.py:190} INFO - [2025-12-19T01:55:23.220+0000] {dag.py:4180} INFO - Setting next_dagrun for transform_data to None, run_after=None
[2025-12-19T01:55:23.231+0000] {processor.py:208} INFO - Processing /opt/airflow/dags/transform_data.py took 0.084 seconds
[2025-12-19T01:55:53.366+0000] {processor.py:186} INFO - Started process (PID=119) to work on /opt/airflow/dags/transform_data.py
[2025-12-19T01:55:53.369+0000] {processor.py:914} INFO - Processing file /opt/airflow/dags/transform_data.py for tasks to queue
[2025-12-19T01:55:53.375+0000] {logging_mixin.py:190} INFO - [2025-12-19T01:55:53.374+0000] {dagbag.py:588} INFO - Filling up the DagBag from /opt/airflow/dags/transform_data.py
[2025-12-19T01:55:53.388+0000] {processor.py:925} INFO - DAG(s) 'transform_data' retrieved from /opt/airflow/dags/transform_data.py
[2025-12-19T01:55:53.409+0000] {logging_mixin.py:190} INFO - [2025-12-19T01:55:53.408+0000] {dag.py:3239} INFO - Sync 1 DAGs
[2025-12-19T01:55:53.416+0000] {logging_mixin.py:190} INFO - [2025-12-19T01:55:53.416+0000] {dag.py:4180} INFO - Setting next_dagrun for transform_data to None, run_after=None
[2025-12-19T01:55:53.429+0000] {processor.py:208} INFO - Processing /opt/airflow/dags/transform_data.py took 0.071 seconds
[2025-12-19T01:56:23.588+0000] {processor.py:186} INFO - Started process (PID=126) to work on /opt/airflow/dags/transform_data.py
[2025-12-19T01:56:23.590+0000] {processor.py:914} INFO - Processing file /opt/airflow/dags/transform_data.py for tasks to queue
[2025-12-19T01:56:23.592+0000] {logging_mixin.py:190} INFO - [2025-12-19T01:56:23.592+0000] {dagbag.py:588} INFO - Filling up the DagBag from /opt/airflow/dags/transform_data.py
[2025-12-19T01:56:23.599+0000] {processor.py:925} INFO - DAG(s) 'transform_data' retrieved from /opt/airflow/dags/transform_data.py
[2025-12-19T01:56:23.630+0000] {logging_mixin.py:190} INFO - [2025-12-19T01:56:23.630+0000] {dag.py:3239} INFO - Sync 1 DAGs
[2025-12-19T01:56:23.639+0000] {logging_mixin.py:190} INFO - [2025-12-19T01:56:23.639+0000] {dag.py:4180} INFO - Setting next_dagrun for transform_data to None, run_after=None
[2025-12-19T01:56:23.648+0000] {processor.py:208} INFO - Processing /opt/airflow/dags/transform_data.py took 0.065 seconds
[2025-12-19T01:56:53.797+0000] {processor.py:186} INFO - Started process (PID=133) to work on /opt/airflow/dags/transform_data.py
[2025-12-19T01:56:53.799+0000] {processor.py:914} INFO - Processing file /opt/airflow/dags/transform_data.py for tasks to queue
[2025-12-19T01:56:53.802+0000] {logging_mixin.py:190} INFO - [2025-12-19T01:56:53.801+0000] {dagbag.py:588} INFO - Filling up the DagBag from /opt/airflow/dags/transform_data.py
[2025-12-19T01:56:53.812+0000] {processor.py:925} INFO - DAG(s) 'transform_data' retrieved from /opt/airflow/dags/transform_data.py
[2025-12-19T01:56:53.836+0000] {logging_mixin.py:190} INFO - [2025-12-19T01:56:53.836+0000] {dag.py:3239} INFO - Sync 1 DAGs
[2025-12-19T01:56:53.847+0000] {logging_mixin.py:190} INFO - [2025-12-19T01:56:53.847+0000] {dag.py:4180} INFO - Setting next_dagrun for transform_data to None, run_after=None
[2025-12-19T01:56:53.858+0000] {processor.py:208} INFO - Processing /opt/airflow/dags/transform_data.py took 0.068 seconds
[2025-12-19T01:57:24.017+0000] {processor.py:186} INFO - Started process (PID=140) to work on /opt/airflow/dags/transform_data.py
[2025-12-19T01:57:24.020+0000] {processor.py:914} INFO - Processing file /opt/airflow/dags/transform_data.py for tasks to queue
[2025-12-19T01:57:24.023+0000] {logging_mixin.py:190} INFO - [2025-12-19T01:57:24.023+0000] {dagbag.py:588} INFO - Filling up the DagBag from /opt/airflow/dags/transform_data.py
[2025-12-19T01:57:24.034+0000] {processor.py:925} INFO - DAG(s) 'transform_data' retrieved from /opt/airflow/dags/transform_data.py
[2025-12-19T01:57:24.062+0000] {logging_mixin.py:190} INFO - [2025-12-19T01:57:24.062+0000] {dag.py:3239} INFO - Sync 1 DAGs
[2025-12-19T01:57:24.076+0000] {logging_mixin.py:190} INFO - [2025-12-19T01:57:24.075+0000] {dag.py:4180} INFO - Setting next_dagrun for transform_data to None, run_after=None
[2025-12-19T01:57:24.092+0000] {processor.py:208} INFO - Processing /opt/airflow/dags/transform_data.py took 0.082 seconds
[2025-12-19T01:57:54.219+0000] {processor.py:186} INFO - Started process (PID=147) to work on /opt/airflow/dags/transform_data.py
[2025-12-19T01:57:54.222+0000] {processor.py:914} INFO - Processing file /opt/airflow/dags/transform_data.py for tasks to queue
[2025-12-19T01:57:54.225+0000] {logging_mixin.py:190} INFO - [2025-12-19T01:57:54.224+0000] {dagbag.py:588} INFO - Filling up the DagBag from /opt/airflow/dags/transform_data.py
[2025-12-19T01:57:54.236+0000] {processor.py:925} INFO - DAG(s) 'transform_data' retrieved from /opt/airflow/dags/transform_data.py
[2025-12-19T01:57:54.266+0000] {logging_mixin.py:190} INFO - [2025-12-19T01:57:54.266+0000] {dag.py:3239} INFO - Sync 1 DAGs
[2025-12-19T01:57:54.276+0000] {logging_mixin.py:190} INFO - [2025-12-19T01:57:54.275+0000] {dag.py:4180} INFO - Setting next_dagrun for transform_data to None, run_after=None
[2025-12-19T01:57:54.286+0000] {processor.py:208} INFO - Processing /opt/airflow/dags/transform_data.py took 0.075 seconds
[2025-12-19T01:58:24.439+0000] {processor.py:186} INFO - Started process (PID=154) to work on /opt/airflow/dags/transform_data.py
[2025-12-19T01:58:24.442+0000] {processor.py:914} INFO - Processing file /opt/airflow/dags/transform_data.py for tasks to queue
[2025-12-19T01:58:24.444+0000] {logging_mixin.py:190} INFO - [2025-12-19T01:58:24.444+0000] {dagbag.py:588} INFO - Filling up the DagBag from /opt/airflow/dags/transform_data.py
[2025-12-19T01:58:24.456+0000] {processor.py:925} INFO - DAG(s) 'transform_data' retrieved from /opt/airflow/dags/transform_data.py
[2025-12-19T01:58:24.479+0000] {logging_mixin.py:190} INFO - [2025-12-19T01:58:24.478+0000] {dag.py:3239} INFO - Sync 1 DAGs
[2025-12-19T01:58:24.487+0000] {logging_mixin.py:190} INFO - [2025-12-19T01:58:24.487+0000] {dag.py:4180} INFO - Setting next_dagrun for transform_data to None, run_after=None
[2025-12-19T01:58:24.499+0000] {processor.py:208} INFO - Processing /opt/airflow/dags/transform_data.py took 0.066 seconds
[2025-12-19T01:58:52.601+0000] {processor.py:186} INFO - Started process (PID=155) to work on /opt/airflow/dags/transform_data.py
[2025-12-19T01:58:52.603+0000] {processor.py:914} INFO - Processing file /opt/airflow/dags/transform_data.py for tasks to queue
[2025-12-19T01:58:52.604+0000] {logging_mixin.py:190} INFO - [2025-12-19T01:58:52.604+0000] {dagbag.py:588} INFO - Filling up the DagBag from /opt/airflow/dags/transform_data.py
[2025-12-19T01:58:52.610+0000] {processor.py:925} INFO - DAG(s) 'transform_data' retrieved from /opt/airflow/dags/transform_data.py
[2025-12-19T01:58:52.692+0000] {logging_mixin.py:190} INFO - [2025-12-19T01:58:52.692+0000] {dag.py:3239} INFO - Sync 1 DAGs
[2025-12-19T01:58:52.699+0000] {logging_mixin.py:190} INFO - [2025-12-19T01:58:52.699+0000] {dag.py:4180} INFO - Setting next_dagrun for transform_data to None, run_after=None
[2025-12-19T01:58:52.814+0000] {processor.py:208} INFO - Processing /opt/airflow/dags/transform_data.py took 0.217 seconds
[2025-12-19T01:59:44.554+0000] {processor.py:186} INFO - Started process (PID=58) to work on /opt/airflow/dags/transform_data.py
[2025-12-19T01:59:44.554+0000] {processor.py:914} INFO - Processing file /opt/airflow/dags/transform_data.py for tasks to queue
[2025-12-19T01:59:44.556+0000] {logging_mixin.py:190} INFO - [2025-12-19T01:59:44.555+0000] {dagbag.py:588} INFO - Filling up the DagBag from /opt/airflow/dags/transform_data.py
[2025-12-19T01:59:44.569+0000] {processor.py:925} INFO - DAG(s) 'transform_data' retrieved from /opt/airflow/dags/transform_data.py
[2025-12-19T01:59:44.610+0000] {logging_mixin.py:190} INFO - [2025-12-19T01:59:44.610+0000] {dag.py:3239} INFO - Sync 1 DAGs
[2025-12-19T01:59:44.627+0000] {logging_mixin.py:190} INFO - [2025-12-19T01:59:44.627+0000] {dag.py:4180} INFO - Setting next_dagrun for transform_data to None, run_after=None
[2025-12-19T01:59:44.647+0000] {processor.py:208} INFO - Processing /opt/airflow/dags/transform_data.py took 0.098 seconds
[2025-12-19T02:00:14.773+0000] {processor.py:186} INFO - Started process (PID=65) to work on /opt/airflow/dags/transform_data.py
[2025-12-19T02:00:14.774+0000] {processor.py:914} INFO - Processing file /opt/airflow/dags/transform_data.py for tasks to queue
[2025-12-19T02:00:14.775+0000] {logging_mixin.py:190} INFO - [2025-12-19T02:00:14.775+0000] {dagbag.py:588} INFO - Filling up the DagBag from /opt/airflow/dags/transform_data.py
[2025-12-19T02:00:14.783+0000] {processor.py:925} INFO - DAG(s) 'transform_data' retrieved from /opt/airflow/dags/transform_data.py
[2025-12-19T02:00:14.805+0000] {logging_mixin.py:190} INFO - [2025-12-19T02:00:14.805+0000] {dag.py:3239} INFO - Sync 1 DAGs
[2025-12-19T02:00:14.814+0000] {logging_mixin.py:190} INFO - [2025-12-19T02:00:14.814+0000] {dag.py:4180} INFO - Setting next_dagrun for transform_data to None, run_after=None
[2025-12-19T02:00:14.828+0000] {processor.py:208} INFO - Processing /opt/airflow/dags/transform_data.py took 0.060 seconds
[2025-12-19T02:00:45.018+0000] {processor.py:186} INFO - Started process (PID=72) to work on /opt/airflow/dags/transform_data.py
[2025-12-19T02:00:45.021+0000] {processor.py:914} INFO - Processing file /opt/airflow/dags/transform_data.py for tasks to queue
[2025-12-19T02:00:45.024+0000] {logging_mixin.py:190} INFO - [2025-12-19T02:00:45.023+0000] {dagbag.py:588} INFO - Filling up the DagBag from /opt/airflow/dags/transform_data.py
[2025-12-19T02:00:45.033+0000] {processor.py:925} INFO - DAG(s) 'transform_data' retrieved from /opt/airflow/dags/transform_data.py
[2025-12-19T02:00:45.055+0000] {logging_mixin.py:190} INFO - [2025-12-19T02:00:45.055+0000] {dag.py:3239} INFO - Sync 1 DAGs
[2025-12-19T02:00:45.063+0000] {logging_mixin.py:190} INFO - [2025-12-19T02:00:45.063+0000] {dag.py:4180} INFO - Setting next_dagrun for transform_data to None, run_after=None
[2025-12-19T02:00:45.075+0000] {processor.py:208} INFO - Processing /opt/airflow/dags/transform_data.py took 0.064 seconds
[2025-12-19T02:01:15.197+0000] {processor.py:186} INFO - Started process (PID=78) to work on /opt/airflow/dags/transform_data.py
[2025-12-19T02:01:15.198+0000] {processor.py:914} INFO - Processing file /opt/airflow/dags/transform_data.py for tasks to queue
[2025-12-19T02:01:15.199+0000] {logging_mixin.py:190} INFO - [2025-12-19T02:01:15.199+0000] {dagbag.py:588} INFO - Filling up the DagBag from /opt/airflow/dags/transform_data.py
[2025-12-19T02:01:15.204+0000] {processor.py:925} INFO - DAG(s) 'transform_data' retrieved from /opt/airflow/dags/transform_data.py
[2025-12-19T02:01:15.234+0000] {logging_mixin.py:190} INFO - [2025-12-19T02:01:15.234+0000] {dag.py:3239} INFO - Sync 1 DAGs
[2025-12-19T02:01:15.247+0000] {logging_mixin.py:190} INFO - [2025-12-19T02:01:15.246+0000] {dag.py:4180} INFO - Setting next_dagrun for transform_data to None, run_after=None
[2025-12-19T02:01:15.262+0000] {processor.py:208} INFO - Processing /opt/airflow/dags/transform_data.py took 0.070 seconds
[2025-12-19T02:01:45.453+0000] {processor.py:186} INFO - Started process (PID=85) to work on /opt/airflow/dags/transform_data.py
[2025-12-19T02:01:45.455+0000] {processor.py:914} INFO - Processing file /opt/airflow/dags/transform_data.py for tasks to queue
[2025-12-19T02:01:45.456+0000] {logging_mixin.py:190} INFO - [2025-12-19T02:01:45.455+0000] {dagbag.py:588} INFO - Filling up the DagBag from /opt/airflow/dags/transform_data.py
[2025-12-19T02:01:45.460+0000] {processor.py:925} INFO - DAG(s) 'transform_data' retrieved from /opt/airflow/dags/transform_data.py
[2025-12-19T02:01:45.479+0000] {logging_mixin.py:190} INFO - [2025-12-19T02:01:45.479+0000] {dag.py:3239} INFO - Sync 1 DAGs
[2025-12-19T02:01:45.487+0000] {logging_mixin.py:190} INFO - [2025-12-19T02:01:45.487+0000] {dag.py:4180} INFO - Setting next_dagrun for transform_data to None, run_after=None
[2025-12-19T02:01:45.497+0000] {processor.py:208} INFO - Processing /opt/airflow/dags/transform_data.py took 0.048 seconds
[2025-12-19T02:02:15.663+0000] {processor.py:186} INFO - Started process (PID=92) to work on /opt/airflow/dags/transform_data.py
[2025-12-19T02:02:15.665+0000] {processor.py:914} INFO - Processing file /opt/airflow/dags/transform_data.py for tasks to queue
[2025-12-19T02:02:15.668+0000] {logging_mixin.py:190} INFO - [2025-12-19T02:02:15.667+0000] {dagbag.py:588} INFO - Filling up the DagBag from /opt/airflow/dags/transform_data.py
[2025-12-19T02:02:15.675+0000] {processor.py:925} INFO - DAG(s) 'transform_data' retrieved from /opt/airflow/dags/transform_data.py
[2025-12-19T02:02:15.695+0000] {logging_mixin.py:190} INFO - [2025-12-19T02:02:15.695+0000] {dag.py:3239} INFO - Sync 1 DAGs
[2025-12-19T02:02:15.707+0000] {logging_mixin.py:190} INFO - [2025-12-19T02:02:15.707+0000] {dag.py:4180} INFO - Setting next_dagrun for transform_data to None, run_after=None
[2025-12-19T02:02:15.718+0000] {processor.py:208} INFO - Processing /opt/airflow/dags/transform_data.py took 0.061 seconds
[2025-12-19T02:02:45.877+0000] {processor.py:186} INFO - Started process (PID=99) to work on /opt/airflow/dags/transform_data.py
[2025-12-19T02:02:45.879+0000] {processor.py:914} INFO - Processing file /opt/airflow/dags/transform_data.py for tasks to queue
[2025-12-19T02:02:45.881+0000] {logging_mixin.py:190} INFO - [2025-12-19T02:02:45.881+0000] {dagbag.py:588} INFO - Filling up the DagBag from /opt/airflow/dags/transform_data.py
[2025-12-19T02:02:45.886+0000] {processor.py:925} INFO - DAG(s) 'transform_data' retrieved from /opt/airflow/dags/transform_data.py
[2025-12-19T02:02:45.902+0000] {logging_mixin.py:190} INFO - [2025-12-19T02:02:45.902+0000] {dag.py:3239} INFO - Sync 1 DAGs
[2025-12-19T02:02:45.910+0000] {logging_mixin.py:190} INFO - [2025-12-19T02:02:45.910+0000] {dag.py:4180} INFO - Setting next_dagrun for transform_data to None, run_after=None
[2025-12-19T02:02:45.919+0000] {processor.py:208} INFO - Processing /opt/airflow/dags/transform_data.py took 0.046 seconds
[2025-12-19T02:03:16.086+0000] {processor.py:186} INFO - Started process (PID=106) to work on /opt/airflow/dags/transform_data.py
[2025-12-19T02:03:16.088+0000] {processor.py:914} INFO - Processing file /opt/airflow/dags/transform_data.py for tasks to queue
[2025-12-19T02:03:16.090+0000] {logging_mixin.py:190} INFO - [2025-12-19T02:03:16.089+0000] {dagbag.py:588} INFO - Filling up the DagBag from /opt/airflow/dags/transform_data.py
[2025-12-19T02:03:16.095+0000] {processor.py:925} INFO - DAG(s) 'transform_data' retrieved from /opt/airflow/dags/transform_data.py
[2025-12-19T02:03:16.116+0000] {logging_mixin.py:190} INFO - [2025-12-19T02:03:16.116+0000] {dag.py:3239} INFO - Sync 1 DAGs
[2025-12-19T02:03:16.128+0000] {logging_mixin.py:190} INFO - [2025-12-19T02:03:16.127+0000] {dag.py:4180} INFO - Setting next_dagrun for transform_data to None, run_after=None
[2025-12-19T02:03:16.147+0000] {processor.py:208} INFO - Processing /opt/airflow/dags/transform_data.py took 0.065 seconds
[2025-12-19T02:03:46.296+0000] {processor.py:186} INFO - Started process (PID=112) to work on /opt/airflow/dags/transform_data.py
[2025-12-19T02:03:46.297+0000] {processor.py:914} INFO - Processing file /opt/airflow/dags/transform_data.py for tasks to queue
[2025-12-19T02:03:46.300+0000] {logging_mixin.py:190} INFO - [2025-12-19T02:03:46.300+0000] {dagbag.py:588} INFO - Filling up the DagBag from /opt/airflow/dags/transform_data.py
[2025-12-19T02:03:46.307+0000] {processor.py:925} INFO - DAG(s) 'transform_data' retrieved from /opt/airflow/dags/transform_data.py
[2025-12-19T02:03:46.329+0000] {logging_mixin.py:190} INFO - [2025-12-19T02:03:46.329+0000] {dag.py:3239} INFO - Sync 1 DAGs
[2025-12-19T02:03:46.338+0000] {logging_mixin.py:190} INFO - [2025-12-19T02:03:46.338+0000] {dag.py:4180} INFO - Setting next_dagrun for transform_data to None, run_after=None
[2025-12-19T02:03:46.347+0000] {processor.py:208} INFO - Processing /opt/airflow/dags/transform_data.py took 0.059 seconds
[2025-12-19T02:04:16.518+0000] {processor.py:186} INFO - Started process (PID=119) to work on /opt/airflow/dags/transform_data.py
[2025-12-19T02:04:16.519+0000] {processor.py:914} INFO - Processing file /opt/airflow/dags/transform_data.py for tasks to queue
[2025-12-19T02:04:16.522+0000] {logging_mixin.py:190} INFO - [2025-12-19T02:04:16.521+0000] {dagbag.py:588} INFO - Filling up the DagBag from /opt/airflow/dags/transform_data.py
[2025-12-19T02:04:16.530+0000] {processor.py:925} INFO - DAG(s) 'transform_data' retrieved from /opt/airflow/dags/transform_data.py
[2025-12-19T02:04:16.554+0000] {logging_mixin.py:190} INFO - [2025-12-19T02:04:16.554+0000] {dag.py:3239} INFO - Sync 1 DAGs
[2025-12-19T02:04:16.562+0000] {logging_mixin.py:190} INFO - [2025-12-19T02:04:16.561+0000] {dag.py:4180} INFO - Setting next_dagrun for transform_data to None, run_after=None
[2025-12-19T02:04:16.571+0000] {processor.py:208} INFO - Processing /opt/airflow/dags/transform_data.py took 0.060 seconds
[2025-12-19T02:04:46.704+0000] {processor.py:186} INFO - Started process (PID=126) to work on /opt/airflow/dags/transform_data.py
[2025-12-19T02:04:46.706+0000] {processor.py:914} INFO - Processing file /opt/airflow/dags/transform_data.py for tasks to queue
[2025-12-19T02:04:46.709+0000] {logging_mixin.py:190} INFO - [2025-12-19T02:04:46.708+0000] {dagbag.py:588} INFO - Filling up the DagBag from /opt/airflow/dags/transform_data.py
[2025-12-19T02:04:46.718+0000] {processor.py:925} INFO - DAG(s) 'transform_data' retrieved from /opt/airflow/dags/transform_data.py
[2025-12-19T02:04:46.750+0000] {logging_mixin.py:190} INFO - [2025-12-19T02:04:46.749+0000] {dag.py:3239} INFO - Sync 1 DAGs
[2025-12-19T02:04:46.760+0000] {logging_mixin.py:190} INFO - [2025-12-19T02:04:46.760+0000] {dag.py:4180} INFO - Setting next_dagrun for transform_data to None, run_after=None
[2025-12-19T02:04:46.778+0000] {processor.py:208} INFO - Processing /opt/airflow/dags/transform_data.py took 0.081 seconds
[2025-12-19T02:05:16.868+0000] {processor.py:186} INFO - Started process (PID=133) to work on /opt/airflow/dags/transform_data.py
[2025-12-19T02:05:16.871+0000] {processor.py:914} INFO - Processing file /opt/airflow/dags/transform_data.py for tasks to queue
[2025-12-19T02:05:16.875+0000] {logging_mixin.py:190} INFO - [2025-12-19T02:05:16.875+0000] {dagbag.py:588} INFO - Filling up the DagBag from /opt/airflow/dags/transform_data.py
[2025-12-19T02:05:16.885+0000] {processor.py:925} INFO - DAG(s) 'transform_data' retrieved from /opt/airflow/dags/transform_data.py
[2025-12-19T02:05:16.920+0000] {logging_mixin.py:190} INFO - [2025-12-19T02:05:16.920+0000] {dag.py:3239} INFO - Sync 1 DAGs
[2025-12-19T02:05:16.929+0000] {logging_mixin.py:190} INFO - [2025-12-19T02:05:16.929+0000] {dag.py:4180} INFO - Setting next_dagrun for transform_data to None, run_after=None
[2025-12-19T02:05:16.941+0000] {processor.py:208} INFO - Processing /opt/airflow/dags/transform_data.py took 0.080 seconds
[2025-12-19T02:05:47.113+0000] {processor.py:186} INFO - Started process (PID=140) to work on /opt/airflow/dags/transform_data.py
[2025-12-19T02:05:47.113+0000] {processor.py:914} INFO - Processing file /opt/airflow/dags/transform_data.py for tasks to queue
[2025-12-19T02:05:47.115+0000] {logging_mixin.py:190} INFO - [2025-12-19T02:05:47.114+0000] {dagbag.py:588} INFO - Filling up the DagBag from /opt/airflow/dags/transform_data.py
[2025-12-19T02:05:47.119+0000] {processor.py:925} INFO - DAG(s) 'transform_data' retrieved from /opt/airflow/dags/transform_data.py
[2025-12-19T02:05:47.139+0000] {logging_mixin.py:190} INFO - [2025-12-19T02:05:47.139+0000] {dag.py:3239} INFO - Sync 1 DAGs
[2025-12-19T02:05:47.155+0000] {logging_mixin.py:190} INFO - [2025-12-19T02:05:47.154+0000] {dag.py:4180} INFO - Setting next_dagrun for transform_data to None, run_after=None
[2025-12-19T02:05:47.165+0000] {processor.py:208} INFO - Processing /opt/airflow/dags/transform_data.py took 0.057 seconds
[2025-12-19T02:06:17.308+0000] {processor.py:186} INFO - Started process (PID=147) to work on /opt/airflow/dags/transform_data.py
[2025-12-19T02:06:17.311+0000] {processor.py:914} INFO - Processing file /opt/airflow/dags/transform_data.py for tasks to queue
[2025-12-19T02:06:17.312+0000] {logging_mixin.py:190} INFO - [2025-12-19T02:06:17.312+0000] {dagbag.py:588} INFO - Filling up the DagBag from /opt/airflow/dags/transform_data.py
[2025-12-19T02:06:17.317+0000] {processor.py:925} INFO - DAG(s) 'transform_data' retrieved from /opt/airflow/dags/transform_data.py
[2025-12-19T02:06:17.336+0000] {logging_mixin.py:190} INFO - [2025-12-19T02:06:17.336+0000] {dag.py:3239} INFO - Sync 1 DAGs
[2025-12-19T02:06:17.345+0000] {logging_mixin.py:190} INFO - [2025-12-19T02:06:17.345+0000] {dag.py:4180} INFO - Setting next_dagrun for transform_data to None, run_after=None
[2025-12-19T02:06:17.361+0000] {processor.py:208} INFO - Processing /opt/airflow/dags/transform_data.py took 0.058 seconds
[2025-12-19T02:06:47.504+0000] {processor.py:186} INFO - Started process (PID=154) to work on /opt/airflow/dags/transform_data.py
[2025-12-19T02:06:47.507+0000] {processor.py:914} INFO - Processing file /opt/airflow/dags/transform_data.py for tasks to queue
[2025-12-19T02:06:47.510+0000] {logging_mixin.py:190} INFO - [2025-12-19T02:06:47.510+0000] {dagbag.py:588} INFO - Filling up the DagBag from /opt/airflow/dags/transform_data.py
[2025-12-19T02:06:47.518+0000] {processor.py:925} INFO - DAG(s) 'transform_data' retrieved from /opt/airflow/dags/transform_data.py
[2025-12-19T02:06:47.543+0000] {logging_mixin.py:190} INFO - [2025-12-19T02:06:47.543+0000] {dag.py:3239} INFO - Sync 1 DAGs
[2025-12-19T02:06:47.552+0000] {logging_mixin.py:190} INFO - [2025-12-19T02:06:47.552+0000] {dag.py:4180} INFO - Setting next_dagrun for transform_data to None, run_after=None
[2025-12-19T02:06:47.561+0000] {processor.py:208} INFO - Processing /opt/airflow/dags/transform_data.py took 0.063 seconds
[2025-12-19T02:07:17.717+0000] {processor.py:186} INFO - Started process (PID=161) to work on /opt/airflow/dags/transform_data.py
[2025-12-19T02:07:17.719+0000] {processor.py:914} INFO - Processing file /opt/airflow/dags/transform_data.py for tasks to queue
[2025-12-19T02:07:17.720+0000] {logging_mixin.py:190} INFO - [2025-12-19T02:07:17.720+0000] {dagbag.py:588} INFO - Filling up the DagBag from /opt/airflow/dags/transform_data.py
[2025-12-19T02:07:17.724+0000] {processor.py:925} INFO - DAG(s) 'transform_data' retrieved from /opt/airflow/dags/transform_data.py
[2025-12-19T02:07:17.740+0000] {logging_mixin.py:190} INFO - [2025-12-19T02:07:17.740+0000] {dag.py:3239} INFO - Sync 1 DAGs
[2025-12-19T02:07:17.748+0000] {logging_mixin.py:190} INFO - [2025-12-19T02:07:17.748+0000] {dag.py:4180} INFO - Setting next_dagrun for transform_data to None, run_after=None
[2025-12-19T02:07:17.757+0000] {processor.py:208} INFO - Processing /opt/airflow/dags/transform_data.py took 0.044 seconds
[2025-12-19T02:07:47.942+0000] {processor.py:186} INFO - Started process (PID=168) to work on /opt/airflow/dags/transform_data.py
[2025-12-19T02:07:47.945+0000] {processor.py:914} INFO - Processing file /opt/airflow/dags/transform_data.py for tasks to queue
[2025-12-19T02:07:47.949+0000] {logging_mixin.py:190} INFO - [2025-12-19T02:07:47.948+0000] {dagbag.py:588} INFO - Filling up the DagBag from /opt/airflow/dags/transform_data.py
[2025-12-19T02:07:47.957+0000] {processor.py:925} INFO - DAG(s) 'transform_data' retrieved from /opt/airflow/dags/transform_data.py
[2025-12-19T02:07:47.988+0000] {logging_mixin.py:190} INFO - [2025-12-19T02:07:47.988+0000] {dag.py:3239} INFO - Sync 1 DAGs
[2025-12-19T02:07:47.997+0000] {logging_mixin.py:190} INFO - [2025-12-19T02:07:47.997+0000] {dag.py:4180} INFO - Setting next_dagrun for transform_data to None, run_after=None
[2025-12-19T02:07:48.006+0000] {processor.py:208} INFO - Processing /opt/airflow/dags/transform_data.py took 0.070 seconds
[2025-12-19T02:08:18.169+0000] {processor.py:186} INFO - Started process (PID=175) to work on /opt/airflow/dags/transform_data.py
[2025-12-19T02:08:18.171+0000] {processor.py:914} INFO - Processing file /opt/airflow/dags/transform_data.py for tasks to queue
[2025-12-19T02:08:18.173+0000] {logging_mixin.py:190} INFO - [2025-12-19T02:08:18.172+0000] {dagbag.py:588} INFO - Filling up the DagBag from /opt/airflow/dags/transform_data.py
[2025-12-19T02:08:18.177+0000] {processor.py:925} INFO - DAG(s) 'transform_data' retrieved from /opt/airflow/dags/transform_data.py
[2025-12-19T02:08:18.193+0000] {logging_mixin.py:190} INFO - [2025-12-19T02:08:18.192+0000] {dag.py:3239} INFO - Sync 1 DAGs
[2025-12-19T02:08:18.200+0000] {logging_mixin.py:190} INFO - [2025-12-19T02:08:18.200+0000] {dag.py:4180} INFO - Setting next_dagrun for transform_data to None, run_after=None
[2025-12-19T02:08:18.209+0000] {processor.py:208} INFO - Processing /opt/airflow/dags/transform_data.py took 0.044 seconds
[2025-12-19T02:08:48.405+0000] {processor.py:186} INFO - Started process (PID=187) to work on /opt/airflow/dags/transform_data.py
[2025-12-19T02:08:48.406+0000] {processor.py:914} INFO - Processing file /opt/airflow/dags/transform_data.py for tasks to queue
[2025-12-19T02:08:48.407+0000] {logging_mixin.py:190} INFO - [2025-12-19T02:08:48.407+0000] {dagbag.py:588} INFO - Filling up the DagBag from /opt/airflow/dags/transform_data.py
[2025-12-19T02:08:48.411+0000] {processor.py:925} INFO - DAG(s) 'transform_data' retrieved from /opt/airflow/dags/transform_data.py
[2025-12-19T02:08:48.431+0000] {logging_mixin.py:190} INFO - [2025-12-19T02:08:48.431+0000] {dag.py:3239} INFO - Sync 1 DAGs
[2025-12-19T02:08:48.440+0000] {logging_mixin.py:190} INFO - [2025-12-19T02:08:48.439+0000] {dag.py:4180} INFO - Setting next_dagrun for transform_data to None, run_after=None
[2025-12-19T02:08:48.448+0000] {processor.py:208} INFO - Processing /opt/airflow/dags/transform_data.py took 0.047 seconds
[2025-12-19T02:09:18.638+0000] {processor.py:186} INFO - Started process (PID=194) to work on /opt/airflow/dags/transform_data.py
[2025-12-19T02:09:18.640+0000] {processor.py:914} INFO - Processing file /opt/airflow/dags/transform_data.py for tasks to queue
[2025-12-19T02:09:18.642+0000] {logging_mixin.py:190} INFO - [2025-12-19T02:09:18.642+0000] {dagbag.py:588} INFO - Filling up the DagBag from /opt/airflow/dags/transform_data.py
[2025-12-19T02:09:18.648+0000] {processor.py:925} INFO - DAG(s) 'transform_data' retrieved from /opt/airflow/dags/transform_data.py
[2025-12-19T02:09:18.662+0000] {logging_mixin.py:190} INFO - [2025-12-19T02:09:18.662+0000] {dag.py:3239} INFO - Sync 1 DAGs
[2025-12-19T02:09:18.670+0000] {logging_mixin.py:190} INFO - [2025-12-19T02:09:18.670+0000] {dag.py:4180} INFO - Setting next_dagrun for transform_data to None, run_after=None
[2025-12-19T02:09:18.680+0000] {processor.py:208} INFO - Processing /opt/airflow/dags/transform_data.py took 0.049 seconds
[2025-12-19T02:09:48.844+0000] {processor.py:186} INFO - Started process (PID=201) to work on /opt/airflow/dags/transform_data.py
[2025-12-19T02:09:48.846+0000] {processor.py:914} INFO - Processing file /opt/airflow/dags/transform_data.py for tasks to queue
[2025-12-19T02:09:48.850+0000] {logging_mixin.py:190} INFO - [2025-12-19T02:09:48.849+0000] {dagbag.py:588} INFO - Filling up the DagBag from /opt/airflow/dags/transform_data.py
[2025-12-19T02:09:48.857+0000] {processor.py:925} INFO - DAG(s) 'transform_data' retrieved from /opt/airflow/dags/transform_data.py
[2025-12-19T02:09:48.886+0000] {logging_mixin.py:190} INFO - [2025-12-19T02:09:48.885+0000] {dag.py:3239} INFO - Sync 1 DAGs
[2025-12-19T02:09:48.901+0000] {logging_mixin.py:190} INFO - [2025-12-19T02:09:48.901+0000] {dag.py:4180} INFO - Setting next_dagrun for transform_data to None, run_after=None
[2025-12-19T02:09:48.915+0000] {processor.py:208} INFO - Processing /opt/airflow/dags/transform_data.py took 0.078 seconds
[2025-12-19T02:10:19.063+0000] {processor.py:186} INFO - Started process (PID=208) to work on /opt/airflow/dags/transform_data.py
[2025-12-19T02:10:19.065+0000] {processor.py:914} INFO - Processing file /opt/airflow/dags/transform_data.py for tasks to queue
[2025-12-19T02:10:19.068+0000] {logging_mixin.py:190} INFO - [2025-12-19T02:10:19.067+0000] {dagbag.py:588} INFO - Filling up the DagBag from /opt/airflow/dags/transform_data.py
[2025-12-19T02:10:19.076+0000] {processor.py:925} INFO - DAG(s) 'transform_data' retrieved from /opt/airflow/dags/transform_data.py
[2025-12-19T02:10:19.107+0000] {logging_mixin.py:190} INFO - [2025-12-19T02:10:19.107+0000] {dag.py:3239} INFO - Sync 1 DAGs
[2025-12-19T02:10:19.115+0000] {logging_mixin.py:190} INFO - [2025-12-19T02:10:19.115+0000] {dag.py:4180} INFO - Setting next_dagrun for transform_data to None, run_after=None
[2025-12-19T02:10:19.125+0000] {processor.py:208} INFO - Processing /opt/airflow/dags/transform_data.py took 0.068 seconds
[2025-12-19T02:10:49.291+0000] {processor.py:186} INFO - Started process (PID=215) to work on /opt/airflow/dags/transform_data.py
[2025-12-19T02:10:49.293+0000] {processor.py:914} INFO - Processing file /opt/airflow/dags/transform_data.py for tasks to queue
[2025-12-19T02:10:49.294+0000] {logging_mixin.py:190} INFO - [2025-12-19T02:10:49.294+0000] {dagbag.py:588} INFO - Filling up the DagBag from /opt/airflow/dags/transform_data.py
[2025-12-19T02:10:49.298+0000] {processor.py:925} INFO - DAG(s) 'transform_data' retrieved from /opt/airflow/dags/transform_data.py
[2025-12-19T02:10:49.312+0000] {logging_mixin.py:190} INFO - [2025-12-19T02:10:49.312+0000] {dag.py:3239} INFO - Sync 1 DAGs
[2025-12-19T02:10:49.320+0000] {logging_mixin.py:190} INFO - [2025-12-19T02:10:49.320+0000] {dag.py:4180} INFO - Setting next_dagrun for transform_data to None, run_after=None
[2025-12-19T02:10:49.331+0000] {processor.py:208} INFO - Processing /opt/airflow/dags/transform_data.py took 0.044 seconds
[2025-12-19T02:11:19.496+0000] {processor.py:186} INFO - Started process (PID=223) to work on /opt/airflow/dags/transform_data.py
[2025-12-19T02:11:19.498+0000] {processor.py:914} INFO - Processing file /opt/airflow/dags/transform_data.py for tasks to queue
[2025-12-19T02:11:19.500+0000] {logging_mixin.py:190} INFO - [2025-12-19T02:11:19.500+0000] {dagbag.py:588} INFO - Filling up the DagBag from /opt/airflow/dags/transform_data.py
[2025-12-19T02:11:19.507+0000] {processor.py:925} INFO - DAG(s) 'transform_data' retrieved from /opt/airflow/dags/transform_data.py
[2025-12-19T02:11:19.534+0000] {logging_mixin.py:190} INFO - [2025-12-19T02:11:19.534+0000] {dag.py:3239} INFO - Sync 1 DAGs
[2025-12-19T02:11:19.548+0000] {logging_mixin.py:190} INFO - [2025-12-19T02:11:19.547+0000] {dag.py:4180} INFO - Setting next_dagrun for transform_data to None, run_after=None
[2025-12-19T02:11:19.557+0000] {processor.py:208} INFO - Processing /opt/airflow/dags/transform_data.py took 0.068 seconds
[2025-12-19T02:11:49.723+0000] {processor.py:186} INFO - Started process (PID=230) to work on /opt/airflow/dags/transform_data.py
[2025-12-19T02:11:49.725+0000] {processor.py:914} INFO - Processing file /opt/airflow/dags/transform_data.py for tasks to queue
[2025-12-19T02:11:49.727+0000] {logging_mixin.py:190} INFO - [2025-12-19T02:11:49.726+0000] {dagbag.py:588} INFO - Filling up the DagBag from /opt/airflow/dags/transform_data.py
[2025-12-19T02:11:49.731+0000] {processor.py:925} INFO - DAG(s) 'transform_data' retrieved from /opt/airflow/dags/transform_data.py
[2025-12-19T02:11:49.751+0000] {logging_mixin.py:190} INFO - [2025-12-19T02:11:49.751+0000] {dag.py:3239} INFO - Sync 1 DAGs
[2025-12-19T02:11:49.759+0000] {logging_mixin.py:190} INFO - [2025-12-19T02:11:49.759+0000] {dag.py:4180} INFO - Setting next_dagrun for transform_data to None, run_after=None
[2025-12-19T02:11:49.769+0000] {processor.py:208} INFO - Processing /opt/airflow/dags/transform_data.py took 0.049 seconds
[2025-12-19T02:12:19.922+0000] {processor.py:186} INFO - Started process (PID=237) to work on /opt/airflow/dags/transform_data.py
[2025-12-19T02:12:19.924+0000] {processor.py:914} INFO - Processing file /opt/airflow/dags/transform_data.py for tasks to queue
[2025-12-19T02:12:19.925+0000] {logging_mixin.py:190} INFO - [2025-12-19T02:12:19.925+0000] {dagbag.py:588} INFO - Filling up the DagBag from /opt/airflow/dags/transform_data.py
[2025-12-19T02:12:19.930+0000] {processor.py:925} INFO - DAG(s) 'transform_data' retrieved from /opt/airflow/dags/transform_data.py
[2025-12-19T02:12:19.944+0000] {logging_mixin.py:190} INFO - [2025-12-19T02:12:19.944+0000] {dag.py:3239} INFO - Sync 1 DAGs
[2025-12-19T02:12:19.953+0000] {logging_mixin.py:190} INFO - [2025-12-19T02:12:19.953+0000] {dag.py:4180} INFO - Setting next_dagrun for transform_data to None, run_after=None
[2025-12-19T02:12:19.962+0000] {processor.py:208} INFO - Processing /opt/airflow/dags/transform_data.py took 0.044 seconds
[2025-12-19T02:12:50.162+0000] {processor.py:186} INFO - Started process (PID=244) to work on /opt/airflow/dags/transform_data.py
[2025-12-19T02:12:50.164+0000] {processor.py:914} INFO - Processing file /opt/airflow/dags/transform_data.py for tasks to queue
[2025-12-19T02:12:50.165+0000] {logging_mixin.py:190} INFO - [2025-12-19T02:12:50.165+0000] {dagbag.py:588} INFO - Filling up the DagBag from /opt/airflow/dags/transform_data.py
[2025-12-19T02:12:50.171+0000] {processor.py:925} INFO - DAG(s) 'transform_data' retrieved from /opt/airflow/dags/transform_data.py
[2025-12-19T02:12:50.200+0000] {logging_mixin.py:190} INFO - [2025-12-19T02:12:50.199+0000] {dag.py:3239} INFO - Sync 1 DAGs
[2025-12-19T02:12:50.211+0000] {logging_mixin.py:190} INFO - [2025-12-19T02:12:50.211+0000] {dag.py:4180} INFO - Setting next_dagrun for transform_data to None, run_after=None
[2025-12-19T02:12:50.227+0000] {processor.py:208} INFO - Processing /opt/airflow/dags/transform_data.py took 0.070 seconds
[2025-12-19T02:12:52.198+0000] {processor.py:186} INFO - Started process (PID=245) to work on /opt/airflow/dags/transform_data.py
[2025-12-19T02:12:52.200+0000] {processor.py:914} INFO - Processing file /opt/airflow/dags/transform_data.py for tasks to queue
[2025-12-19T02:12:52.203+0000] {logging_mixin.py:190} INFO - [2025-12-19T02:12:52.202+0000] {dagbag.py:588} INFO - Filling up the DagBag from /opt/airflow/dags/transform_data.py
[2025-12-19T02:12:52.209+0000] {processor.py:925} INFO - DAG(s) 'transform_data' retrieved from /opt/airflow/dags/transform_data.py
[2025-12-19T02:12:52.238+0000] {logging_mixin.py:190} INFO - [2025-12-19T02:12:52.238+0000] {dag.py:3239} INFO - Sync 1 DAGs
[2025-12-19T02:12:52.250+0000] {logging_mixin.py:190} INFO - [2025-12-19T02:12:52.250+0000] {dag.py:4180} INFO - Setting next_dagrun for transform_data to None, run_after=None
[2025-12-19T02:12:52.267+0000] {processor.py:208} INFO - Processing /opt/airflow/dags/transform_data.py took 0.080 seconds
[2025-12-19T02:13:32.777+0000] {processor.py:186} INFO - Started process (PID=59) to work on /opt/airflow/dags/transform_data.py
[2025-12-19T02:13:32.778+0000] {processor.py:914} INFO - Processing file /opt/airflow/dags/transform_data.py for tasks to queue
[2025-12-19T02:13:32.779+0000] {logging_mixin.py:190} INFO - [2025-12-19T02:13:32.779+0000] {dagbag.py:588} INFO - Filling up the DagBag from /opt/airflow/dags/transform_data.py
[2025-12-19T02:13:32.793+0000] {processor.py:925} INFO - DAG(s) 'transform_data' retrieved from /opt/airflow/dags/transform_data.py
[2025-12-19T02:13:32.823+0000] {logging_mixin.py:190} INFO - [2025-12-19T02:13:32.822+0000] {dag.py:3239} INFO - Sync 1 DAGs
[2025-12-19T02:13:32.831+0000] {logging_mixin.py:190} INFO - [2025-12-19T02:13:32.831+0000] {dag.py:4180} INFO - Setting next_dagrun for transform_data to None, run_after=None
[2025-12-19T02:13:32.841+0000] {processor.py:208} INFO - Processing /opt/airflow/dags/transform_data.py took 0.069 seconds
[2025-12-19T02:14:02.958+0000] {processor.py:186} INFO - Started process (PID=66) to work on /opt/airflow/dags/transform_data.py
[2025-12-19T02:14:02.960+0000] {processor.py:914} INFO - Processing file /opt/airflow/dags/transform_data.py for tasks to queue
[2025-12-19T02:14:02.962+0000] {logging_mixin.py:190} INFO - [2025-12-19T02:14:02.962+0000] {dagbag.py:588} INFO - Filling up the DagBag from /opt/airflow/dags/transform_data.py
[2025-12-19T02:14:02.971+0000] {processor.py:925} INFO - DAG(s) 'transform_data' retrieved from /opt/airflow/dags/transform_data.py
[2025-12-19T02:14:02.999+0000] {logging_mixin.py:190} INFO - [2025-12-19T02:14:02.999+0000] {dag.py:3239} INFO - Sync 1 DAGs
[2025-12-19T02:14:03.014+0000] {logging_mixin.py:190} INFO - [2025-12-19T02:14:03.013+0000] {dag.py:4180} INFO - Setting next_dagrun for transform_data to None, run_after=None
[2025-12-19T02:14:03.027+0000] {processor.py:208} INFO - Processing /opt/airflow/dags/transform_data.py took 0.076 seconds
[2025-12-19T02:14:33.144+0000] {processor.py:186} INFO - Started process (PID=73) to work on /opt/airflow/dags/transform_data.py
[2025-12-19T02:14:33.145+0000] {processor.py:914} INFO - Processing file /opt/airflow/dags/transform_data.py for tasks to queue
[2025-12-19T02:14:33.146+0000] {logging_mixin.py:190} INFO - [2025-12-19T02:14:33.146+0000] {dagbag.py:588} INFO - Filling up the DagBag from /opt/airflow/dags/transform_data.py
[2025-12-19T02:14:33.151+0000] {processor.py:925} INFO - DAG(s) 'transform_data' retrieved from /opt/airflow/dags/transform_data.py
[2025-12-19T02:14:33.168+0000] {logging_mixin.py:190} INFO - [2025-12-19T02:14:33.168+0000] {dag.py:3239} INFO - Sync 1 DAGs
[2025-12-19T02:14:33.176+0000] {logging_mixin.py:190} INFO - [2025-12-19T02:14:33.176+0000] {dag.py:4180} INFO - Setting next_dagrun for transform_data to None, run_after=None
[2025-12-19T02:14:33.186+0000] {processor.py:208} INFO - Processing /opt/airflow/dags/transform_data.py took 0.047 seconds
[2025-12-19T02:15:03.359+0000] {processor.py:186} INFO - Started process (PID=80) to work on /opt/airflow/dags/transform_data.py
[2025-12-19T02:15:03.361+0000] {processor.py:914} INFO - Processing file /opt/airflow/dags/transform_data.py for tasks to queue
[2025-12-19T02:15:03.364+0000] {logging_mixin.py:190} INFO - [2025-12-19T02:15:03.363+0000] {dagbag.py:588} INFO - Filling up the DagBag from /opt/airflow/dags/transform_data.py
[2025-12-19T02:15:03.371+0000] {processor.py:925} INFO - DAG(s) 'transform_data' retrieved from /opt/airflow/dags/transform_data.py
[2025-12-19T02:15:03.394+0000] {logging_mixin.py:190} INFO - [2025-12-19T02:15:03.394+0000] {dag.py:3239} INFO - Sync 1 DAGs
[2025-12-19T02:15:03.409+0000] {logging_mixin.py:190} INFO - [2025-12-19T02:15:03.409+0000] {dag.py:4180} INFO - Setting next_dagrun for transform_data to None, run_after=None
[2025-12-19T02:15:03.423+0000] {processor.py:208} INFO - Processing /opt/airflow/dags/transform_data.py took 0.070 seconds
[2025-12-19T02:15:33.547+0000] {processor.py:186} INFO - Started process (PID=87) to work on /opt/airflow/dags/transform_data.py
[2025-12-19T02:15:33.549+0000] {processor.py:914} INFO - Processing file /opt/airflow/dags/transform_data.py for tasks to queue
[2025-12-19T02:15:33.551+0000] {logging_mixin.py:190} INFO - [2025-12-19T02:15:33.551+0000] {dagbag.py:588} INFO - Filling up the DagBag from /opt/airflow/dags/transform_data.py
[2025-12-19T02:15:33.558+0000] {processor.py:925} INFO - DAG(s) 'transform_data' retrieved from /opt/airflow/dags/transform_data.py
[2025-12-19T02:15:33.579+0000] {logging_mixin.py:190} INFO - [2025-12-19T02:15:33.578+0000] {dag.py:3239} INFO - Sync 1 DAGs
[2025-12-19T02:15:33.589+0000] {logging_mixin.py:190} INFO - [2025-12-19T02:15:33.589+0000] {dag.py:4180} INFO - Setting next_dagrun for transform_data to None, run_after=None
[2025-12-19T02:15:33.600+0000] {processor.py:208} INFO - Processing /opt/airflow/dags/transform_data.py took 0.063 seconds
[2025-12-19T02:16:03.754+0000] {processor.py:186} INFO - Started process (PID=94) to work on /opt/airflow/dags/transform_data.py
[2025-12-19T02:16:03.754+0000] {processor.py:914} INFO - Processing file /opt/airflow/dags/transform_data.py for tasks to queue
[2025-12-19T02:16:03.756+0000] {logging_mixin.py:190} INFO - [2025-12-19T02:16:03.756+0000] {dagbag.py:588} INFO - Filling up the DagBag from /opt/airflow/dags/transform_data.py
[2025-12-19T02:16:03.762+0000] {processor.py:925} INFO - DAG(s) 'transform_data' retrieved from /opt/airflow/dags/transform_data.py
[2025-12-19T02:16:03.777+0000] {logging_mixin.py:190} INFO - [2025-12-19T02:16:03.777+0000] {dag.py:3239} INFO - Sync 1 DAGs
[2025-12-19T02:16:03.785+0000] {logging_mixin.py:190} INFO - [2025-12-19T02:16:03.785+0000] {dag.py:4180} INFO - Setting next_dagrun for transform_data to None, run_after=None
[2025-12-19T02:16:03.794+0000] {processor.py:208} INFO - Processing /opt/airflow/dags/transform_data.py took 0.046 seconds
[2025-12-19T02:16:33.942+0000] {processor.py:186} INFO - Started process (PID=101) to work on /opt/airflow/dags/transform_data.py
[2025-12-19T02:16:33.945+0000] {processor.py:914} INFO - Processing file /opt/airflow/dags/transform_data.py for tasks to queue
[2025-12-19T02:16:33.948+0000] {logging_mixin.py:190} INFO - [2025-12-19T02:16:33.947+0000] {dagbag.py:588} INFO - Filling up the DagBag from /opt/airflow/dags/transform_data.py
[2025-12-19T02:16:33.954+0000] {processor.py:925} INFO - DAG(s) 'transform_data' retrieved from /opt/airflow/dags/transform_data.py
[2025-12-19T02:16:33.979+0000] {logging_mixin.py:190} INFO - [2025-12-19T02:16:33.979+0000] {dag.py:3239} INFO - Sync 1 DAGs
[2025-12-19T02:16:33.988+0000] {logging_mixin.py:190} INFO - [2025-12-19T02:16:33.988+0000] {dag.py:4180} INFO - Setting next_dagrun for transform_data to None, run_after=None
[2025-12-19T02:16:34.001+0000] {processor.py:208} INFO - Processing /opt/airflow/dags/transform_data.py took 0.066 seconds
[2025-12-19T02:17:04.152+0000] {processor.py:186} INFO - Started process (PID=108) to work on /opt/airflow/dags/transform_data.py
[2025-12-19T02:17:04.152+0000] {processor.py:914} INFO - Processing file /opt/airflow/dags/transform_data.py for tasks to queue
[2025-12-19T02:17:04.154+0000] {logging_mixin.py:190} INFO - [2025-12-19T02:17:04.153+0000] {dagbag.py:588} INFO - Filling up the DagBag from /opt/airflow/dags/transform_data.py
[2025-12-19T02:17:04.158+0000] {processor.py:925} INFO - DAG(s) 'transform_data' retrieved from /opt/airflow/dags/transform_data.py
[2025-12-19T02:17:04.182+0000] {logging_mixin.py:190} INFO - [2025-12-19T02:17:04.182+0000] {dag.py:3239} INFO - Sync 1 DAGs
[2025-12-19T02:17:04.197+0000] {logging_mixin.py:190} INFO - [2025-12-19T02:17:04.196+0000] {dag.py:4180} INFO - Setting next_dagrun for transform_data to None, run_after=None
[2025-12-19T02:17:04.209+0000] {processor.py:208} INFO - Processing /opt/airflow/dags/transform_data.py took 0.062 seconds
[2025-12-19T02:17:34.324+0000] {processor.py:186} INFO - Started process (PID=115) to work on /opt/airflow/dags/transform_data.py
[2025-12-19T02:17:34.326+0000] {processor.py:914} INFO - Processing file /opt/airflow/dags/transform_data.py for tasks to queue
[2025-12-19T02:17:34.327+0000] {logging_mixin.py:190} INFO - [2025-12-19T02:17:34.327+0000] {dagbag.py:588} INFO - Filling up the DagBag from /opt/airflow/dags/transform_data.py
[2025-12-19T02:17:34.332+0000] {processor.py:925} INFO - DAG(s) 'transform_data' retrieved from /opt/airflow/dags/transform_data.py
[2025-12-19T02:17:34.357+0000] {logging_mixin.py:190} INFO - [2025-12-19T02:17:34.357+0000] {dag.py:3239} INFO - Sync 1 DAGs
[2025-12-19T02:17:34.369+0000] {logging_mixin.py:190} INFO - [2025-12-19T02:17:34.368+0000] {dag.py:4180} INFO - Setting next_dagrun for transform_data to None, run_after=None
[2025-12-19T02:17:34.386+0000] {processor.py:208} INFO - Processing /opt/airflow/dags/transform_data.py took 0.066 seconds
[2025-12-19T02:18:04.560+0000] {processor.py:186} INFO - Started process (PID=122) to work on /opt/airflow/dags/transform_data.py
[2025-12-19T02:18:04.561+0000] {processor.py:914} INFO - Processing file /opt/airflow/dags/transform_data.py for tasks to queue
[2025-12-19T02:18:04.562+0000] {logging_mixin.py:190} INFO - [2025-12-19T02:18:04.562+0000] {dagbag.py:588} INFO - Filling up the DagBag from /opt/airflow/dags/transform_data.py
[2025-12-19T02:18:04.567+0000] {processor.py:925} INFO - DAG(s) 'transform_data' retrieved from /opt/airflow/dags/transform_data.py
[2025-12-19T02:18:04.591+0000] {logging_mixin.py:190} INFO - [2025-12-19T02:18:04.591+0000] {dag.py:3239} INFO - Sync 1 DAGs
[2025-12-19T02:18:04.604+0000] {logging_mixin.py:190} INFO - [2025-12-19T02:18:04.603+0000] {dag.py:4180} INFO - Setting next_dagrun for transform_data to None, run_after=None
[2025-12-19T02:18:04.614+0000] {processor.py:208} INFO - Processing /opt/airflow/dags/transform_data.py took 0.060 seconds
[2025-12-19T02:18:34.783+0000] {processor.py:186} INFO - Started process (PID=129) to work on /opt/airflow/dags/transform_data.py
[2025-12-19T02:18:34.783+0000] {processor.py:914} INFO - Processing file /opt/airflow/dags/transform_data.py for tasks to queue
[2025-12-19T02:18:34.785+0000] {logging_mixin.py:190} INFO - [2025-12-19T02:18:34.784+0000] {dagbag.py:588} INFO - Filling up the DagBag from /opt/airflow/dags/transform_data.py
[2025-12-19T02:18:34.789+0000] {processor.py:925} INFO - DAG(s) 'transform_data' retrieved from /opt/airflow/dags/transform_data.py
[2025-12-19T02:18:34.806+0000] {logging_mixin.py:190} INFO - [2025-12-19T02:18:34.806+0000] {dag.py:3239} INFO - Sync 1 DAGs
[2025-12-19T02:18:34.814+0000] {logging_mixin.py:190} INFO - [2025-12-19T02:18:34.814+0000] {dag.py:4180} INFO - Setting next_dagrun for transform_data to None, run_after=None
[2025-12-19T02:18:34.824+0000] {processor.py:208} INFO - Processing /opt/airflow/dags/transform_data.py took 0.045 seconds
[2025-12-19T02:19:05.001+0000] {processor.py:186} INFO - Started process (PID=136) to work on /opt/airflow/dags/transform_data.py
[2025-12-19T02:19:05.003+0000] {processor.py:914} INFO - Processing file /opt/airflow/dags/transform_data.py for tasks to queue
[2025-12-19T02:19:05.005+0000] {logging_mixin.py:190} INFO - [2025-12-19T02:19:05.005+0000] {dagbag.py:588} INFO - Filling up the DagBag from /opt/airflow/dags/transform_data.py
[2025-12-19T02:19:05.013+0000] {processor.py:925} INFO - DAG(s) 'transform_data' retrieved from /opt/airflow/dags/transform_data.py
[2025-12-19T02:19:05.041+0000] {logging_mixin.py:190} INFO - [2025-12-19T02:19:05.041+0000] {dag.py:3239} INFO - Sync 1 DAGs
[2025-12-19T02:19:05.055+0000] {logging_mixin.py:190} INFO - [2025-12-19T02:19:05.055+0000] {dag.py:4180} INFO - Setting next_dagrun for transform_data to None, run_after=None
[2025-12-19T02:19:05.074+0000] {processor.py:208} INFO - Processing /opt/airflow/dags/transform_data.py took 0.078 seconds
[2025-12-19T02:19:35.228+0000] {processor.py:186} INFO - Started process (PID=143) to work on /opt/airflow/dags/transform_data.py
[2025-12-19T02:19:35.230+0000] {processor.py:914} INFO - Processing file /opt/airflow/dags/transform_data.py for tasks to queue
[2025-12-19T02:19:35.232+0000] {logging_mixin.py:190} INFO - [2025-12-19T02:19:35.232+0000] {dagbag.py:588} INFO - Filling up the DagBag from /opt/airflow/dags/transform_data.py
[2025-12-19T02:19:35.237+0000] {processor.py:925} INFO - DAG(s) 'transform_data' retrieved from /opt/airflow/dags/transform_data.py
[2025-12-19T02:19:35.258+0000] {logging_mixin.py:190} INFO - [2025-12-19T02:19:35.258+0000] {dag.py:3239} INFO - Sync 1 DAGs
[2025-12-19T02:19:35.267+0000] {logging_mixin.py:190} INFO - [2025-12-19T02:19:35.266+0000] {dag.py:4180} INFO - Setting next_dagrun for transform_data to None, run_after=None
[2025-12-19T02:19:35.276+0000] {processor.py:208} INFO - Processing /opt/airflow/dags/transform_data.py took 0.055 seconds
[2025-12-19T02:20:05.463+0000] {processor.py:186} INFO - Started process (PID=150) to work on /opt/airflow/dags/transform_data.py
[2025-12-19T02:20:05.465+0000] {processor.py:914} INFO - Processing file /opt/airflow/dags/transform_data.py for tasks to queue
[2025-12-19T02:20:05.467+0000] {logging_mixin.py:190} INFO - [2025-12-19T02:20:05.467+0000] {dagbag.py:588} INFO - Filling up the DagBag from /opt/airflow/dags/transform_data.py
[2025-12-19T02:20:05.471+0000] {processor.py:925} INFO - DAG(s) 'transform_data' retrieved from /opt/airflow/dags/transform_data.py
[2025-12-19T02:20:05.495+0000] {logging_mixin.py:190} INFO - [2025-12-19T02:20:05.495+0000] {dag.py:3239} INFO - Sync 1 DAGs
[2025-12-19T02:20:05.511+0000] {logging_mixin.py:190} INFO - [2025-12-19T02:20:05.510+0000] {dag.py:4180} INFO - Setting next_dagrun for transform_data to None, run_after=None
[2025-12-19T02:20:05.529+0000] {processor.py:208} INFO - Processing /opt/airflow/dags/transform_data.py took 0.072 seconds
[2025-12-19T02:20:35.675+0000] {processor.py:186} INFO - Started process (PID=157) to work on /opt/airflow/dags/transform_data.py
[2025-12-19T02:20:35.677+0000] {processor.py:914} INFO - Processing file /opt/airflow/dags/transform_data.py for tasks to queue
[2025-12-19T02:20:35.680+0000] {logging_mixin.py:190} INFO - [2025-12-19T02:20:35.679+0000] {dagbag.py:588} INFO - Filling up the DagBag from /opt/airflow/dags/transform_data.py
[2025-12-19T02:20:35.686+0000] {processor.py:925} INFO - DAG(s) 'transform_data' retrieved from /opt/airflow/dags/transform_data.py
[2025-12-19T02:20:35.709+0000] {logging_mixin.py:190} INFO - [2025-12-19T02:20:35.709+0000] {dag.py:3239} INFO - Sync 1 DAGs
[2025-12-19T02:20:35.718+0000] {logging_mixin.py:190} INFO - [2025-12-19T02:20:35.718+0000] {dag.py:4180} INFO - Setting next_dagrun for transform_data to None, run_after=None
[2025-12-19T02:20:35.727+0000] {processor.py:208} INFO - Processing /opt/airflow/dags/transform_data.py took 0.059 seconds
[2025-12-19T02:21:05.848+0000] {processor.py:186} INFO - Started process (PID=164) to work on /opt/airflow/dags/transform_data.py
[2025-12-19T02:21:05.849+0000] {processor.py:914} INFO - Processing file /opt/airflow/dags/transform_data.py for tasks to queue
[2025-12-19T02:21:05.850+0000] {logging_mixin.py:190} INFO - [2025-12-19T02:21:05.850+0000] {dagbag.py:588} INFO - Filling up the DagBag from /opt/airflow/dags/transform_data.py
[2025-12-19T02:21:05.854+0000] {processor.py:925} INFO - DAG(s) 'transform_data' retrieved from /opt/airflow/dags/transform_data.py
[2025-12-19T02:21:05.877+0000] {logging_mixin.py:190} INFO - [2025-12-19T02:21:05.877+0000] {dag.py:3239} INFO - Sync 1 DAGs
[2025-12-19T02:21:05.885+0000] {logging_mixin.py:190} INFO - [2025-12-19T02:21:05.885+0000] {dag.py:4180} INFO - Setting next_dagrun for transform_data to None, run_after=None
[2025-12-19T02:21:05.895+0000] {processor.py:208} INFO - Processing /opt/airflow/dags/transform_data.py took 0.052 seconds
[2025-12-19T02:21:36.054+0000] {processor.py:186} INFO - Started process (PID=177) to work on /opt/airflow/dags/transform_data.py
[2025-12-19T02:21:36.055+0000] {processor.py:914} INFO - Processing file /opt/airflow/dags/transform_data.py for tasks to queue
[2025-12-19T02:21:36.058+0000] {logging_mixin.py:190} INFO - [2025-12-19T02:21:36.057+0000] {dagbag.py:588} INFO - Filling up the DagBag from /opt/airflow/dags/transform_data.py
[2025-12-19T02:21:36.062+0000] {processor.py:925} INFO - DAG(s) 'transform_data' retrieved from /opt/airflow/dags/transform_data.py
[2025-12-19T02:21:36.081+0000] {logging_mixin.py:190} INFO - [2025-12-19T02:21:36.081+0000] {dag.py:3239} INFO - Sync 1 DAGs
[2025-12-19T02:21:36.089+0000] {logging_mixin.py:190} INFO - [2025-12-19T02:21:36.089+0000] {dag.py:4180} INFO - Setting next_dagrun for transform_data to None, run_after=None
[2025-12-19T02:21:36.099+0000] {processor.py:208} INFO - Processing /opt/airflow/dags/transform_data.py took 0.051 seconds
[2025-12-19T02:22:06.241+0000] {processor.py:186} INFO - Started process (PID=184) to work on /opt/airflow/dags/transform_data.py
[2025-12-19T02:22:06.242+0000] {processor.py:914} INFO - Processing file /opt/airflow/dags/transform_data.py for tasks to queue
[2025-12-19T02:22:06.245+0000] {logging_mixin.py:190} INFO - [2025-12-19T02:22:06.244+0000] {dagbag.py:588} INFO - Filling up the DagBag from /opt/airflow/dags/transform_data.py
[2025-12-19T02:22:06.250+0000] {processor.py:925} INFO - DAG(s) 'transform_data' retrieved from /opt/airflow/dags/transform_data.py
[2025-12-19T02:22:06.269+0000] {logging_mixin.py:190} INFO - [2025-12-19T02:22:06.269+0000] {dag.py:3239} INFO - Sync 1 DAGs
[2025-12-19T02:22:06.277+0000] {logging_mixin.py:190} INFO - [2025-12-19T02:22:06.277+0000] {dag.py:4180} INFO - Setting next_dagrun for transform_data to None, run_after=None
[2025-12-19T02:22:06.289+0000] {processor.py:208} INFO - Processing /opt/airflow/dags/transform_data.py took 0.055 seconds
[2025-12-19T02:22:36.471+0000] {processor.py:186} INFO - Started process (PID=191) to work on /opt/airflow/dags/transform_data.py
[2025-12-19T02:22:36.472+0000] {processor.py:914} INFO - Processing file /opt/airflow/dags/transform_data.py for tasks to queue
[2025-12-19T02:22:36.473+0000] {logging_mixin.py:190} INFO - [2025-12-19T02:22:36.473+0000] {dagbag.py:588} INFO - Filling up the DagBag from /opt/airflow/dags/transform_data.py
[2025-12-19T02:22:36.478+0000] {processor.py:925} INFO - DAG(s) 'transform_data' retrieved from /opt/airflow/dags/transform_data.py
[2025-12-19T02:22:36.501+0000] {logging_mixin.py:190} INFO - [2025-12-19T02:22:36.501+0000] {dag.py:3239} INFO - Sync 1 DAGs
[2025-12-19T02:22:36.516+0000] {logging_mixin.py:190} INFO - [2025-12-19T02:22:36.516+0000] {dag.py:4180} INFO - Setting next_dagrun for transform_data to None, run_after=None
[2025-12-19T02:22:36.534+0000] {processor.py:208} INFO - Processing /opt/airflow/dags/transform_data.py took 0.068 seconds
[2025-12-19T02:23:06.699+0000] {processor.py:186} INFO - Started process (PID=198) to work on /opt/airflow/dags/transform_data.py
[2025-12-19T02:23:06.702+0000] {processor.py:914} INFO - Processing file /opt/airflow/dags/transform_data.py for tasks to queue
[2025-12-19T02:23:06.705+0000] {logging_mixin.py:190} INFO - [2025-12-19T02:23:06.704+0000] {dagbag.py:588} INFO - Filling up the DagBag from /opt/airflow/dags/transform_data.py
[2025-12-19T02:23:06.713+0000] {processor.py:925} INFO - DAG(s) 'transform_data' retrieved from /opt/airflow/dags/transform_data.py
[2025-12-19T02:23:06.733+0000] {logging_mixin.py:190} INFO - [2025-12-19T02:23:06.732+0000] {dag.py:3239} INFO - Sync 1 DAGs
[2025-12-19T02:23:06.742+0000] {logging_mixin.py:190} INFO - [2025-12-19T02:23:06.742+0000] {dag.py:4180} INFO - Setting next_dagrun for transform_data to None, run_after=None
[2025-12-19T02:23:06.753+0000] {processor.py:208} INFO - Processing /opt/airflow/dags/transform_data.py took 0.061 seconds
[2025-12-19T02:23:36.894+0000] {processor.py:186} INFO - Started process (PID=205) to work on /opt/airflow/dags/transform_data.py
[2025-12-19T02:23:36.896+0000] {processor.py:914} INFO - Processing file /opt/airflow/dags/transform_data.py for tasks to queue
[2025-12-19T02:23:36.897+0000] {logging_mixin.py:190} INFO - [2025-12-19T02:23:36.897+0000] {dagbag.py:588} INFO - Filling up the DagBag from /opt/airflow/dags/transform_data.py
[2025-12-19T02:23:36.901+0000] {processor.py:925} INFO - DAG(s) 'transform_data' retrieved from /opt/airflow/dags/transform_data.py
[2025-12-19T02:23:36.916+0000] {logging_mixin.py:190} INFO - [2025-12-19T02:23:36.916+0000] {dag.py:3239} INFO - Sync 1 DAGs
[2025-12-19T02:23:36.924+0000] {logging_mixin.py:190} INFO - [2025-12-19T02:23:36.924+0000] {dag.py:4180} INFO - Setting next_dagrun for transform_data to None, run_after=None
[2025-12-19T02:23:36.934+0000] {processor.py:208} INFO - Processing /opt/airflow/dags/transform_data.py took 0.046 seconds
[2025-12-19T02:24:07.065+0000] {processor.py:186} INFO - Started process (PID=212) to work on /opt/airflow/dags/transform_data.py
[2025-12-19T02:24:07.067+0000] {processor.py:914} INFO - Processing file /opt/airflow/dags/transform_data.py for tasks to queue
[2025-12-19T02:24:07.069+0000] {logging_mixin.py:190} INFO - [2025-12-19T02:24:07.068+0000] {dagbag.py:588} INFO - Filling up the DagBag from /opt/airflow/dags/transform_data.py
[2025-12-19T02:24:07.076+0000] {processor.py:925} INFO - DAG(s) 'transform_data' retrieved from /opt/airflow/dags/transform_data.py
[2025-12-19T02:24:07.110+0000] {logging_mixin.py:190} INFO - [2025-12-19T02:24:07.110+0000] {dag.py:3239} INFO - Sync 1 DAGs
[2025-12-19T02:24:07.119+0000] {logging_mixin.py:190} INFO - [2025-12-19T02:24:07.119+0000] {dag.py:4180} INFO - Setting next_dagrun for transform_data to None, run_after=None
[2025-12-19T02:24:07.130+0000] {processor.py:208} INFO - Processing /opt/airflow/dags/transform_data.py took 0.070 seconds
[2025-12-19T02:24:37.231+0000] {processor.py:186} INFO - Started process (PID=219) to work on /opt/airflow/dags/transform_data.py
[2025-12-19T02:24:37.232+0000] {processor.py:914} INFO - Processing file /opt/airflow/dags/transform_data.py for tasks to queue
[2025-12-19T02:24:37.233+0000] {logging_mixin.py:190} INFO - [2025-12-19T02:24:37.233+0000] {dagbag.py:588} INFO - Filling up the DagBag from /opt/airflow/dags/transform_data.py
[2025-12-19T02:24:37.237+0000] {processor.py:925} INFO - DAG(s) 'transform_data' retrieved from /opt/airflow/dags/transform_data.py
[2025-12-19T02:24:37.257+0000] {logging_mixin.py:190} INFO - [2025-12-19T02:24:37.257+0000] {dag.py:3239} INFO - Sync 1 DAGs
[2025-12-19T02:24:37.265+0000] {logging_mixin.py:190} INFO - [2025-12-19T02:24:37.265+0000] {dag.py:4180} INFO - Setting next_dagrun for transform_data to None, run_after=None
[2025-12-19T02:24:37.276+0000] {processor.py:208} INFO - Processing /opt/airflow/dags/transform_data.py took 0.049 seconds
[2025-12-19T02:25:07.447+0000] {processor.py:186} INFO - Started process (PID=226) to work on /opt/airflow/dags/transform_data.py
[2025-12-19T02:25:07.448+0000] {processor.py:914} INFO - Processing file /opt/airflow/dags/transform_data.py for tasks to queue
[2025-12-19T02:25:07.449+0000] {logging_mixin.py:190} INFO - [2025-12-19T02:25:07.449+0000] {dagbag.py:588} INFO - Filling up the DagBag from /opt/airflow/dags/transform_data.py
[2025-12-19T02:25:07.453+0000] {processor.py:925} INFO - DAG(s) 'transform_data' retrieved from /opt/airflow/dags/transform_data.py
[2025-12-19T02:25:07.473+0000] {logging_mixin.py:190} INFO - [2025-12-19T02:25:07.473+0000] {dag.py:3239} INFO - Sync 1 DAGs
[2025-12-19T02:25:07.481+0000] {logging_mixin.py:190} INFO - [2025-12-19T02:25:07.481+0000] {dag.py:4180} INFO - Setting next_dagrun for transform_data to None, run_after=None
[2025-12-19T02:25:07.491+0000] {processor.py:208} INFO - Processing /opt/airflow/dags/transform_data.py took 0.047 seconds
[2025-12-19T02:25:37.655+0000] {processor.py:186} INFO - Started process (PID=233) to work on /opt/airflow/dags/transform_data.py
[2025-12-19T02:25:37.658+0000] {processor.py:914} INFO - Processing file /opt/airflow/dags/transform_data.py for tasks to queue
[2025-12-19T02:25:37.660+0000] {logging_mixin.py:190} INFO - [2025-12-19T02:25:37.659+0000] {dagbag.py:588} INFO - Filling up the DagBag from /opt/airflow/dags/transform_data.py
[2025-12-19T02:25:37.665+0000] {processor.py:925} INFO - DAG(s) 'transform_data' retrieved from /opt/airflow/dags/transform_data.py
[2025-12-19T02:25:37.684+0000] {logging_mixin.py:190} INFO - [2025-12-19T02:25:37.684+0000] {dag.py:3239} INFO - Sync 1 DAGs
[2025-12-19T02:25:37.692+0000] {logging_mixin.py:190} INFO - [2025-12-19T02:25:37.692+0000] {dag.py:4180} INFO - Setting next_dagrun for transform_data to None, run_after=None
[2025-12-19T02:25:37.706+0000] {processor.py:208} INFO - Processing /opt/airflow/dags/transform_data.py took 0.058 seconds
[2025-12-19T02:26:07.850+0000] {processor.py:186} INFO - Started process (PID=240) to work on /opt/airflow/dags/transform_data.py
[2025-12-19T02:26:07.852+0000] {processor.py:914} INFO - Processing file /opt/airflow/dags/transform_data.py for tasks to queue
[2025-12-19T02:26:07.854+0000] {logging_mixin.py:190} INFO - [2025-12-19T02:26:07.854+0000] {dagbag.py:588} INFO - Filling up the DagBag from /opt/airflow/dags/transform_data.py
[2025-12-19T02:26:07.862+0000] {processor.py:925} INFO - DAG(s) 'transform_data' retrieved from /opt/airflow/dags/transform_data.py
[2025-12-19T02:26:07.881+0000] {logging_mixin.py:190} INFO - [2025-12-19T02:26:07.881+0000] {dag.py:3239} INFO - Sync 1 DAGs
[2025-12-19T02:26:07.890+0000] {logging_mixin.py:190} INFO - [2025-12-19T02:26:07.890+0000] {dag.py:4180} INFO - Setting next_dagrun for transform_data to None, run_after=None
[2025-12-19T02:26:07.899+0000] {processor.py:208} INFO - Processing /opt/airflow/dags/transform_data.py took 0.057 seconds
[2025-12-19T02:26:38.067+0000] {processor.py:186} INFO - Started process (PID=247) to work on /opt/airflow/dags/transform_data.py
[2025-12-19T02:26:38.069+0000] {processor.py:914} INFO - Processing file /opt/airflow/dags/transform_data.py for tasks to queue
[2025-12-19T02:26:38.072+0000] {logging_mixin.py:190} INFO - [2025-12-19T02:26:38.071+0000] {dagbag.py:588} INFO - Filling up the DagBag from /opt/airflow/dags/transform_data.py
[2025-12-19T02:26:38.080+0000] {processor.py:925} INFO - DAG(s) 'transform_data' retrieved from /opt/airflow/dags/transform_data.py
[2025-12-19T02:26:38.109+0000] {logging_mixin.py:190} INFO - [2025-12-19T02:26:38.109+0000] {dag.py:3239} INFO - Sync 1 DAGs
[2025-12-19T02:26:38.121+0000] {logging_mixin.py:190} INFO - [2025-12-19T02:26:38.121+0000] {dag.py:4180} INFO - Setting next_dagrun for transform_data to None, run_after=None
[2025-12-19T02:26:38.137+0000] {processor.py:208} INFO - Processing /opt/airflow/dags/transform_data.py took 0.078 seconds
[2025-12-19T02:27:08.260+0000] {processor.py:186} INFO - Started process (PID=254) to work on /opt/airflow/dags/transform_data.py
[2025-12-19T02:27:08.261+0000] {processor.py:914} INFO - Processing file /opt/airflow/dags/transform_data.py for tasks to queue
[2025-12-19T02:27:08.262+0000] {logging_mixin.py:190} INFO - [2025-12-19T02:27:08.261+0000] {dagbag.py:588} INFO - Filling up the DagBag from /opt/airflow/dags/transform_data.py
[2025-12-19T02:27:08.266+0000] {processor.py:925} INFO - DAG(s) 'transform_data' retrieved from /opt/airflow/dags/transform_data.py
[2025-12-19T02:27:08.288+0000] {logging_mixin.py:190} INFO - [2025-12-19T02:27:08.287+0000] {dag.py:3239} INFO - Sync 1 DAGs
[2025-12-19T02:27:08.296+0000] {logging_mixin.py:190} INFO - [2025-12-19T02:27:08.295+0000] {dag.py:4180} INFO - Setting next_dagrun for transform_data to None, run_after=None
[2025-12-19T02:27:08.308+0000] {processor.py:208} INFO - Processing /opt/airflow/dags/transform_data.py took 0.052 seconds
[2025-12-19T02:27:38.519+0000] {processor.py:186} INFO - Started process (PID=261) to work on /opt/airflow/dags/transform_data.py
[2025-12-19T02:27:38.521+0000] {processor.py:914} INFO - Processing file /opt/airflow/dags/transform_data.py for tasks to queue
[2025-12-19T02:27:38.523+0000] {logging_mixin.py:190} INFO - [2025-12-19T02:27:38.522+0000] {dagbag.py:588} INFO - Filling up the DagBag from /opt/airflow/dags/transform_data.py
[2025-12-19T02:27:38.527+0000] {processor.py:925} INFO - DAG(s) 'transform_data' retrieved from /opt/airflow/dags/transform_data.py
[2025-12-19T02:27:38.546+0000] {logging_mixin.py:190} INFO - [2025-12-19T02:27:38.545+0000] {dag.py:3239} INFO - Sync 1 DAGs
[2025-12-19T02:27:38.555+0000] {logging_mixin.py:190} INFO - [2025-12-19T02:27:38.555+0000] {dag.py:4180} INFO - Setting next_dagrun for transform_data to None, run_after=None
[2025-12-19T02:27:38.570+0000] {processor.py:208} INFO - Processing /opt/airflow/dags/transform_data.py took 0.054 seconds
[2025-12-19T02:28:08.709+0000] {processor.py:186} INFO - Started process (PID=268) to work on /opt/airflow/dags/transform_data.py
[2025-12-19T02:28:08.709+0000] {processor.py:914} INFO - Processing file /opt/airflow/dags/transform_data.py for tasks to queue
[2025-12-19T02:28:08.711+0000] {logging_mixin.py:190} INFO - [2025-12-19T02:28:08.711+0000] {dagbag.py:588} INFO - Filling up the DagBag from /opt/airflow/dags/transform_data.py
[2025-12-19T02:28:08.715+0000] {processor.py:925} INFO - DAG(s) 'transform_data' retrieved from /opt/airflow/dags/transform_data.py
[2025-12-19T02:28:08.735+0000] {logging_mixin.py:190} INFO - [2025-12-19T02:28:08.735+0000] {dag.py:3239} INFO - Sync 1 DAGs
[2025-12-19T02:28:08.743+0000] {logging_mixin.py:190} INFO - [2025-12-19T02:28:08.743+0000] {dag.py:4180} INFO - Setting next_dagrun for transform_data to None, run_after=None
[2025-12-19T02:28:08.757+0000] {processor.py:208} INFO - Processing /opt/airflow/dags/transform_data.py took 0.051 seconds
[2025-12-19T02:28:38.913+0000] {processor.py:186} INFO - Started process (PID=275) to work on /opt/airflow/dags/transform_data.py
[2025-12-19T02:28:38.915+0000] {processor.py:914} INFO - Processing file /opt/airflow/dags/transform_data.py for tasks to queue
[2025-12-19T02:28:38.918+0000] {logging_mixin.py:190} INFO - [2025-12-19T02:28:38.917+0000] {dagbag.py:588} INFO - Filling up the DagBag from /opt/airflow/dags/transform_data.py
[2025-12-19T02:28:38.927+0000] {processor.py:925} INFO - DAG(s) 'transform_data' retrieved from /opt/airflow/dags/transform_data.py
[2025-12-19T02:28:38.947+0000] {logging_mixin.py:190} INFO - [2025-12-19T02:28:38.947+0000] {dag.py:3239} INFO - Sync 1 DAGs
[2025-12-19T02:28:38.956+0000] {logging_mixin.py:190} INFO - [2025-12-19T02:28:38.956+0000] {dag.py:4180} INFO - Setting next_dagrun for transform_data to None, run_after=None
[2025-12-19T02:28:38.969+0000] {processor.py:208} INFO - Processing /opt/airflow/dags/transform_data.py took 0.063 seconds
[2025-12-19T02:29:09.119+0000] {processor.py:186} INFO - Started process (PID=282) to work on /opt/airflow/dags/transform_data.py
[2025-12-19T02:29:09.122+0000] {processor.py:914} INFO - Processing file /opt/airflow/dags/transform_data.py for tasks to queue
[2025-12-19T02:29:09.125+0000] {logging_mixin.py:190} INFO - [2025-12-19T02:29:09.124+0000] {dagbag.py:588} INFO - Filling up the DagBag from /opt/airflow/dags/transform_data.py
[2025-12-19T02:29:09.133+0000] {processor.py:925} INFO - DAG(s) 'transform_data' retrieved from /opt/airflow/dags/transform_data.py
[2025-12-19T02:29:09.154+0000] {logging_mixin.py:190} INFO - [2025-12-19T02:29:09.154+0000] {dag.py:3239} INFO - Sync 1 DAGs
[2025-12-19T02:29:09.163+0000] {logging_mixin.py:190} INFO - [2025-12-19T02:29:09.163+0000] {dag.py:4180} INFO - Setting next_dagrun for transform_data to None, run_after=None
[2025-12-19T02:29:09.173+0000] {processor.py:208} INFO - Processing /opt/airflow/dags/transform_data.py took 0.060 seconds
[2025-12-19T02:29:39.356+0000] {processor.py:186} INFO - Started process (PID=289) to work on /opt/airflow/dags/transform_data.py
[2025-12-19T02:29:39.359+0000] {processor.py:914} INFO - Processing file /opt/airflow/dags/transform_data.py for tasks to queue
[2025-12-19T02:29:39.362+0000] {logging_mixin.py:190} INFO - [2025-12-19T02:29:39.361+0000] {dagbag.py:588} INFO - Filling up the DagBag from /opt/airflow/dags/transform_data.py
[2025-12-19T02:29:39.367+0000] {processor.py:925} INFO - DAG(s) 'transform_data' retrieved from /opt/airflow/dags/transform_data.py
[2025-12-19T02:29:39.387+0000] {logging_mixin.py:190} INFO - [2025-12-19T02:29:39.386+0000] {dag.py:3239} INFO - Sync 1 DAGs
[2025-12-19T02:29:39.395+0000] {logging_mixin.py:190} INFO - [2025-12-19T02:29:39.394+0000] {dag.py:4180} INFO - Setting next_dagrun for transform_data to None, run_after=None
[2025-12-19T02:29:39.404+0000] {processor.py:208} INFO - Processing /opt/airflow/dags/transform_data.py took 0.062 seconds
[2025-12-19T02:30:09.554+0000] {processor.py:186} INFO - Started process (PID=296) to work on /opt/airflow/dags/transform_data.py
[2025-12-19T02:30:09.557+0000] {processor.py:914} INFO - Processing file /opt/airflow/dags/transform_data.py for tasks to queue
[2025-12-19T02:30:09.559+0000] {logging_mixin.py:190} INFO - [2025-12-19T02:30:09.559+0000] {dagbag.py:588} INFO - Filling up the DagBag from /opt/airflow/dags/transform_data.py
[2025-12-19T02:30:09.567+0000] {processor.py:925} INFO - DAG(s) 'transform_data' retrieved from /opt/airflow/dags/transform_data.py
[2025-12-19T02:30:09.599+0000] {logging_mixin.py:190} INFO - [2025-12-19T02:30:09.599+0000] {dag.py:3239} INFO - Sync 1 DAGs
[2025-12-19T02:30:09.613+0000] {logging_mixin.py:190} INFO - [2025-12-19T02:30:09.613+0000] {dag.py:4180} INFO - Setting next_dagrun for transform_data to None, run_after=None
[2025-12-19T02:30:09.625+0000] {processor.py:208} INFO - Processing /opt/airflow/dags/transform_data.py took 0.082 seconds
[2025-12-19T02:30:39.744+0000] {processor.py:186} INFO - Started process (PID=303) to work on /opt/airflow/dags/transform_data.py
[2025-12-19T02:30:39.746+0000] {processor.py:914} INFO - Processing file /opt/airflow/dags/transform_data.py for tasks to queue
[2025-12-19T02:30:39.748+0000] {logging_mixin.py:190} INFO - [2025-12-19T02:30:39.748+0000] {dagbag.py:588} INFO - Filling up the DagBag from /opt/airflow/dags/transform_data.py
[2025-12-19T02:30:39.756+0000] {processor.py:925} INFO - DAG(s) 'transform_data' retrieved from /opt/airflow/dags/transform_data.py
[2025-12-19T02:30:39.791+0000] {logging_mixin.py:190} INFO - [2025-12-19T02:30:39.791+0000] {dag.py:3239} INFO - Sync 1 DAGs
[2025-12-19T02:30:39.800+0000] {logging_mixin.py:190} INFO - [2025-12-19T02:30:39.800+0000] {dag.py:4180} INFO - Setting next_dagrun for transform_data to None, run_after=None
[2025-12-19T02:30:39.810+0000] {processor.py:208} INFO - Processing /opt/airflow/dags/transform_data.py took 0.075 seconds
[2025-12-19T02:31:10.007+0000] {processor.py:186} INFO - Started process (PID=310) to work on /opt/airflow/dags/transform_data.py
[2025-12-19T02:31:10.008+0000] {processor.py:914} INFO - Processing file /opt/airflow/dags/transform_data.py for tasks to queue
[2025-12-19T02:31:10.011+0000] {logging_mixin.py:190} INFO - [2025-12-19T02:31:10.010+0000] {dagbag.py:588} INFO - Filling up the DagBag from /opt/airflow/dags/transform_data.py
[2025-12-19T02:31:10.015+0000] {processor.py:925} INFO - DAG(s) 'transform_data' retrieved from /opt/airflow/dags/transform_data.py
[2025-12-19T02:31:10.034+0000] {logging_mixin.py:190} INFO - [2025-12-19T02:31:10.034+0000] {dag.py:3239} INFO - Sync 1 DAGs
[2025-12-19T02:31:10.043+0000] {logging_mixin.py:190} INFO - [2025-12-19T02:31:10.043+0000] {dag.py:4180} INFO - Setting next_dagrun for transform_data to None, run_after=None
[2025-12-19T02:31:10.052+0000] {processor.py:208} INFO - Processing /opt/airflow/dags/transform_data.py took 0.057 seconds
[2025-12-19T02:31:40.201+0000] {processor.py:186} INFO - Started process (PID=317) to work on /opt/airflow/dags/transform_data.py
[2025-12-19T02:31:40.202+0000] {processor.py:914} INFO - Processing file /opt/airflow/dags/transform_data.py for tasks to queue
[2025-12-19T02:31:40.205+0000] {logging_mixin.py:190} INFO - [2025-12-19T02:31:40.205+0000] {dagbag.py:588} INFO - Filling up the DagBag from /opt/airflow/dags/transform_data.py
[2025-12-19T02:31:40.211+0000] {processor.py:925} INFO - DAG(s) 'transform_data' retrieved from /opt/airflow/dags/transform_data.py
[2025-12-19T02:31:40.248+0000] {logging_mixin.py:190} INFO - [2025-12-19T02:31:40.248+0000] {dag.py:3239} INFO - Sync 1 DAGs
[2025-12-19T02:31:40.263+0000] {logging_mixin.py:190} INFO - [2025-12-19T02:31:40.262+0000] {dag.py:4180} INFO - Setting next_dagrun for transform_data to None, run_after=None
[2025-12-19T02:31:40.282+0000] {processor.py:208} INFO - Processing /opt/airflow/dags/transform_data.py took 0.088 seconds
[2025-12-19T02:32:10.461+0000] {processor.py:186} INFO - Started process (PID=324) to work on /opt/airflow/dags/transform_data.py
[2025-12-19T02:32:10.464+0000] {processor.py:914} INFO - Processing file /opt/airflow/dags/transform_data.py for tasks to queue
[2025-12-19T02:32:10.470+0000] {logging_mixin.py:190} INFO - [2025-12-19T02:32:10.469+0000] {dagbag.py:588} INFO - Filling up the DagBag from /opt/airflow/dags/transform_data.py
[2025-12-19T02:32:10.486+0000] {processor.py:925} INFO - DAG(s) 'transform_data' retrieved from /opt/airflow/dags/transform_data.py
[2025-12-19T02:32:10.533+0000] {logging_mixin.py:190} INFO - [2025-12-19T02:32:10.532+0000] {dag.py:3239} INFO - Sync 1 DAGs
[2025-12-19T02:32:10.544+0000] {logging_mixin.py:190} INFO - [2025-12-19T02:32:10.544+0000] {dag.py:4180} INFO - Setting next_dagrun for transform_data to None, run_after=None
[2025-12-19T02:32:10.559+0000] {processor.py:208} INFO - Processing /opt/airflow/dags/transform_data.py took 0.114 seconds
[2025-12-19T02:32:40.638+0000] {processor.py:186} INFO - Started process (PID=331) to work on /opt/airflow/dags/transform_data.py
[2025-12-19T02:32:40.639+0000] {processor.py:914} INFO - Processing file /opt/airflow/dags/transform_data.py for tasks to queue
[2025-12-19T02:32:40.640+0000] {logging_mixin.py:190} INFO - [2025-12-19T02:32:40.640+0000] {dagbag.py:588} INFO - Filling up the DagBag from /opt/airflow/dags/transform_data.py
[2025-12-19T02:32:40.651+0000] {processor.py:925} INFO - DAG(s) 'transform_data' retrieved from /opt/airflow/dags/transform_data.py
[2025-12-19T02:32:40.680+0000] {logging_mixin.py:190} INFO - [2025-12-19T02:32:40.679+0000] {dag.py:3239} INFO - Sync 1 DAGs
[2025-12-19T02:32:40.693+0000] {logging_mixin.py:190} INFO - [2025-12-19T02:32:40.693+0000] {dag.py:4180} INFO - Setting next_dagrun for transform_data to None, run_after=None
[2025-12-19T02:32:40.707+0000] {processor.py:208} INFO - Processing /opt/airflow/dags/transform_data.py took 0.074 seconds
[2025-12-19T02:33:10.917+0000] {processor.py:186} INFO - Started process (PID=338) to work on /opt/airflow/dags/transform_data.py
[2025-12-19T02:33:10.920+0000] {processor.py:914} INFO - Processing file /opt/airflow/dags/transform_data.py for tasks to queue
[2025-12-19T02:33:10.922+0000] {logging_mixin.py:190} INFO - [2025-12-19T02:33:10.922+0000] {dagbag.py:588} INFO - Filling up the DagBag from /opt/airflow/dags/transform_data.py
[2025-12-19T02:33:10.940+0000] {processor.py:925} INFO - DAG(s) 'transform_data' retrieved from /opt/airflow/dags/transform_data.py
[2025-12-19T02:33:10.955+0000] {logging_mixin.py:190} INFO - [2025-12-19T02:33:10.954+0000] {dag.py:3239} INFO - Sync 1 DAGs
[2025-12-19T02:33:10.963+0000] {logging_mixin.py:190} INFO - [2025-12-19T02:33:10.963+0000] {dag.py:4180} INFO - Setting next_dagrun for transform_data to None, run_after=None
[2025-12-19T02:33:10.972+0000] {processor.py:208} INFO - Processing /opt/airflow/dags/transform_data.py took 0.062 seconds
[2025-12-19T02:33:41.142+0000] {processor.py:186} INFO - Started process (PID=345) to work on /opt/airflow/dags/transform_data.py
[2025-12-19T02:33:41.144+0000] {processor.py:914} INFO - Processing file /opt/airflow/dags/transform_data.py for tasks to queue
[2025-12-19T02:33:41.147+0000] {logging_mixin.py:190} INFO - [2025-12-19T02:33:41.146+0000] {dagbag.py:588} INFO - Filling up the DagBag from /opt/airflow/dags/transform_data.py
[2025-12-19T02:33:41.159+0000] {processor.py:925} INFO - DAG(s) 'transform_data' retrieved from /opt/airflow/dags/transform_data.py
[2025-12-19T02:33:41.174+0000] {logging_mixin.py:190} INFO - [2025-12-19T02:33:41.174+0000] {dag.py:3239} INFO - Sync 1 DAGs
[2025-12-19T02:33:41.182+0000] {logging_mixin.py:190} INFO - [2025-12-19T02:33:41.182+0000] {dag.py:4180} INFO - Setting next_dagrun for transform_data to None, run_after=None
[2025-12-19T02:33:41.193+0000] {processor.py:208} INFO - Processing /opt/airflow/dags/transform_data.py took 0.058 seconds
[2025-12-19T02:33:47.238+0000] {processor.py:186} INFO - Started process (PID=346) to work on /opt/airflow/dags/transform_data.py
[2025-12-19T02:33:47.240+0000] {processor.py:914} INFO - Processing file /opt/airflow/dags/transform_data.py for tasks to queue
[2025-12-19T02:33:47.243+0000] {logging_mixin.py:190} INFO - [2025-12-19T02:33:47.242+0000] {dagbag.py:588} INFO - Filling up the DagBag from /opt/airflow/dags/transform_data.py
[2025-12-19T02:33:47.255+0000] {processor.py:925} INFO - DAG(s) 'transform_data' retrieved from /opt/airflow/dags/transform_data.py
[2025-12-19T02:33:47.275+0000] {logging_mixin.py:190} INFO - [2025-12-19T02:33:47.275+0000] {dag.py:3239} INFO - Sync 1 DAGs
[2025-12-19T02:33:47.285+0000] {logging_mixin.py:190} INFO - [2025-12-19T02:33:47.285+0000] {dag.py:4180} INFO - Setting next_dagrun for transform_data to None, run_after=None
[2025-12-19T02:33:47.303+0000] {processor.py:208} INFO - Processing /opt/airflow/dags/transform_data.py took 0.070 seconds
[2025-12-19T02:34:01.312+0000] {processor.py:186} INFO - Started process (PID=347) to work on /opt/airflow/dags/transform_data.py
[2025-12-19T02:34:01.312+0000] {processor.py:914} INFO - Processing file /opt/airflow/dags/transform_data.py for tasks to queue
[2025-12-19T02:34:01.314+0000] {logging_mixin.py:190} INFO - [2025-12-19T02:34:01.313+0000] {dagbag.py:588} INFO - Filling up the DagBag from /opt/airflow/dags/transform_data.py
[2025-12-19T02:34:01.319+0000] {processor.py:925} INFO - DAG(s) 'transform_data' retrieved from /opt/airflow/dags/transform_data.py
[2025-12-19T02:34:01.336+0000] {logging_mixin.py:190} INFO - [2025-12-19T02:34:01.336+0000] {dag.py:3239} INFO - Sync 1 DAGs
[2025-12-19T02:34:01.344+0000] {logging_mixin.py:190} INFO - [2025-12-19T02:34:01.344+0000] {dag.py:4180} INFO - Setting next_dagrun for transform_data to None, run_after=None
[2025-12-19T02:34:01.355+0000] {processor.py:208} INFO - Processing /opt/airflow/dags/transform_data.py took 0.047 seconds
[2025-12-19T02:34:17.417+0000] {processor.py:186} INFO - Started process (PID=354) to work on /opt/airflow/dags/transform_data.py
[2025-12-19T02:34:17.419+0000] {processor.py:914} INFO - Processing file /opt/airflow/dags/transform_data.py for tasks to queue
[2025-12-19T02:34:17.420+0000] {logging_mixin.py:190} INFO - [2025-12-19T02:34:17.420+0000] {dagbag.py:588} INFO - Filling up the DagBag from /opt/airflow/dags/transform_data.py
[2025-12-19T02:34:17.423+0000] {logging_mixin.py:190} INFO - [2025-12-19T02:34:17.422+0000] {dagbag.py:387} ERROR - Failed to import: /opt/airflow/dags/transform_data.py
Traceback (most recent call last):
  File "/home/airflow/.local/lib/python3.12/site-packages/airflow/models/dagbag.py", line 383, in parse
    loader.exec_module(new_module)
  File "<frozen importlib._bootstrap_external>", line 995, in exec_module
  File "<frozen importlib._bootstrap_external>", line 1133, in get_code
  File "<frozen importlib._bootstrap_external>", line 1063, in source_to_code
  File "<frozen importlib._bootstrap>", line 488, in _call_with_frames_removed
  File "/opt/airflow/dags/transform_data.py", line 48
    create_table_query = """
IndentationError: unexpected indent
[2025-12-19T02:34:17.424+0000] {processor.py:927} WARNING - No viable dags retrieved from /opt/airflow/dags/transform_data.py
[2025-12-19T02:34:17.440+0000] {processor.py:208} INFO - Processing /opt/airflow/dags/transform_data.py took 0.028 seconds
[2025-12-19T02:34:20.433+0000] {processor.py:186} INFO - Started process (PID=355) to work on /opt/airflow/dags/transform_data.py
[2025-12-19T02:34:20.433+0000] {processor.py:914} INFO - Processing file /opt/airflow/dags/transform_data.py for tasks to queue
[2025-12-19T02:34:20.435+0000] {logging_mixin.py:190} INFO - [2025-12-19T02:34:20.435+0000] {dagbag.py:588} INFO - Filling up the DagBag from /opt/airflow/dags/transform_data.py
[2025-12-19T02:34:20.442+0000] {processor.py:925} INFO - DAG(s) 'transform_data' retrieved from /opt/airflow/dags/transform_data.py
[2025-12-19T02:34:20.462+0000] {logging_mixin.py:190} INFO - [2025-12-19T02:34:20.462+0000] {dag.py:3239} INFO - Sync 1 DAGs
[2025-12-19T02:34:20.472+0000] {logging_mixin.py:190} INFO - [2025-12-19T02:34:20.472+0000] {dag.py:4180} INFO - Setting next_dagrun for transform_data to None, run_after=None
[2025-12-19T02:34:20.487+0000] {processor.py:208} INFO - Processing /opt/airflow/dags/transform_data.py took 0.058 seconds
[2025-12-19T02:34:28.522+0000] {processor.py:186} INFO - Started process (PID=356) to work on /opt/airflow/dags/transform_data.py
[2025-12-19T02:34:28.525+0000] {processor.py:914} INFO - Processing file /opt/airflow/dags/transform_data.py for tasks to queue
[2025-12-19T02:34:28.528+0000] {logging_mixin.py:190} INFO - [2025-12-19T02:34:28.527+0000] {dagbag.py:588} INFO - Filling up the DagBag from /opt/airflow/dags/transform_data.py
[2025-12-19T02:34:28.537+0000] {processor.py:925} INFO - DAG(s) 'transform_data' retrieved from /opt/airflow/dags/transform_data.py
[2025-12-19T02:34:28.556+0000] {logging_mixin.py:190} INFO - [2025-12-19T02:34:28.556+0000] {dag.py:3239} INFO - Sync 1 DAGs
[2025-12-19T02:34:28.565+0000] {logging_mixin.py:190} INFO - [2025-12-19T02:34:28.565+0000] {dag.py:4180} INFO - Setting next_dagrun for transform_data to None, run_after=None
[2025-12-19T02:34:28.576+0000] {processor.py:208} INFO - Processing /opt/airflow/dags/transform_data.py took 0.060 seconds
[2025-12-19T02:34:34.593+0000] {processor.py:186} INFO - Started process (PID=357) to work on /opt/airflow/dags/transform_data.py
[2025-12-19T02:34:34.596+0000] {processor.py:914} INFO - Processing file /opt/airflow/dags/transform_data.py for tasks to queue
[2025-12-19T02:34:34.600+0000] {logging_mixin.py:190} INFO - [2025-12-19T02:34:34.599+0000] {dagbag.py:588} INFO - Filling up the DagBag from /opt/airflow/dags/transform_data.py
[2025-12-19T02:34:34.614+0000] {processor.py:925} INFO - DAG(s) 'transform_data' retrieved from /opt/airflow/dags/transform_data.py
[2025-12-19T02:34:34.643+0000] {logging_mixin.py:190} INFO - [2025-12-19T02:34:34.643+0000] {dag.py:3239} INFO - Sync 1 DAGs
[2025-12-19T02:34:34.654+0000] {logging_mixin.py:190} INFO - [2025-12-19T02:34:34.653+0000] {dag.py:4180} INFO - Setting next_dagrun for transform_data to None, run_after=None
[2025-12-19T02:34:34.667+0000] {processor.py:208} INFO - Processing /opt/airflow/dags/transform_data.py took 0.088 seconds
[2025-12-19T02:34:38.661+0000] {processor.py:186} INFO - Started process (PID=364) to work on /opt/airflow/dags/transform_data.py
[2025-12-19T02:34:38.662+0000] {processor.py:914} INFO - Processing file /opt/airflow/dags/transform_data.py for tasks to queue
[2025-12-19T02:34:38.665+0000] {logging_mixin.py:190} INFO - [2025-12-19T02:34:38.665+0000] {dagbag.py:588} INFO - Filling up the DagBag from /opt/airflow/dags/transform_data.py
[2025-12-19T02:34:38.669+0000] {logging_mixin.py:190} INFO - [2025-12-19T02:34:38.668+0000] {dagbag.py:387} ERROR - Failed to import: /opt/airflow/dags/transform_data.py
Traceback (most recent call last):
  File "/home/airflow/.local/lib/python3.12/site-packages/airflow/models/dagbag.py", line 383, in parse
    loader.exec_module(new_module)
  File "<frozen importlib._bootstrap_external>", line 995, in exec_module
  File "<frozen importlib._bootstrap_external>", line 1133, in get_code
  File "<frozen importlib._bootstrap_external>", line 1063, in source_to_code
  File "<frozen importlib._bootstrap>", line 488, in _call_with_frames_removed
  File "/opt/airflow/dags/transform_data.py", line 48
    cur.execute("""
               ^
SyntaxError: '(' was never closed
[2025-12-19T02:34:38.669+0000] {processor.py:927} WARNING - No viable dags retrieved from /opt/airflow/dags/transform_data.py
[2025-12-19T02:34:38.691+0000] {processor.py:208} INFO - Processing /opt/airflow/dags/transform_data.py took 0.038 seconds
[2025-12-19T02:34:46.714+0000] {processor.py:186} INFO - Started process (PID=365) to work on /opt/airflow/dags/transform_data.py
[2025-12-19T02:34:46.715+0000] {processor.py:914} INFO - Processing file /opt/airflow/dags/transform_data.py for tasks to queue
[2025-12-19T02:34:46.717+0000] {logging_mixin.py:190} INFO - [2025-12-19T02:34:46.717+0000] {dagbag.py:588} INFO - Filling up the DagBag from /opt/airflow/dags/transform_data.py
[2025-12-19T02:34:46.723+0000] {processor.py:925} INFO - DAG(s) 'transform_data' retrieved from /opt/airflow/dags/transform_data.py
[2025-12-19T02:34:46.741+0000] {logging_mixin.py:190} INFO - [2025-12-19T02:34:46.741+0000] {dag.py:3239} INFO - Sync 1 DAGs
[2025-12-19T02:34:46.751+0000] {logging_mixin.py:190} INFO - [2025-12-19T02:34:46.751+0000] {dag.py:4180} INFO - Setting next_dagrun for transform_data to None, run_after=None
[2025-12-19T02:34:46.767+0000] {processor.py:208} INFO - Processing /opt/airflow/dags/transform_data.py took 0.061 seconds
[2025-12-19T02:35:41.598+0000] {processor.py:186} INFO - Started process (PID=58) to work on /opt/airflow/dags/transform_data.py
[2025-12-19T02:35:41.599+0000] {processor.py:914} INFO - Processing file /opt/airflow/dags/transform_data.py for tasks to queue
[2025-12-19T02:35:41.600+0000] {logging_mixin.py:190} INFO - [2025-12-19T02:35:41.600+0000] {dagbag.py:588} INFO - Filling up the DagBag from /opt/airflow/dags/transform_data.py
[2025-12-19T02:35:41.611+0000] {processor.py:925} INFO - DAG(s) 'transform_data' retrieved from /opt/airflow/dags/transform_data.py
[2025-12-19T02:35:41.638+0000] {logging_mixin.py:190} INFO - [2025-12-19T02:35:41.638+0000] {dag.py:3239} INFO - Sync 1 DAGs
[2025-12-19T02:35:41.646+0000] {logging_mixin.py:190} INFO - [2025-12-19T02:35:41.646+0000] {dag.py:4180} INFO - Setting next_dagrun for transform_data to None, run_after=None
[2025-12-19T02:35:41.657+0000] {processor.py:208} INFO - Processing /opt/airflow/dags/transform_data.py took 0.064 seconds
[2025-12-19T02:36:11.751+0000] {processor.py:186} INFO - Started process (PID=65) to work on /opt/airflow/dags/transform_data.py
[2025-12-19T02:36:11.752+0000] {processor.py:914} INFO - Processing file /opt/airflow/dags/transform_data.py for tasks to queue
[2025-12-19T02:36:11.754+0000] {logging_mixin.py:190} INFO - [2025-12-19T02:36:11.753+0000] {dagbag.py:588} INFO - Filling up the DagBag from /opt/airflow/dags/transform_data.py
[2025-12-19T02:36:11.759+0000] {processor.py:925} INFO - DAG(s) 'transform_data' retrieved from /opt/airflow/dags/transform_data.py
[2025-12-19T02:36:11.777+0000] {logging_mixin.py:190} INFO - [2025-12-19T02:36:11.777+0000] {dag.py:3239} INFO - Sync 1 DAGs
[2025-12-19T02:36:11.786+0000] {logging_mixin.py:190} INFO - [2025-12-19T02:36:11.786+0000] {dag.py:4180} INFO - Setting next_dagrun for transform_data to None, run_after=None
[2025-12-19T02:36:11.800+0000] {processor.py:208} INFO - Processing /opt/airflow/dags/transform_data.py took 0.053 seconds
[2025-12-19T02:36:41.958+0000] {processor.py:186} INFO - Started process (PID=72) to work on /opt/airflow/dags/transform_data.py
[2025-12-19T02:36:41.960+0000] {processor.py:914} INFO - Processing file /opt/airflow/dags/transform_data.py for tasks to queue
[2025-12-19T02:36:41.962+0000] {logging_mixin.py:190} INFO - [2025-12-19T02:36:41.961+0000] {dagbag.py:588} INFO - Filling up the DagBag from /opt/airflow/dags/transform_data.py
[2025-12-19T02:36:41.970+0000] {processor.py:925} INFO - DAG(s) 'transform_data' retrieved from /opt/airflow/dags/transform_data.py
[2025-12-19T02:36:41.991+0000] {logging_mixin.py:190} INFO - [2025-12-19T02:36:41.991+0000] {dag.py:3239} INFO - Sync 1 DAGs
[2025-12-19T02:36:42.003+0000] {logging_mixin.py:190} INFO - [2025-12-19T02:36:42.003+0000] {dag.py:4180} INFO - Setting next_dagrun for transform_data to None, run_after=None
[2025-12-19T02:36:42.019+0000] {processor.py:208} INFO - Processing /opt/airflow/dags/transform_data.py took 0.069 seconds
[2025-12-19T02:37:12.131+0000] {processor.py:186} INFO - Started process (PID=79) to work on /opt/airflow/dags/transform_data.py
[2025-12-19T02:37:12.134+0000] {processor.py:914} INFO - Processing file /opt/airflow/dags/transform_data.py for tasks to queue
[2025-12-19T02:37:12.136+0000] {logging_mixin.py:190} INFO - [2025-12-19T02:37:12.136+0000] {dagbag.py:588} INFO - Filling up the DagBag from /opt/airflow/dags/transform_data.py
[2025-12-19T02:37:12.146+0000] {processor.py:925} INFO - DAG(s) 'transform_data' retrieved from /opt/airflow/dags/transform_data.py
[2025-12-19T02:37:12.178+0000] {logging_mixin.py:190} INFO - [2025-12-19T02:37:12.178+0000] {dag.py:3239} INFO - Sync 1 DAGs
[2025-12-19T02:37:12.187+0000] {logging_mixin.py:190} INFO - [2025-12-19T02:37:12.186+0000] {dag.py:4180} INFO - Setting next_dagrun for transform_data to None, run_after=None
[2025-12-19T02:37:12.197+0000] {processor.py:208} INFO - Processing /opt/airflow/dags/transform_data.py took 0.071 seconds
[2025-12-19T02:37:42.341+0000] {processor.py:186} INFO - Started process (PID=86) to work on /opt/airflow/dags/transform_data.py
[2025-12-19T02:37:42.342+0000] {processor.py:914} INFO - Processing file /opt/airflow/dags/transform_data.py for tasks to queue
[2025-12-19T02:37:42.343+0000] {logging_mixin.py:190} INFO - [2025-12-19T02:37:42.343+0000] {dagbag.py:588} INFO - Filling up the DagBag from /opt/airflow/dags/transform_data.py
[2025-12-19T02:37:42.349+0000] {processor.py:925} INFO - DAG(s) 'transform_data' retrieved from /opt/airflow/dags/transform_data.py
[2025-12-19T02:37:42.381+0000] {logging_mixin.py:190} INFO - [2025-12-19T02:37:42.381+0000] {dag.py:3239} INFO - Sync 1 DAGs
[2025-12-19T02:37:42.393+0000] {logging_mixin.py:190} INFO - [2025-12-19T02:37:42.392+0000] {dag.py:4180} INFO - Setting next_dagrun for transform_data to None, run_after=None
[2025-12-19T02:37:42.409+0000] {processor.py:208} INFO - Processing /opt/airflow/dags/transform_data.py took 0.074 seconds
[2025-12-19T02:38:12.525+0000] {processor.py:186} INFO - Started process (PID=93) to work on /opt/airflow/dags/transform_data.py
[2025-12-19T02:38:12.528+0000] {processor.py:914} INFO - Processing file /opt/airflow/dags/transform_data.py for tasks to queue
[2025-12-19T02:38:12.531+0000] {logging_mixin.py:190} INFO - [2025-12-19T02:38:12.530+0000] {dagbag.py:588} INFO - Filling up the DagBag from /opt/airflow/dags/transform_data.py
[2025-12-19T02:38:12.539+0000] {processor.py:925} INFO - DAG(s) 'transform_data' retrieved from /opt/airflow/dags/transform_data.py
[2025-12-19T02:38:12.564+0000] {logging_mixin.py:190} INFO - [2025-12-19T02:38:12.564+0000] {dag.py:3239} INFO - Sync 1 DAGs
[2025-12-19T02:38:12.575+0000] {logging_mixin.py:190} INFO - [2025-12-19T02:38:12.575+0000] {dag.py:4180} INFO - Setting next_dagrun for transform_data to None, run_after=None
[2025-12-19T02:38:12.597+0000] {processor.py:208} INFO - Processing /opt/airflow/dags/transform_data.py took 0.079 seconds
[2025-12-19T02:38:42.752+0000] {processor.py:186} INFO - Started process (PID=100) to work on /opt/airflow/dags/transform_data.py
[2025-12-19T02:38:42.755+0000] {processor.py:914} INFO - Processing file /opt/airflow/dags/transform_data.py for tasks to queue
[2025-12-19T02:38:42.758+0000] {logging_mixin.py:190} INFO - [2025-12-19T02:38:42.758+0000] {dagbag.py:588} INFO - Filling up the DagBag from /opt/airflow/dags/transform_data.py
[2025-12-19T02:38:42.765+0000] {processor.py:925} INFO - DAG(s) 'transform_data' retrieved from /opt/airflow/dags/transform_data.py
[2025-12-19T02:38:42.781+0000] {logging_mixin.py:190} INFO - [2025-12-19T02:38:42.781+0000] {dag.py:3239} INFO - Sync 1 DAGs
[2025-12-19T02:38:42.789+0000] {logging_mixin.py:190} INFO - [2025-12-19T02:38:42.789+0000] {dag.py:4180} INFO - Setting next_dagrun for transform_data to None, run_after=None
[2025-12-19T02:38:42.798+0000] {processor.py:208} INFO - Processing /opt/airflow/dags/transform_data.py took 0.054 seconds
[2025-12-19T02:39:12.962+0000] {processor.py:186} INFO - Started process (PID=107) to work on /opt/airflow/dags/transform_data.py
[2025-12-19T02:39:12.965+0000] {processor.py:914} INFO - Processing file /opt/airflow/dags/transform_data.py for tasks to queue
[2025-12-19T02:39:12.968+0000] {logging_mixin.py:190} INFO - [2025-12-19T02:39:12.967+0000] {dagbag.py:588} INFO - Filling up the DagBag from /opt/airflow/dags/transform_data.py
[2025-12-19T02:39:12.975+0000] {processor.py:925} INFO - DAG(s) 'transform_data' retrieved from /opt/airflow/dags/transform_data.py
[2025-12-19T02:39:13.001+0000] {logging_mixin.py:190} INFO - [2025-12-19T02:39:13.001+0000] {dag.py:3239} INFO - Sync 1 DAGs
[2025-12-19T02:39:13.013+0000] {logging_mixin.py:190} INFO - [2025-12-19T02:39:13.013+0000] {dag.py:4180} INFO - Setting next_dagrun for transform_data to None, run_after=None
[2025-12-19T02:39:13.033+0000] {processor.py:208} INFO - Processing /opt/airflow/dags/transform_data.py took 0.076 seconds
[2025-12-19T02:39:43.148+0000] {processor.py:186} INFO - Started process (PID=114) to work on /opt/airflow/dags/transform_data.py
[2025-12-19T02:39:43.148+0000] {processor.py:914} INFO - Processing file /opt/airflow/dags/transform_data.py for tasks to queue
[2025-12-19T02:39:43.150+0000] {logging_mixin.py:190} INFO - [2025-12-19T02:39:43.150+0000] {dagbag.py:588} INFO - Filling up the DagBag from /opt/airflow/dags/transform_data.py
[2025-12-19T02:39:43.154+0000] {processor.py:925} INFO - DAG(s) 'transform_data' retrieved from /opt/airflow/dags/transform_data.py
[2025-12-19T02:39:43.173+0000] {logging_mixin.py:190} INFO - [2025-12-19T02:39:43.173+0000] {dag.py:3239} INFO - Sync 1 DAGs
[2025-12-19T02:39:43.181+0000] {logging_mixin.py:190} INFO - [2025-12-19T02:39:43.180+0000] {dag.py:4180} INFO - Setting next_dagrun for transform_data to None, run_after=None
[2025-12-19T02:39:43.191+0000] {processor.py:208} INFO - Processing /opt/airflow/dags/transform_data.py took 0.046 seconds
[2025-12-19T02:40:13.388+0000] {processor.py:186} INFO - Started process (PID=121) to work on /opt/airflow/dags/transform_data.py
[2025-12-19T02:40:13.389+0000] {processor.py:914} INFO - Processing file /opt/airflow/dags/transform_data.py for tasks to queue
[2025-12-19T02:40:13.391+0000] {logging_mixin.py:190} INFO - [2025-12-19T02:40:13.390+0000] {dagbag.py:588} INFO - Filling up the DagBag from /opt/airflow/dags/transform_data.py
[2025-12-19T02:40:13.396+0000] {processor.py:925} INFO - DAG(s) 'transform_data' retrieved from /opt/airflow/dags/transform_data.py
[2025-12-19T02:40:13.423+0000] {logging_mixin.py:190} INFO - [2025-12-19T02:40:13.422+0000] {dag.py:3239} INFO - Sync 1 DAGs
[2025-12-19T02:40:13.440+0000] {logging_mixin.py:190} INFO - [2025-12-19T02:40:13.440+0000] {dag.py:4180} INFO - Setting next_dagrun for transform_data to None, run_after=None
[2025-12-19T02:40:13.454+0000] {processor.py:208} INFO - Processing /opt/airflow/dags/transform_data.py took 0.070 seconds
[2025-12-19T02:40:43.575+0000] {processor.py:186} INFO - Started process (PID=128) to work on /opt/airflow/dags/transform_data.py
[2025-12-19T02:40:43.578+0000] {processor.py:914} INFO - Processing file /opt/airflow/dags/transform_data.py for tasks to queue
[2025-12-19T02:40:43.580+0000] {logging_mixin.py:190} INFO - [2025-12-19T02:40:43.579+0000] {dagbag.py:588} INFO - Filling up the DagBag from /opt/airflow/dags/transform_data.py
[2025-12-19T02:40:43.587+0000] {processor.py:925} INFO - DAG(s) 'transform_data' retrieved from /opt/airflow/dags/transform_data.py
[2025-12-19T02:40:43.611+0000] {logging_mixin.py:190} INFO - [2025-12-19T02:40:43.610+0000] {dag.py:3239} INFO - Sync 1 DAGs
[2025-12-19T02:40:43.620+0000] {logging_mixin.py:190} INFO - [2025-12-19T02:40:43.619+0000] {dag.py:4180} INFO - Setting next_dagrun for transform_data to None, run_after=None
[2025-12-19T02:40:43.630+0000] {processor.py:208} INFO - Processing /opt/airflow/dags/transform_data.py took 0.061 seconds
[2025-12-19T02:41:13.790+0000] {processor.py:186} INFO - Started process (PID=135) to work on /opt/airflow/dags/transform_data.py
[2025-12-19T02:41:13.791+0000] {processor.py:914} INFO - Processing file /opt/airflow/dags/transform_data.py for tasks to queue
[2025-12-19T02:41:13.793+0000] {logging_mixin.py:190} INFO - [2025-12-19T02:41:13.793+0000] {dagbag.py:588} INFO - Filling up the DagBag from /opt/airflow/dags/transform_data.py
[2025-12-19T02:41:13.803+0000] {processor.py:925} INFO - DAG(s) 'transform_data' retrieved from /opt/airflow/dags/transform_data.py
[2025-12-19T02:41:13.829+0000] {logging_mixin.py:190} INFO - [2025-12-19T02:41:13.829+0000] {dag.py:3239} INFO - Sync 1 DAGs
[2025-12-19T02:41:13.844+0000] {logging_mixin.py:190} INFO - [2025-12-19T02:41:13.844+0000] {dag.py:4180} INFO - Setting next_dagrun for transform_data to None, run_after=None
[2025-12-19T02:41:13.858+0000] {processor.py:208} INFO - Processing /opt/airflow/dags/transform_data.py took 0.074 seconds
[2025-12-19T02:41:43.999+0000] {processor.py:186} INFO - Started process (PID=142) to work on /opt/airflow/dags/transform_data.py
[2025-12-19T02:41:44.001+0000] {processor.py:914} INFO - Processing file /opt/airflow/dags/transform_data.py for tasks to queue
[2025-12-19T02:41:44.003+0000] {logging_mixin.py:190} INFO - [2025-12-19T02:41:44.003+0000] {dagbag.py:588} INFO - Filling up the DagBag from /opt/airflow/dags/transform_data.py
[2025-12-19T02:41:44.009+0000] {processor.py:925} INFO - DAG(s) 'transform_data' retrieved from /opt/airflow/dags/transform_data.py
[2025-12-19T02:41:44.026+0000] {logging_mixin.py:190} INFO - [2025-12-19T02:41:44.026+0000] {dag.py:3239} INFO - Sync 1 DAGs
[2025-12-19T02:41:44.034+0000] {logging_mixin.py:190} INFO - [2025-12-19T02:41:44.034+0000] {dag.py:4180} INFO - Setting next_dagrun for transform_data to None, run_after=None
[2025-12-19T02:41:44.043+0000] {processor.py:208} INFO - Processing /opt/airflow/dags/transform_data.py took 0.051 seconds
[2025-12-19T02:42:14.193+0000] {processor.py:186} INFO - Started process (PID=149) to work on /opt/airflow/dags/transform_data.py
[2025-12-19T02:42:14.196+0000] {processor.py:914} INFO - Processing file /opt/airflow/dags/transform_data.py for tasks to queue
[2025-12-19T02:42:14.200+0000] {logging_mixin.py:190} INFO - [2025-12-19T02:42:14.199+0000] {dagbag.py:588} INFO - Filling up the DagBag from /opt/airflow/dags/transform_data.py
[2025-12-19T02:42:14.209+0000] {processor.py:925} INFO - DAG(s) 'transform_data' retrieved from /opt/airflow/dags/transform_data.py
[2025-12-19T02:42:14.239+0000] {logging_mixin.py:190} INFO - [2025-12-19T02:42:14.239+0000] {dag.py:3239} INFO - Sync 1 DAGs
[2025-12-19T02:42:14.252+0000] {logging_mixin.py:190} INFO - [2025-12-19T02:42:14.251+0000] {dag.py:4180} INFO - Setting next_dagrun for transform_data to None, run_after=None
[2025-12-19T02:42:14.268+0000] {processor.py:208} INFO - Processing /opt/airflow/dags/transform_data.py took 0.080 seconds
[2025-12-19T02:42:44.413+0000] {processor.py:186} INFO - Started process (PID=156) to work on /opt/airflow/dags/transform_data.py
[2025-12-19T02:42:44.415+0000] {processor.py:914} INFO - Processing file /opt/airflow/dags/transform_data.py for tasks to queue
[2025-12-19T02:42:44.419+0000] {logging_mixin.py:190} INFO - [2025-12-19T02:42:44.418+0000] {dagbag.py:588} INFO - Filling up the DagBag from /opt/airflow/dags/transform_data.py
[2025-12-19T02:42:44.425+0000] {processor.py:925} INFO - DAG(s) 'transform_data' retrieved from /opt/airflow/dags/transform_data.py
[2025-12-19T02:42:44.450+0000] {logging_mixin.py:190} INFO - [2025-12-19T02:42:44.450+0000] {dag.py:3239} INFO - Sync 1 DAGs
[2025-12-19T02:42:44.459+0000] {logging_mixin.py:190} INFO - [2025-12-19T02:42:44.459+0000] {dag.py:4180} INFO - Setting next_dagrun for transform_data to None, run_after=None
[2025-12-19T02:42:44.469+0000] {processor.py:208} INFO - Processing /opt/airflow/dags/transform_data.py took 0.063 seconds
[2025-12-19T02:43:14.641+0000] {processor.py:186} INFO - Started process (PID=163) to work on /opt/airflow/dags/transform_data.py
[2025-12-19T02:43:14.643+0000] {processor.py:914} INFO - Processing file /opt/airflow/dags/transform_data.py for tasks to queue
[2025-12-19T02:43:14.645+0000] {logging_mixin.py:190} INFO - [2025-12-19T02:43:14.645+0000] {dagbag.py:588} INFO - Filling up the DagBag from /opt/airflow/dags/transform_data.py
[2025-12-19T02:43:14.649+0000] {processor.py:925} INFO - DAG(s) 'transform_data' retrieved from /opt/airflow/dags/transform_data.py
[2025-12-19T02:43:14.668+0000] {logging_mixin.py:190} INFO - [2025-12-19T02:43:14.668+0000] {dag.py:3239} INFO - Sync 1 DAGs
[2025-12-19T02:43:14.676+0000] {logging_mixin.py:190} INFO - [2025-12-19T02:43:14.676+0000] {dag.py:4180} INFO - Setting next_dagrun for transform_data to None, run_after=None
[2025-12-19T02:43:14.686+0000] {processor.py:208} INFO - Processing /opt/airflow/dags/transform_data.py took 0.049 seconds
[2025-12-19T02:43:44.858+0000] {processor.py:186} INFO - Started process (PID=176) to work on /opt/airflow/dags/transform_data.py
[2025-12-19T02:43:44.860+0000] {processor.py:914} INFO - Processing file /opt/airflow/dags/transform_data.py for tasks to queue
[2025-12-19T02:43:44.861+0000] {logging_mixin.py:190} INFO - [2025-12-19T02:43:44.861+0000] {dagbag.py:588} INFO - Filling up the DagBag from /opt/airflow/dags/transform_data.py
[2025-12-19T02:43:44.866+0000] {processor.py:925} INFO - DAG(s) 'transform_data' retrieved from /opt/airflow/dags/transform_data.py
[2025-12-19T02:43:44.885+0000] {logging_mixin.py:190} INFO - [2025-12-19T02:43:44.884+0000] {dag.py:3239} INFO - Sync 1 DAGs
[2025-12-19T02:43:44.892+0000] {logging_mixin.py:190} INFO - [2025-12-19T02:43:44.892+0000] {dag.py:4180} INFO - Setting next_dagrun for transform_data to None, run_after=None
[2025-12-19T02:43:44.902+0000] {processor.py:208} INFO - Processing /opt/airflow/dags/transform_data.py took 0.048 seconds
[2025-12-19T02:44:15.084+0000] {processor.py:186} INFO - Started process (PID=183) to work on /opt/airflow/dags/transform_data.py
[2025-12-19T02:44:15.086+0000] {processor.py:914} INFO - Processing file /opt/airflow/dags/transform_data.py for tasks to queue
[2025-12-19T02:44:15.088+0000] {logging_mixin.py:190} INFO - [2025-12-19T02:44:15.088+0000] {dagbag.py:588} INFO - Filling up the DagBag from /opt/airflow/dags/transform_data.py
[2025-12-19T02:44:15.095+0000] {processor.py:925} INFO - DAG(s) 'transform_data' retrieved from /opt/airflow/dags/transform_data.py
[2025-12-19T02:44:15.114+0000] {logging_mixin.py:190} INFO - [2025-12-19T02:44:15.114+0000] {dag.py:3239} INFO - Sync 1 DAGs
[2025-12-19T02:44:15.123+0000] {logging_mixin.py:190} INFO - [2025-12-19T02:44:15.123+0000] {dag.py:4180} INFO - Setting next_dagrun for transform_data to None, run_after=None
[2025-12-19T02:44:15.138+0000] {processor.py:208} INFO - Processing /opt/airflow/dags/transform_data.py took 0.060 seconds
[2025-12-19T02:44:45.316+0000] {processor.py:186} INFO - Started process (PID=190) to work on /opt/airflow/dags/transform_data.py
[2025-12-19T02:44:45.318+0000] {processor.py:914} INFO - Processing file /opt/airflow/dags/transform_data.py for tasks to queue
[2025-12-19T02:44:45.320+0000] {logging_mixin.py:190} INFO - [2025-12-19T02:44:45.320+0000] {dagbag.py:588} INFO - Filling up the DagBag from /opt/airflow/dags/transform_data.py
[2025-12-19T02:44:45.325+0000] {processor.py:925} INFO - DAG(s) 'transform_data' retrieved from /opt/airflow/dags/transform_data.py
[2025-12-19T02:44:45.347+0000] {logging_mixin.py:190} INFO - [2025-12-19T02:44:45.347+0000] {dag.py:3239} INFO - Sync 1 DAGs
[2025-12-19T02:44:45.355+0000] {logging_mixin.py:190} INFO - [2025-12-19T02:44:45.355+0000] {dag.py:4180} INFO - Setting next_dagrun for transform_data to None, run_after=None
[2025-12-19T02:44:45.365+0000] {processor.py:208} INFO - Processing /opt/airflow/dags/transform_data.py took 0.055 seconds
[2025-12-19T02:45:15.543+0000] {processor.py:186} INFO - Started process (PID=197) to work on /opt/airflow/dags/transform_data.py
[2025-12-19T02:45:15.546+0000] {processor.py:914} INFO - Processing file /opt/airflow/dags/transform_data.py for tasks to queue
[2025-12-19T02:45:15.548+0000] {logging_mixin.py:190} INFO - [2025-12-19T02:45:15.548+0000] {dagbag.py:588} INFO - Filling up the DagBag from /opt/airflow/dags/transform_data.py
[2025-12-19T02:45:15.556+0000] {processor.py:925} INFO - DAG(s) 'transform_data' retrieved from /opt/airflow/dags/transform_data.py
[2025-12-19T02:45:15.582+0000] {logging_mixin.py:190} INFO - [2025-12-19T02:45:15.582+0000] {dag.py:3239} INFO - Sync 1 DAGs
[2025-12-19T02:45:15.590+0000] {logging_mixin.py:190} INFO - [2025-12-19T02:45:15.590+0000] {dag.py:4180} INFO - Setting next_dagrun for transform_data to None, run_after=None
[2025-12-19T02:45:15.601+0000] {processor.py:208} INFO - Processing /opt/airflow/dags/transform_data.py took 0.065 seconds
[2025-12-19T02:45:45.768+0000] {processor.py:186} INFO - Started process (PID=204) to work on /opt/airflow/dags/transform_data.py
[2025-12-19T02:45:45.770+0000] {processor.py:914} INFO - Processing file /opt/airflow/dags/transform_data.py for tasks to queue
[2025-12-19T02:45:45.773+0000] {logging_mixin.py:190} INFO - [2025-12-19T02:45:45.773+0000] {dagbag.py:588} INFO - Filling up the DagBag from /opt/airflow/dags/transform_data.py
[2025-12-19T02:45:45.779+0000] {processor.py:925} INFO - DAG(s) 'transform_data' retrieved from /opt/airflow/dags/transform_data.py
[2025-12-19T02:45:45.798+0000] {logging_mixin.py:190} INFO - [2025-12-19T02:45:45.798+0000] {dag.py:3239} INFO - Sync 1 DAGs
[2025-12-19T02:45:45.808+0000] {logging_mixin.py:190} INFO - [2025-12-19T02:45:45.807+0000] {dag.py:4180} INFO - Setting next_dagrun for transform_data to None, run_after=None
[2025-12-19T02:45:45.820+0000] {processor.py:208} INFO - Processing /opt/airflow/dags/transform_data.py took 0.059 seconds
[2025-12-19T02:46:16.002+0000] {processor.py:186} INFO - Started process (PID=211) to work on /opt/airflow/dags/transform_data.py
[2025-12-19T02:46:16.004+0000] {processor.py:914} INFO - Processing file /opt/airflow/dags/transform_data.py for tasks to queue
[2025-12-19T02:46:16.008+0000] {logging_mixin.py:190} INFO - [2025-12-19T02:46:16.007+0000] {dagbag.py:588} INFO - Filling up the DagBag from /opt/airflow/dags/transform_data.py
[2025-12-19T02:46:16.015+0000] {processor.py:925} INFO - DAG(s) 'transform_data' retrieved from /opt/airflow/dags/transform_data.py
[2025-12-19T02:46:16.040+0000] {logging_mixin.py:190} INFO - [2025-12-19T02:46:16.040+0000] {dag.py:3239} INFO - Sync 1 DAGs
[2025-12-19T02:46:16.048+0000] {logging_mixin.py:190} INFO - [2025-12-19T02:46:16.047+0000] {dag.py:4180} INFO - Setting next_dagrun for transform_data to None, run_after=None
[2025-12-19T02:46:16.057+0000] {processor.py:208} INFO - Processing /opt/airflow/dags/transform_data.py took 0.061 seconds
[2025-12-19T02:46:46.208+0000] {processor.py:186} INFO - Started process (PID=218) to work on /opt/airflow/dags/transform_data.py
[2025-12-19T02:46:46.210+0000] {processor.py:914} INFO - Processing file /opt/airflow/dags/transform_data.py for tasks to queue
[2025-12-19T02:46:46.212+0000] {logging_mixin.py:190} INFO - [2025-12-19T02:46:46.212+0000] {dagbag.py:588} INFO - Filling up the DagBag from /opt/airflow/dags/transform_data.py
[2025-12-19T02:46:46.217+0000] {processor.py:925} INFO - DAG(s) 'transform_data' retrieved from /opt/airflow/dags/transform_data.py
[2025-12-19T02:46:46.244+0000] {logging_mixin.py:190} INFO - [2025-12-19T02:46:46.244+0000] {dag.py:3239} INFO - Sync 1 DAGs
[2025-12-19T02:46:46.252+0000] {logging_mixin.py:190} INFO - [2025-12-19T02:46:46.252+0000] {dag.py:4180} INFO - Setting next_dagrun for transform_data to None, run_after=None
[2025-12-19T02:46:46.265+0000] {processor.py:208} INFO - Processing /opt/airflow/dags/transform_data.py took 0.063 seconds
[2025-12-19T02:47:16.434+0000] {processor.py:186} INFO - Started process (PID=225) to work on /opt/airflow/dags/transform_data.py
[2025-12-19T02:47:16.435+0000] {processor.py:914} INFO - Processing file /opt/airflow/dags/transform_data.py for tasks to queue
[2025-12-19T02:47:16.438+0000] {logging_mixin.py:190} INFO - [2025-12-19T02:47:16.437+0000] {dagbag.py:588} INFO - Filling up the DagBag from /opt/airflow/dags/transform_data.py
[2025-12-19T02:47:16.446+0000] {processor.py:925} INFO - DAG(s) 'transform_data' retrieved from /opt/airflow/dags/transform_data.py
[2025-12-19T02:47:16.470+0000] {logging_mixin.py:190} INFO - [2025-12-19T02:47:16.470+0000] {dag.py:3239} INFO - Sync 1 DAGs
[2025-12-19T02:47:16.478+0000] {logging_mixin.py:190} INFO - [2025-12-19T02:47:16.478+0000] {dag.py:4180} INFO - Setting next_dagrun for transform_data to None, run_after=None
[2025-12-19T02:47:16.488+0000] {processor.py:208} INFO - Processing /opt/airflow/dags/transform_data.py took 0.061 seconds
[2025-12-19T02:47:46.647+0000] {processor.py:186} INFO - Started process (PID=232) to work on /opt/airflow/dags/transform_data.py
[2025-12-19T02:47:46.648+0000] {processor.py:914} INFO - Processing file /opt/airflow/dags/transform_data.py for tasks to queue
[2025-12-19T02:47:46.651+0000] {logging_mixin.py:190} INFO - [2025-12-19T02:47:46.651+0000] {dagbag.py:588} INFO - Filling up the DagBag from /opt/airflow/dags/transform_data.py
[2025-12-19T02:47:46.660+0000] {processor.py:925} INFO - DAG(s) 'transform_data' retrieved from /opt/airflow/dags/transform_data.py
[2025-12-19T02:47:46.693+0000] {logging_mixin.py:190} INFO - [2025-12-19T02:47:46.693+0000] {dag.py:3239} INFO - Sync 1 DAGs
[2025-12-19T02:47:46.704+0000] {logging_mixin.py:190} INFO - [2025-12-19T02:47:46.704+0000] {dag.py:4180} INFO - Setting next_dagrun for transform_data to None, run_after=None
[2025-12-19T02:47:46.719+0000] {processor.py:208} INFO - Processing /opt/airflow/dags/transform_data.py took 0.081 seconds
[2025-12-19T02:48:16.868+0000] {processor.py:186} INFO - Started process (PID=239) to work on /opt/airflow/dags/transform_data.py
[2025-12-19T02:48:16.870+0000] {processor.py:914} INFO - Processing file /opt/airflow/dags/transform_data.py for tasks to queue
[2025-12-19T02:48:16.871+0000] {logging_mixin.py:190} INFO - [2025-12-19T02:48:16.871+0000] {dagbag.py:588} INFO - Filling up the DagBag from /opt/airflow/dags/transform_data.py
[2025-12-19T02:48:16.876+0000] {processor.py:925} INFO - DAG(s) 'transform_data' retrieved from /opt/airflow/dags/transform_data.py
[2025-12-19T02:48:16.898+0000] {logging_mixin.py:190} INFO - [2025-12-19T02:48:16.898+0000] {dag.py:3239} INFO - Sync 1 DAGs
[2025-12-19T02:48:16.907+0000] {logging_mixin.py:190} INFO - [2025-12-19T02:48:16.907+0000] {dag.py:4180} INFO - Setting next_dagrun for transform_data to None, run_after=None
[2025-12-19T02:48:16.917+0000] {processor.py:208} INFO - Processing /opt/airflow/dags/transform_data.py took 0.054 seconds
[2025-12-19T02:48:47.101+0000] {processor.py:186} INFO - Started process (PID=246) to work on /opt/airflow/dags/transform_data.py
[2025-12-19T02:48:47.103+0000] {processor.py:914} INFO - Processing file /opt/airflow/dags/transform_data.py for tasks to queue
[2025-12-19T02:48:47.104+0000] {logging_mixin.py:190} INFO - [2025-12-19T02:48:47.104+0000] {dagbag.py:588} INFO - Filling up the DagBag from /opt/airflow/dags/transform_data.py
[2025-12-19T02:48:47.110+0000] {processor.py:925} INFO - DAG(s) 'transform_data' retrieved from /opt/airflow/dags/transform_data.py
[2025-12-19T02:48:47.145+0000] {logging_mixin.py:190} INFO - [2025-12-19T02:48:47.145+0000] {dag.py:3239} INFO - Sync 1 DAGs
[2025-12-19T02:48:47.158+0000] {logging_mixin.py:190} INFO - [2025-12-19T02:48:47.158+0000] {dag.py:4180} INFO - Setting next_dagrun for transform_data to None, run_after=None
[2025-12-19T02:48:47.178+0000] {processor.py:208} INFO - Processing /opt/airflow/dags/transform_data.py took 0.084 seconds
[2025-12-19T02:49:17.317+0000] {processor.py:186} INFO - Started process (PID=253) to work on /opt/airflow/dags/transform_data.py
[2025-12-19T02:49:17.320+0000] {processor.py:914} INFO - Processing file /opt/airflow/dags/transform_data.py for tasks to queue
[2025-12-19T02:49:17.323+0000] {logging_mixin.py:190} INFO - [2025-12-19T02:49:17.323+0000] {dagbag.py:588} INFO - Filling up the DagBag from /opt/airflow/dags/transform_data.py
[2025-12-19T02:49:17.332+0000] {processor.py:925} INFO - DAG(s) 'transform_data' retrieved from /opt/airflow/dags/transform_data.py
[2025-12-19T02:49:17.362+0000] {logging_mixin.py:190} INFO - [2025-12-19T02:49:17.362+0000] {dag.py:3239} INFO - Sync 1 DAGs
[2025-12-19T02:49:17.373+0000] {logging_mixin.py:190} INFO - [2025-12-19T02:49:17.373+0000] {dag.py:4180} INFO - Setting next_dagrun for transform_data to None, run_after=None
[2025-12-19T02:49:17.383+0000] {processor.py:208} INFO - Processing /opt/airflow/dags/transform_data.py took 0.074 seconds
[2025-12-19T02:49:47.560+0000] {processor.py:186} INFO - Started process (PID=260) to work on /opt/airflow/dags/transform_data.py
[2025-12-19T02:49:47.562+0000] {processor.py:914} INFO - Processing file /opt/airflow/dags/transform_data.py for tasks to queue
[2025-12-19T02:49:47.566+0000] {logging_mixin.py:190} INFO - [2025-12-19T02:49:47.565+0000] {dagbag.py:588} INFO - Filling up the DagBag from /opt/airflow/dags/transform_data.py
[2025-12-19T02:49:47.571+0000] {processor.py:925} INFO - DAG(s) 'transform_data' retrieved from /opt/airflow/dags/transform_data.py
[2025-12-19T02:49:47.600+0000] {logging_mixin.py:190} INFO - [2025-12-19T02:49:47.600+0000] {dag.py:3239} INFO - Sync 1 DAGs
[2025-12-19T02:49:47.611+0000] {logging_mixin.py:190} INFO - [2025-12-19T02:49:47.611+0000] {dag.py:4180} INFO - Setting next_dagrun for transform_data to None, run_after=None
[2025-12-19T02:49:47.624+0000] {processor.py:208} INFO - Processing /opt/airflow/dags/transform_data.py took 0.071 seconds
[2025-12-19T02:50:17.770+0000] {processor.py:186} INFO - Started process (PID=267) to work on /opt/airflow/dags/transform_data.py
[2025-12-19T02:50:17.770+0000] {processor.py:914} INFO - Processing file /opt/airflow/dags/transform_data.py for tasks to queue
[2025-12-19T02:50:17.773+0000] {logging_mixin.py:190} INFO - [2025-12-19T02:50:17.773+0000] {dagbag.py:588} INFO - Filling up the DagBag from /opt/airflow/dags/transform_data.py
[2025-12-19T02:50:17.779+0000] {processor.py:925} INFO - DAG(s) 'transform_data' retrieved from /opt/airflow/dags/transform_data.py
[2025-12-19T02:50:17.805+0000] {logging_mixin.py:190} INFO - [2025-12-19T02:50:17.805+0000] {dag.py:3239} INFO - Sync 1 DAGs
[2025-12-19T02:50:17.816+0000] {logging_mixin.py:190} INFO - [2025-12-19T02:50:17.816+0000] {dag.py:4180} INFO - Setting next_dagrun for transform_data to None, run_after=None
[2025-12-19T02:50:17.826+0000] {processor.py:208} INFO - Processing /opt/airflow/dags/transform_data.py took 0.062 seconds
[2025-12-19T02:50:48.012+0000] {processor.py:186} INFO - Started process (PID=274) to work on /opt/airflow/dags/transform_data.py
[2025-12-19T02:50:48.014+0000] {processor.py:914} INFO - Processing file /opt/airflow/dags/transform_data.py for tasks to queue
[2025-12-19T02:50:48.017+0000] {logging_mixin.py:190} INFO - [2025-12-19T02:50:48.016+0000] {dagbag.py:588} INFO - Filling up the DagBag from /opt/airflow/dags/transform_data.py
[2025-12-19T02:50:48.025+0000] {processor.py:925} INFO - DAG(s) 'transform_data' retrieved from /opt/airflow/dags/transform_data.py
[2025-12-19T02:50:48.053+0000] {logging_mixin.py:190} INFO - [2025-12-19T02:50:48.052+0000] {dag.py:3239} INFO - Sync 1 DAGs
[2025-12-19T02:50:48.060+0000] {logging_mixin.py:190} INFO - [2025-12-19T02:50:48.060+0000] {dag.py:4180} INFO - Setting next_dagrun for transform_data to None, run_after=None
[2025-12-19T02:50:48.070+0000] {processor.py:208} INFO - Processing /opt/airflow/dags/transform_data.py took 0.065 seconds
[2025-12-19T02:51:18.204+0000] {processor.py:186} INFO - Started process (PID=281) to work on /opt/airflow/dags/transform_data.py
[2025-12-19T02:51:18.207+0000] {processor.py:914} INFO - Processing file /opt/airflow/dags/transform_data.py for tasks to queue
[2025-12-19T02:51:18.210+0000] {logging_mixin.py:190} INFO - [2025-12-19T02:51:18.210+0000] {dagbag.py:588} INFO - Filling up the DagBag from /opt/airflow/dags/transform_data.py
[2025-12-19T02:51:18.219+0000] {processor.py:925} INFO - DAG(s) 'transform_data' retrieved from /opt/airflow/dags/transform_data.py
[2025-12-19T02:51:18.261+0000] {logging_mixin.py:190} INFO - [2025-12-19T02:51:18.260+0000] {dag.py:3239} INFO - Sync 1 DAGs
[2025-12-19T02:51:18.275+0000] {logging_mixin.py:190} INFO - [2025-12-19T02:51:18.275+0000] {dag.py:4180} INFO - Setting next_dagrun for transform_data to None, run_after=None
[2025-12-19T02:51:18.295+0000] {processor.py:208} INFO - Processing /opt/airflow/dags/transform_data.py took 0.099 seconds
[2025-12-19T02:51:48.429+0000] {processor.py:186} INFO - Started process (PID=288) to work on /opt/airflow/dags/transform_data.py
[2025-12-19T02:51:48.431+0000] {processor.py:914} INFO - Processing file /opt/airflow/dags/transform_data.py for tasks to queue
[2025-12-19T02:51:48.433+0000] {logging_mixin.py:190} INFO - [2025-12-19T02:51:48.432+0000] {dagbag.py:588} INFO - Filling up the DagBag from /opt/airflow/dags/transform_data.py
[2025-12-19T02:51:48.437+0000] {processor.py:925} INFO - DAG(s) 'transform_data' retrieved from /opt/airflow/dags/transform_data.py
[2025-12-19T02:51:48.466+0000] {logging_mixin.py:190} INFO - [2025-12-19T02:51:48.466+0000] {dag.py:3239} INFO - Sync 1 DAGs
[2025-12-19T02:51:48.474+0000] {logging_mixin.py:190} INFO - [2025-12-19T02:51:48.473+0000] {dag.py:4180} INFO - Setting next_dagrun for transform_data to None, run_after=None
[2025-12-19T02:51:48.483+0000] {processor.py:208} INFO - Processing /opt/airflow/dags/transform_data.py took 0.059 seconds
[2025-12-19T02:52:18.679+0000] {processor.py:186} INFO - Started process (PID=295) to work on /opt/airflow/dags/transform_data.py
[2025-12-19T02:52:18.682+0000] {processor.py:914} INFO - Processing file /opt/airflow/dags/transform_data.py for tasks to queue
[2025-12-19T02:52:18.684+0000] {logging_mixin.py:190} INFO - [2025-12-19T02:52:18.684+0000] {dagbag.py:588} INFO - Filling up the DagBag from /opt/airflow/dags/transform_data.py
[2025-12-19T02:52:18.693+0000] {processor.py:925} INFO - DAG(s) 'transform_data' retrieved from /opt/airflow/dags/transform_data.py
[2025-12-19T02:52:18.728+0000] {logging_mixin.py:190} INFO - [2025-12-19T02:52:18.727+0000] {dag.py:3239} INFO - Sync 1 DAGs
[2025-12-19T02:52:18.735+0000] {logging_mixin.py:190} INFO - [2025-12-19T02:52:18.735+0000] {dag.py:4180} INFO - Setting next_dagrun for transform_data to None, run_after=None
[2025-12-19T02:52:18.746+0000] {processor.py:208} INFO - Processing /opt/airflow/dags/transform_data.py took 0.074 seconds
[2025-12-19T02:52:48.881+0000] {processor.py:186} INFO - Started process (PID=302) to work on /opt/airflow/dags/transform_data.py
[2025-12-19T02:52:48.883+0000] {processor.py:914} INFO - Processing file /opt/airflow/dags/transform_data.py for tasks to queue
[2025-12-19T02:52:48.885+0000] {logging_mixin.py:190} INFO - [2025-12-19T02:52:48.884+0000] {dagbag.py:588} INFO - Filling up the DagBag from /opt/airflow/dags/transform_data.py
[2025-12-19T02:52:48.892+0000] {processor.py:925} INFO - DAG(s) 'transform_data' retrieved from /opt/airflow/dags/transform_data.py
[2025-12-19T02:52:48.915+0000] {logging_mixin.py:190} INFO - [2025-12-19T02:52:48.914+0000] {dag.py:3239} INFO - Sync 1 DAGs
[2025-12-19T02:52:48.924+0000] {logging_mixin.py:190} INFO - [2025-12-19T02:52:48.923+0000] {dag.py:4180} INFO - Setting next_dagrun for transform_data to None, run_after=None
[2025-12-19T02:52:48.934+0000] {processor.py:208} INFO - Processing /opt/airflow/dags/transform_data.py took 0.057 seconds
[2025-12-19T02:53:19.122+0000] {processor.py:186} INFO - Started process (PID=309) to work on /opt/airflow/dags/transform_data.py
[2025-12-19T02:53:19.125+0000] {processor.py:914} INFO - Processing file /opt/airflow/dags/transform_data.py for tasks to queue
[2025-12-19T02:53:19.128+0000] {logging_mixin.py:190} INFO - [2025-12-19T02:53:19.128+0000] {dagbag.py:588} INFO - Filling up the DagBag from /opt/airflow/dags/transform_data.py
[2025-12-19T02:53:19.134+0000] {processor.py:925} INFO - DAG(s) 'transform_data' retrieved from /opt/airflow/dags/transform_data.py
[2025-12-19T02:53:19.162+0000] {logging_mixin.py:190} INFO - [2025-12-19T02:53:19.162+0000] {dag.py:3239} INFO - Sync 1 DAGs
[2025-12-19T02:53:19.170+0000] {logging_mixin.py:190} INFO - [2025-12-19T02:53:19.170+0000] {dag.py:4180} INFO - Setting next_dagrun for transform_data to None, run_after=None
[2025-12-19T02:53:19.181+0000] {processor.py:208} INFO - Processing /opt/airflow/dags/transform_data.py took 0.066 seconds
[2025-12-19T02:53:49.340+0000] {processor.py:186} INFO - Started process (PID=316) to work on /opt/airflow/dags/transform_data.py
[2025-12-19T02:53:49.342+0000] {processor.py:914} INFO - Processing file /opt/airflow/dags/transform_data.py for tasks to queue
[2025-12-19T02:53:49.344+0000] {logging_mixin.py:190} INFO - [2025-12-19T02:53:49.344+0000] {dagbag.py:588} INFO - Filling up the DagBag from /opt/airflow/dags/transform_data.py
[2025-12-19T02:53:49.348+0000] {processor.py:925} INFO - DAG(s) 'transform_data' retrieved from /opt/airflow/dags/transform_data.py
[2025-12-19T02:53:49.372+0000] {logging_mixin.py:190} INFO - [2025-12-19T02:53:49.371+0000] {dag.py:3239} INFO - Sync 1 DAGs
[2025-12-19T02:53:49.380+0000] {logging_mixin.py:190} INFO - [2025-12-19T02:53:49.380+0000] {dag.py:4180} INFO - Setting next_dagrun for transform_data to None, run_after=None
[2025-12-19T02:53:49.392+0000] {processor.py:208} INFO - Processing /opt/airflow/dags/transform_data.py took 0.057 seconds
[2025-12-19T02:54:19.557+0000] {processor.py:186} INFO - Started process (PID=323) to work on /opt/airflow/dags/transform_data.py
[2025-12-19T02:54:19.559+0000] {processor.py:914} INFO - Processing file /opt/airflow/dags/transform_data.py for tasks to queue
[2025-12-19T02:54:19.561+0000] {logging_mixin.py:190} INFO - [2025-12-19T02:54:19.561+0000] {dagbag.py:588} INFO - Filling up the DagBag from /opt/airflow/dags/transform_data.py
[2025-12-19T02:54:19.565+0000] {processor.py:925} INFO - DAG(s) 'transform_data' retrieved from /opt/airflow/dags/transform_data.py
[2025-12-19T02:54:19.585+0000] {logging_mixin.py:190} INFO - [2025-12-19T02:54:19.585+0000] {dag.py:3239} INFO - Sync 1 DAGs
[2025-12-19T02:54:19.593+0000] {logging_mixin.py:190} INFO - [2025-12-19T02:54:19.593+0000] {dag.py:4180} INFO - Setting next_dagrun for transform_data to None, run_after=None
[2025-12-19T02:54:19.605+0000] {processor.py:208} INFO - Processing /opt/airflow/dags/transform_data.py took 0.053 seconds
[2025-12-19T02:54:49.771+0000] {processor.py:186} INFO - Started process (PID=330) to work on /opt/airflow/dags/transform_data.py
[2025-12-19T02:54:49.773+0000] {processor.py:914} INFO - Processing file /opt/airflow/dags/transform_data.py for tasks to queue
[2025-12-19T02:54:49.774+0000] {logging_mixin.py:190} INFO - [2025-12-19T02:54:49.774+0000] {dagbag.py:588} INFO - Filling up the DagBag from /opt/airflow/dags/transform_data.py
[2025-12-19T02:54:49.785+0000] {processor.py:925} INFO - DAG(s) 'transform_data' retrieved from /opt/airflow/dags/transform_data.py
[2025-12-19T02:54:49.804+0000] {logging_mixin.py:190} INFO - [2025-12-19T02:54:49.804+0000] {dag.py:3239} INFO - Sync 1 DAGs
[2025-12-19T02:54:49.814+0000] {logging_mixin.py:190} INFO - [2025-12-19T02:54:49.814+0000] {dag.py:4180} INFO - Setting next_dagrun for transform_data to None, run_after=None
[2025-12-19T02:54:49.824+0000] {processor.py:208} INFO - Processing /opt/airflow/dags/transform_data.py took 0.060 seconds
[2025-12-19T02:55:19.996+0000] {processor.py:186} INFO - Started process (PID=337) to work on /opt/airflow/dags/transform_data.py
[2025-12-19T02:55:19.998+0000] {processor.py:914} INFO - Processing file /opt/airflow/dags/transform_data.py for tasks to queue
[2025-12-19T02:55:20.001+0000] {logging_mixin.py:190} INFO - [2025-12-19T02:55:20.001+0000] {dagbag.py:588} INFO - Filling up the DagBag from /opt/airflow/dags/transform_data.py
[2025-12-19T02:55:20.017+0000] {processor.py:925} INFO - DAG(s) 'transform_data' retrieved from /opt/airflow/dags/transform_data.py
[2025-12-19T02:55:20.033+0000] {logging_mixin.py:190} INFO - [2025-12-19T02:55:20.033+0000] {dag.py:3239} INFO - Sync 1 DAGs
[2025-12-19T02:55:20.041+0000] {logging_mixin.py:190} INFO - [2025-12-19T02:55:20.041+0000] {dag.py:4180} INFO - Setting next_dagrun for transform_data to None, run_after=None
[2025-12-19T02:55:20.050+0000] {processor.py:208} INFO - Processing /opt/airflow/dags/transform_data.py took 0.060 seconds
[2025-12-19T02:55:50.227+0000] {processor.py:186} INFO - Started process (PID=344) to work on /opt/airflow/dags/transform_data.py
[2025-12-19T02:55:50.230+0000] {processor.py:914} INFO - Processing file /opt/airflow/dags/transform_data.py for tasks to queue
[2025-12-19T02:55:50.233+0000] {logging_mixin.py:190} INFO - [2025-12-19T02:55:50.233+0000] {dagbag.py:588} INFO - Filling up the DagBag from /opt/airflow/dags/transform_data.py
[2025-12-19T02:55:50.249+0000] {processor.py:925} INFO - DAG(s) 'transform_data' retrieved from /opt/airflow/dags/transform_data.py
[2025-12-19T02:55:50.281+0000] {logging_mixin.py:190} INFO - [2025-12-19T02:55:50.281+0000] {dag.py:3239} INFO - Sync 1 DAGs
[2025-12-19T02:55:50.295+0000] {logging_mixin.py:190} INFO - [2025-12-19T02:55:50.295+0000] {dag.py:4180} INFO - Setting next_dagrun for transform_data to None, run_after=None
[2025-12-19T02:55:50.306+0000] {processor.py:208} INFO - Processing /opt/airflow/dags/transform_data.py took 0.086 seconds
[2025-12-19T02:56:20.448+0000] {processor.py:186} INFO - Started process (PID=351) to work on /opt/airflow/dags/transform_data.py
[2025-12-19T02:56:20.451+0000] {processor.py:914} INFO - Processing file /opt/airflow/dags/transform_data.py for tasks to queue
[2025-12-19T02:56:20.454+0000] {logging_mixin.py:190} INFO - [2025-12-19T02:56:20.454+0000] {dagbag.py:588} INFO - Filling up the DagBag from /opt/airflow/dags/transform_data.py
[2025-12-19T02:56:20.470+0000] {processor.py:925} INFO - DAG(s) 'transform_data' retrieved from /opt/airflow/dags/transform_data.py
[2025-12-19T02:56:20.501+0000] {logging_mixin.py:190} INFO - [2025-12-19T02:56:20.501+0000] {dag.py:3239} INFO - Sync 1 DAGs
[2025-12-19T02:56:20.514+0000] {logging_mixin.py:190} INFO - [2025-12-19T02:56:20.513+0000] {dag.py:4180} INFO - Setting next_dagrun for transform_data to None, run_after=None
[2025-12-19T02:56:20.530+0000] {processor.py:208} INFO - Processing /opt/airflow/dags/transform_data.py took 0.090 seconds
[2025-12-19T02:56:50.713+0000] {processor.py:186} INFO - Started process (PID=358) to work on /opt/airflow/dags/transform_data.py
[2025-12-19T02:56:50.715+0000] {processor.py:914} INFO - Processing file /opt/airflow/dags/transform_data.py for tasks to queue
[2025-12-19T02:56:50.717+0000] {logging_mixin.py:190} INFO - [2025-12-19T02:56:50.717+0000] {dagbag.py:588} INFO - Filling up the DagBag from /opt/airflow/dags/transform_data.py
[2025-12-19T02:56:50.724+0000] {processor.py:925} INFO - DAG(s) 'transform_data' retrieved from /opt/airflow/dags/transform_data.py
[2025-12-19T02:56:50.752+0000] {logging_mixin.py:190} INFO - [2025-12-19T02:56:50.751+0000] {dag.py:3239} INFO - Sync 1 DAGs
[2025-12-19T02:56:50.761+0000] {logging_mixin.py:190} INFO - [2025-12-19T02:56:50.760+0000] {dag.py:4180} INFO - Setting next_dagrun for transform_data to None, run_after=None
[2025-12-19T02:56:50.771+0000] {processor.py:208} INFO - Processing /opt/airflow/dags/transform_data.py took 0.062 seconds
[2025-12-19T03:32:39.363+0000] {processor.py:186} INFO - Started process (PID=365) to work on /opt/airflow/dags/transform_data.py
[2025-12-19T03:32:39.364+0000] {processor.py:914} INFO - Processing file /opt/airflow/dags/transform_data.py for tasks to queue
[2025-12-19T03:32:39.365+0000] {logging_mixin.py:190} INFO - [2025-12-19T03:32:39.365+0000] {dagbag.py:588} INFO - Filling up the DagBag from /opt/airflow/dags/transform_data.py
[2025-12-19T03:32:39.371+0000] {processor.py:925} INFO - DAG(s) 'transform_data' retrieved from /opt/airflow/dags/transform_data.py
[2025-12-19T03:32:39.389+0000] {logging_mixin.py:190} INFO - [2025-12-19T03:32:39.389+0000] {dag.py:3239} INFO - Sync 1 DAGs
[2025-12-19T03:32:39.397+0000] {logging_mixin.py:190} INFO - [2025-12-19T03:32:39.397+0000] {dag.py:4180} INFO - Setting next_dagrun for transform_data to None, run_after=None
[2025-12-19T03:32:39.407+0000] {processor.py:208} INFO - Processing /opt/airflow/dags/transform_data.py took 0.048 seconds
[2025-12-19T03:32:41.401+0000] {processor.py:186} INFO - Started process (PID=366) to work on /opt/airflow/dags/transform_data.py
[2025-12-19T03:32:41.402+0000] {processor.py:914} INFO - Processing file /opt/airflow/dags/transform_data.py for tasks to queue
[2025-12-19T03:32:41.404+0000] {logging_mixin.py:190} INFO - [2025-12-19T03:32:41.404+0000] {dagbag.py:588} INFO - Filling up the DagBag from /opt/airflow/dags/transform_data.py
[2025-12-19T03:32:41.416+0000] {processor.py:925} INFO - DAG(s) 'transform_data' retrieved from /opt/airflow/dags/transform_data.py
[2025-12-19T03:32:41.445+0000] {logging_mixin.py:190} INFO - [2025-12-19T03:32:41.445+0000] {dag.py:3239} INFO - Sync 1 DAGs
[2025-12-19T03:32:41.454+0000] {logging_mixin.py:190} INFO - [2025-12-19T03:32:41.453+0000] {dag.py:4180} INFO - Setting next_dagrun for transform_data to None, run_after=None
[2025-12-19T03:32:41.464+0000] {processor.py:208} INFO - Processing /opt/airflow/dags/transform_data.py took 0.069 seconds
[2025-12-19T03:32:44.453+0000] {processor.py:186} INFO - Started process (PID=367) to work on /opt/airflow/dags/transform_data.py
[2025-12-19T03:32:44.454+0000] {processor.py:914} INFO - Processing file /opt/airflow/dags/transform_data.py for tasks to queue
[2025-12-19T03:32:44.455+0000] {logging_mixin.py:190} INFO - [2025-12-19T03:32:44.455+0000] {dagbag.py:588} INFO - Filling up the DagBag from /opt/airflow/dags/transform_data.py
[2025-12-19T03:32:44.460+0000] {processor.py:925} INFO - DAG(s) 'transform_data' retrieved from /opt/airflow/dags/transform_data.py
[2025-12-19T03:32:44.485+0000] {logging_mixin.py:190} INFO - [2025-12-19T03:32:44.485+0000] {dag.py:3239} INFO - Sync 1 DAGs
[2025-12-19T03:32:44.500+0000] {logging_mixin.py:190} INFO - [2025-12-19T03:32:44.500+0000] {dag.py:4180} INFO - Setting next_dagrun for transform_data to None, run_after=None
[2025-12-19T03:32:44.513+0000] {processor.py:208} INFO - Processing /opt/airflow/dags/transform_data.py took 0.064 seconds
[2025-12-19T03:32:45.508+0000] {processor.py:186} INFO - Started process (PID=368) to work on /opt/airflow/dags/transform_data.py
[2025-12-19T03:32:45.509+0000] {processor.py:914} INFO - Processing file /opt/airflow/dags/transform_data.py for tasks to queue
[2025-12-19T03:32:45.511+0000] {logging_mixin.py:190} INFO - [2025-12-19T03:32:45.511+0000] {dagbag.py:588} INFO - Filling up the DagBag from /opt/airflow/dags/transform_data.py
[2025-12-19T03:32:45.516+0000] {logging_mixin.py:190} INFO - [2025-12-19T03:32:45.515+0000] {dagbag.py:387} ERROR - Failed to import: /opt/airflow/dags/transform_data.py
Traceback (most recent call last):
  File "/home/airflow/.local/lib/python3.12/site-packages/airflow/models/dagbag.py", line 383, in parse
    loader.exec_module(new_module)
  File "<frozen importlib._bootstrap_external>", line 995, in exec_module
  File "<frozen importlib._bootstrap_external>", line 1133, in get_code
  File "<frozen importlib._bootstrap_external>", line 1063, in source_to_code
  File "<frozen importlib._bootstrap>", line 488, in _call_with_frames_removed
  File "/opt/airflow/dags/transform_data.py", line 48
    cur.execute("""
               ^
SyntaxError: '(' was never closed
[2025-12-19T03:32:45.516+0000] {processor.py:927} WARNING - No viable dags retrieved from /opt/airflow/dags/transform_data.py
[2025-12-19T03:32:45.534+0000] {processor.py:208} INFO - Processing /opt/airflow/dags/transform_data.py took 0.033 seconds
[2025-12-19T03:33:06.640+0000] {processor.py:186} INFO - Started process (PID=375) to work on /opt/airflow/dags/transform_data.py
[2025-12-19T03:33:06.642+0000] {processor.py:914} INFO - Processing file /opt/airflow/dags/transform_data.py for tasks to queue
[2025-12-19T03:33:06.644+0000] {logging_mixin.py:190} INFO - [2025-12-19T03:33:06.643+0000] {dagbag.py:588} INFO - Filling up the DagBag from /opt/airflow/dags/transform_data.py
[2025-12-19T03:33:06.648+0000] {processor.py:925} INFO - DAG(s) 'transform_data' retrieved from /opt/airflow/dags/transform_data.py
[2025-12-19T03:33:06.665+0000] {logging_mixin.py:190} INFO - [2025-12-19T03:33:06.664+0000] {dag.py:3239} INFO - Sync 1 DAGs
[2025-12-19T03:33:06.674+0000] {logging_mixin.py:190} INFO - [2025-12-19T03:33:06.674+0000] {dag.py:4180} INFO - Setting next_dagrun for transform_data to None, run_after=None
[2025-12-19T03:33:06.685+0000] {processor.py:208} INFO - Processing /opt/airflow/dags/transform_data.py took 0.048 seconds
[2025-12-19T03:33:36.831+0000] {processor.py:186} INFO - Started process (PID=382) to work on /opt/airflow/dags/transform_data.py
[2025-12-19T03:33:36.834+0000] {processor.py:914} INFO - Processing file /opt/airflow/dags/transform_data.py for tasks to queue
[2025-12-19T03:33:36.836+0000] {logging_mixin.py:190} INFO - [2025-12-19T03:33:36.836+0000] {dagbag.py:588} INFO - Filling up the DagBag from /opt/airflow/dags/transform_data.py
[2025-12-19T03:33:36.844+0000] {processor.py:925} INFO - DAG(s) 'transform_data' retrieved from /opt/airflow/dags/transform_data.py
[2025-12-19T03:33:36.869+0000] {logging_mixin.py:190} INFO - [2025-12-19T03:33:36.869+0000] {dag.py:3239} INFO - Sync 1 DAGs
[2025-12-19T03:33:36.879+0000] {logging_mixin.py:190} INFO - [2025-12-19T03:33:36.878+0000] {dag.py:4180} INFO - Setting next_dagrun for transform_data to None, run_after=None
[2025-12-19T03:33:36.888+0000] {processor.py:208} INFO - Processing /opt/airflow/dags/transform_data.py took 0.065 seconds
[2025-12-19T03:34:07.042+0000] {processor.py:186} INFO - Started process (PID=389) to work on /opt/airflow/dags/transform_data.py
[2025-12-19T03:34:07.045+0000] {processor.py:914} INFO - Processing file /opt/airflow/dags/transform_data.py for tasks to queue
[2025-12-19T03:34:07.049+0000] {logging_mixin.py:190} INFO - [2025-12-19T03:34:07.049+0000] {dagbag.py:588} INFO - Filling up the DagBag from /opt/airflow/dags/transform_data.py
[2025-12-19T03:34:07.061+0000] {processor.py:925} INFO - DAG(s) 'transform_data' retrieved from /opt/airflow/dags/transform_data.py
[2025-12-19T03:34:07.096+0000] {logging_mixin.py:190} INFO - [2025-12-19T03:34:07.095+0000] {dag.py:3239} INFO - Sync 1 DAGs
[2025-12-19T03:34:07.112+0000] {logging_mixin.py:190} INFO - [2025-12-19T03:34:07.112+0000] {dag.py:4180} INFO - Setting next_dagrun for transform_data to None, run_after=None
[2025-12-19T03:34:07.127+0000] {processor.py:208} INFO - Processing /opt/airflow/dags/transform_data.py took 0.094 seconds
[2025-12-19T03:34:14.099+0000] {processor.py:186} INFO - Started process (PID=390) to work on /opt/airflow/dags/transform_data.py
[2025-12-19T03:34:14.101+0000] {processor.py:914} INFO - Processing file /opt/airflow/dags/transform_data.py for tasks to queue
[2025-12-19T03:34:14.104+0000] {logging_mixin.py:190} INFO - [2025-12-19T03:34:14.104+0000] {dagbag.py:588} INFO - Filling up the DagBag from /opt/airflow/dags/transform_data.py
[2025-12-19T03:34:14.109+0000] {logging_mixin.py:190} INFO - [2025-12-19T03:34:14.108+0000] {dagbag.py:387} ERROR - Failed to import: /opt/airflow/dags/transform_data.py
Traceback (most recent call last):
  File "/home/airflow/.local/lib/python3.12/site-packages/airflow/models/dagbag.py", line 383, in parse
    loader.exec_module(new_module)
  File "<frozen importlib._bootstrap_external>", line 995, in exec_module
  File "<frozen importlib._bootstrap_external>", line 1133, in get_code
  File "<frozen importlib._bootstrap_external>", line 1063, in source_to_code
  File "<frozen importlib._bootstrap>", line 488, in _call_with_frames_removed
  File "/opt/airflow/dags/transform_data.py", line 100
    cur.close()
IndentationError: unexpected indent
[2025-12-19T03:34:14.109+0000] {processor.py:927} WARNING - No viable dags retrieved from /opt/airflow/dags/transform_data.py
[2025-12-19T03:34:14.130+0000] {processor.py:208} INFO - Processing /opt/airflow/dags/transform_data.py took 0.041 seconds
[2025-12-19T03:34:23.154+0000] {processor.py:186} INFO - Started process (PID=391) to work on /opt/airflow/dags/transform_data.py
[2025-12-19T03:34:23.156+0000] {processor.py:914} INFO - Processing file /opt/airflow/dags/transform_data.py for tasks to queue
[2025-12-19T03:34:23.159+0000] {logging_mixin.py:190} INFO - [2025-12-19T03:34:23.158+0000] {dagbag.py:588} INFO - Filling up the DagBag from /opt/airflow/dags/transform_data.py
[2025-12-19T03:34:23.166+0000] {processor.py:925} INFO - DAG(s) 'transform_data' retrieved from /opt/airflow/dags/transform_data.py
[2025-12-19T03:34:23.186+0000] {logging_mixin.py:190} INFO - [2025-12-19T03:34:23.185+0000] {dag.py:3239} INFO - Sync 1 DAGs
[2025-12-19T03:34:23.195+0000] {logging_mixin.py:190} INFO - [2025-12-19T03:34:23.195+0000] {dag.py:4180} INFO - Setting next_dagrun for transform_data to None, run_after=None
[2025-12-19T03:34:23.210+0000] {processor.py:208} INFO - Processing /opt/airflow/dags/transform_data.py took 0.062 seconds
[2025-12-19T03:35:09.390+0000] {processor.py:186} INFO - Started process (PID=58) to work on /opt/airflow/dags/transform_data.py
[2025-12-19T03:35:09.391+0000] {processor.py:914} INFO - Processing file /opt/airflow/dags/transform_data.py for tasks to queue
[2025-12-19T03:35:09.392+0000] {logging_mixin.py:190} INFO - [2025-12-19T03:35:09.392+0000] {dagbag.py:588} INFO - Filling up the DagBag from /opt/airflow/dags/transform_data.py
[2025-12-19T03:35:09.401+0000] {processor.py:925} INFO - DAG(s) 'transform_data' retrieved from /opt/airflow/dags/transform_data.py
[2025-12-19T03:35:09.427+0000] {logging_mixin.py:190} INFO - [2025-12-19T03:35:09.427+0000] {dag.py:3239} INFO - Sync 1 DAGs
[2025-12-19T03:35:09.435+0000] {logging_mixin.py:190} INFO - [2025-12-19T03:35:09.435+0000] {dag.py:4180} INFO - Setting next_dagrun for transform_data to None, run_after=None
[2025-12-19T03:35:09.446+0000] {processor.py:208} INFO - Processing /opt/airflow/dags/transform_data.py took 0.061 seconds
[2025-12-19T03:35:39.537+0000] {processor.py:186} INFO - Started process (PID=65) to work on /opt/airflow/dags/transform_data.py
[2025-12-19T03:35:39.538+0000] {processor.py:914} INFO - Processing file /opt/airflow/dags/transform_data.py for tasks to queue
[2025-12-19T03:35:39.539+0000] {logging_mixin.py:190} INFO - [2025-12-19T03:35:39.539+0000] {dagbag.py:588} INFO - Filling up the DagBag from /opt/airflow/dags/transform_data.py
[2025-12-19T03:35:39.544+0000] {processor.py:925} INFO - DAG(s) 'transform_data' retrieved from /opt/airflow/dags/transform_data.py
[2025-12-19T03:35:39.565+0000] {logging_mixin.py:190} INFO - [2025-12-19T03:35:39.564+0000] {dag.py:3239} INFO - Sync 1 DAGs
[2025-12-19T03:35:39.574+0000] {logging_mixin.py:190} INFO - [2025-12-19T03:35:39.574+0000] {dag.py:4180} INFO - Setting next_dagrun for transform_data to None, run_after=None
[2025-12-19T03:35:39.584+0000] {processor.py:208} INFO - Processing /opt/airflow/dags/transform_data.py took 0.053 seconds
[2025-12-19T03:36:09.714+0000] {processor.py:186} INFO - Started process (PID=72) to work on /opt/airflow/dags/transform_data.py
[2025-12-19T03:36:09.716+0000] {processor.py:914} INFO - Processing file /opt/airflow/dags/transform_data.py for tasks to queue
[2025-12-19T03:36:09.719+0000] {logging_mixin.py:190} INFO - [2025-12-19T03:36:09.718+0000] {dagbag.py:588} INFO - Filling up the DagBag from /opt/airflow/dags/transform_data.py
[2025-12-19T03:36:09.728+0000] {processor.py:925} INFO - DAG(s) 'transform_data' retrieved from /opt/airflow/dags/transform_data.py
[2025-12-19T03:36:09.756+0000] {logging_mixin.py:190} INFO - [2025-12-19T03:36:09.756+0000] {dag.py:3239} INFO - Sync 1 DAGs
[2025-12-19T03:36:09.765+0000] {logging_mixin.py:190} INFO - [2025-12-19T03:36:09.765+0000] {dag.py:4180} INFO - Setting next_dagrun for transform_data to None, run_after=None
[2025-12-19T03:36:09.775+0000] {processor.py:208} INFO - Processing /opt/airflow/dags/transform_data.py took 0.064 seconds
[2025-12-19T03:36:39.900+0000] {processor.py:186} INFO - Started process (PID=79) to work on /opt/airflow/dags/transform_data.py
[2025-12-19T03:36:39.901+0000] {processor.py:914} INFO - Processing file /opt/airflow/dags/transform_data.py for tasks to queue
[2025-12-19T03:36:39.905+0000] {logging_mixin.py:190} INFO - [2025-12-19T03:36:39.904+0000] {dagbag.py:588} INFO - Filling up the DagBag from /opt/airflow/dags/transform_data.py
[2025-12-19T03:36:39.920+0000] {processor.py:925} INFO - DAG(s) 'transform_data' retrieved from /opt/airflow/dags/transform_data.py
[2025-12-19T03:36:39.971+0000] {logging_mixin.py:190} INFO - [2025-12-19T03:36:39.971+0000] {dag.py:3239} INFO - Sync 1 DAGs
[2025-12-19T03:36:39.982+0000] {logging_mixin.py:190} INFO - [2025-12-19T03:36:39.982+0000] {dag.py:4180} INFO - Setting next_dagrun for transform_data to None, run_after=None
[2025-12-19T03:36:39.996+0000] {processor.py:208} INFO - Processing /opt/airflow/dags/transform_data.py took 0.103 seconds
[2025-12-19T03:37:10.117+0000] {processor.py:186} INFO - Started process (PID=86) to work on /opt/airflow/dags/transform_data.py
[2025-12-19T03:37:10.119+0000] {processor.py:914} INFO - Processing file /opt/airflow/dags/transform_data.py for tasks to queue
[2025-12-19T03:37:10.122+0000] {logging_mixin.py:190} INFO - [2025-12-19T03:37:10.122+0000] {dagbag.py:588} INFO - Filling up the DagBag from /opt/airflow/dags/transform_data.py
[2025-12-19T03:37:10.129+0000] {processor.py:925} INFO - DAG(s) 'transform_data' retrieved from /opt/airflow/dags/transform_data.py
[2025-12-19T03:37:10.155+0000] {logging_mixin.py:190} INFO - [2025-12-19T03:37:10.154+0000] {dag.py:3239} INFO - Sync 1 DAGs
[2025-12-19T03:37:10.163+0000] {logging_mixin.py:190} INFO - [2025-12-19T03:37:10.163+0000] {dag.py:4180} INFO - Setting next_dagrun for transform_data to None, run_after=None
[2025-12-19T03:37:10.174+0000] {processor.py:208} INFO - Processing /opt/airflow/dags/transform_data.py took 0.064 seconds
[2025-12-19T03:37:21.230+0000] {processor.py:186} INFO - Started process (PID=93) to work on /opt/airflow/dags/transform_data.py
[2025-12-19T03:37:21.232+0000] {processor.py:914} INFO - Processing file /opt/airflow/dags/transform_data.py for tasks to queue
[2025-12-19T03:37:21.234+0000] {logging_mixin.py:190} INFO - [2025-12-19T03:37:21.233+0000] {dagbag.py:588} INFO - Filling up the DagBag from /opt/airflow/dags/transform_data.py
[2025-12-19T03:37:21.239+0000] {processor.py:925} INFO - DAG(s) 'transform_data' retrieved from /opt/airflow/dags/transform_data.py
[2025-12-19T03:37:21.263+0000] {logging_mixin.py:190} INFO - [2025-12-19T03:37:21.263+0000] {dag.py:3239} INFO - Sync 1 DAGs
[2025-12-19T03:37:21.274+0000] {logging_mixin.py:190} INFO - [2025-12-19T03:37:21.274+0000] {dag.py:4180} INFO - Setting next_dagrun for transform_data to None, run_after=None
[2025-12-19T03:37:21.292+0000] {processor.py:208} INFO - Processing /opt/airflow/dags/transform_data.py took 0.066 seconds
[2025-12-19T03:37:51.402+0000] {processor.py:186} INFO - Started process (PID=100) to work on /opt/airflow/dags/transform_data.py
[2025-12-19T03:37:51.402+0000] {processor.py:914} INFO - Processing file /opt/airflow/dags/transform_data.py for tasks to queue
[2025-12-19T03:37:51.403+0000] {logging_mixin.py:190} INFO - [2025-12-19T03:37:51.403+0000] {dagbag.py:588} INFO - Filling up the DagBag from /opt/airflow/dags/transform_data.py
[2025-12-19T03:37:51.407+0000] {processor.py:925} INFO - DAG(s) 'transform_data' retrieved from /opt/airflow/dags/transform_data.py
[2025-12-19T03:37:51.425+0000] {logging_mixin.py:190} INFO - [2025-12-19T03:37:51.425+0000] {dag.py:3239} INFO - Sync 1 DAGs
[2025-12-19T03:37:51.433+0000] {logging_mixin.py:190} INFO - [2025-12-19T03:37:51.433+0000] {dag.py:4180} INFO - Setting next_dagrun for transform_data to None, run_after=None
[2025-12-19T03:37:51.443+0000] {processor.py:208} INFO - Processing /opt/airflow/dags/transform_data.py took 0.045 seconds
[2025-12-19T03:38:32.022+0000] {processor.py:186} INFO - Started process (PID=58) to work on /opt/airflow/dags/transform_data.py
[2025-12-19T03:38:32.027+0000] {processor.py:914} INFO - Processing file /opt/airflow/dags/transform_data.py for tasks to queue
[2025-12-19T03:38:32.029+0000] {logging_mixin.py:190} INFO - [2025-12-19T03:38:32.029+0000] {dagbag.py:588} INFO - Filling up the DagBag from /opt/airflow/dags/transform_data.py
[2025-12-19T03:38:32.043+0000] {processor.py:925} INFO - DAG(s) 'transform_data' retrieved from /opt/airflow/dags/transform_data.py
[2025-12-19T03:38:32.084+0000] {logging_mixin.py:190} INFO - [2025-12-19T03:38:32.084+0000] {dag.py:3239} INFO - Sync 1 DAGs
[2025-12-19T03:38:32.099+0000] {logging_mixin.py:190} INFO - [2025-12-19T03:38:32.098+0000] {dag.py:4180} INFO - Setting next_dagrun for transform_data to None, run_after=None
[2025-12-19T03:38:32.118+0000] {processor.py:208} INFO - Processing /opt/airflow/dags/transform_data.py took 0.102 seconds
[2025-12-19T03:39:02.200+0000] {processor.py:186} INFO - Started process (PID=65) to work on /opt/airflow/dags/transform_data.py
[2025-12-19T03:39:02.201+0000] {processor.py:914} INFO - Processing file /opt/airflow/dags/transform_data.py for tasks to queue
[2025-12-19T03:39:02.203+0000] {logging_mixin.py:190} INFO - [2025-12-19T03:39:02.202+0000] {dagbag.py:588} INFO - Filling up the DagBag from /opt/airflow/dags/transform_data.py
[2025-12-19T03:39:02.208+0000] {processor.py:925} INFO - DAG(s) 'transform_data' retrieved from /opt/airflow/dags/transform_data.py
[2025-12-19T03:39:02.231+0000] {logging_mixin.py:190} INFO - [2025-12-19T03:39:02.230+0000] {dag.py:3239} INFO - Sync 1 DAGs
[2025-12-19T03:39:02.244+0000] {logging_mixin.py:190} INFO - [2025-12-19T03:39:02.243+0000] {dag.py:4180} INFO - Setting next_dagrun for transform_data to None, run_after=None
[2025-12-19T03:39:02.259+0000] {processor.py:208} INFO - Processing /opt/airflow/dags/transform_data.py took 0.065 seconds
[2025-12-19T03:39:32.361+0000] {processor.py:186} INFO - Started process (PID=71) to work on /opt/airflow/dags/transform_data.py
[2025-12-19T03:39:32.363+0000] {processor.py:914} INFO - Processing file /opt/airflow/dags/transform_data.py for tasks to queue
[2025-12-19T03:39:32.364+0000] {logging_mixin.py:190} INFO - [2025-12-19T03:39:32.364+0000] {dagbag.py:588} INFO - Filling up the DagBag from /opt/airflow/dags/transform_data.py
[2025-12-19T03:39:32.368+0000] {processor.py:925} INFO - DAG(s) 'transform_data' retrieved from /opt/airflow/dags/transform_data.py
[2025-12-19T03:39:32.396+0000] {logging_mixin.py:190} INFO - [2025-12-19T03:39:32.395+0000] {dag.py:3239} INFO - Sync 1 DAGs
[2025-12-19T03:39:32.408+0000] {logging_mixin.py:190} INFO - [2025-12-19T03:39:32.408+0000] {dag.py:4180} INFO - Setting next_dagrun for transform_data to None, run_after=None
[2025-12-19T03:39:32.420+0000] {processor.py:208} INFO - Processing /opt/airflow/dags/transform_data.py took 0.065 seconds
[2025-12-19T03:40:02.562+0000] {processor.py:186} INFO - Started process (PID=77) to work on /opt/airflow/dags/transform_data.py
[2025-12-19T03:40:02.565+0000] {processor.py:914} INFO - Processing file /opt/airflow/dags/transform_data.py for tasks to queue
[2025-12-19T03:40:02.568+0000] {logging_mixin.py:190} INFO - [2025-12-19T03:40:02.567+0000] {dagbag.py:588} INFO - Filling up the DagBag from /opt/airflow/dags/transform_data.py
[2025-12-19T03:40:02.576+0000] {processor.py:925} INFO - DAG(s) 'transform_data' retrieved from /opt/airflow/dags/transform_data.py
[2025-12-19T03:40:02.603+0000] {logging_mixin.py:190} INFO - [2025-12-19T03:40:02.603+0000] {dag.py:3239} INFO - Sync 1 DAGs
[2025-12-19T03:40:02.614+0000] {logging_mixin.py:190} INFO - [2025-12-19T03:40:02.614+0000] {dag.py:4180} INFO - Setting next_dagrun for transform_data to None, run_after=None
[2025-12-19T03:40:02.626+0000] {processor.py:208} INFO - Processing /opt/airflow/dags/transform_data.py took 0.072 seconds
[2025-12-19T03:40:32.755+0000] {processor.py:186} INFO - Started process (PID=84) to work on /opt/airflow/dags/transform_data.py
[2025-12-19T03:40:32.758+0000] {processor.py:914} INFO - Processing file /opt/airflow/dags/transform_data.py for tasks to queue
[2025-12-19T03:40:32.760+0000] {logging_mixin.py:190} INFO - [2025-12-19T03:40:32.759+0000] {dagbag.py:588} INFO - Filling up the DagBag from /opt/airflow/dags/transform_data.py
[2025-12-19T03:40:32.766+0000] {processor.py:925} INFO - DAG(s) 'transform_data' retrieved from /opt/airflow/dags/transform_data.py
[2025-12-19T03:40:32.789+0000] {logging_mixin.py:190} INFO - [2025-12-19T03:40:32.789+0000] {dag.py:3239} INFO - Sync 1 DAGs
[2025-12-19T03:40:32.801+0000] {logging_mixin.py:190} INFO - [2025-12-19T03:40:32.800+0000] {dag.py:4180} INFO - Setting next_dagrun for transform_data to None, run_after=None
[2025-12-19T03:40:32.815+0000] {processor.py:208} INFO - Processing /opt/airflow/dags/transform_data.py took 0.065 seconds
[2025-12-19T03:41:02.974+0000] {processor.py:186} INFO - Started process (PID=91) to work on /opt/airflow/dags/transform_data.py
[2025-12-19T03:41:02.975+0000] {processor.py:914} INFO - Processing file /opt/airflow/dags/transform_data.py for tasks to queue
[2025-12-19T03:41:02.977+0000] {logging_mixin.py:190} INFO - [2025-12-19T03:41:02.976+0000] {dagbag.py:588} INFO - Filling up the DagBag from /opt/airflow/dags/transform_data.py
[2025-12-19T03:41:02.982+0000] {processor.py:925} INFO - DAG(s) 'transform_data' retrieved from /opt/airflow/dags/transform_data.py
[2025-12-19T03:41:03.004+0000] {logging_mixin.py:190} INFO - [2025-12-19T03:41:03.003+0000] {dag.py:3239} INFO - Sync 1 DAGs
[2025-12-19T03:41:03.014+0000] {logging_mixin.py:190} INFO - [2025-12-19T03:41:03.013+0000] {dag.py:4180} INFO - Setting next_dagrun for transform_data to None, run_after=None
[2025-12-19T03:41:03.033+0000] {processor.py:208} INFO - Processing /opt/airflow/dags/transform_data.py took 0.063 seconds
[2025-12-19T03:41:16.050+0000] {processor.py:186} INFO - Started process (PID=98) to work on /opt/airflow/dags/transform_data.py
[2025-12-19T03:41:16.053+0000] {processor.py:914} INFO - Processing file /opt/airflow/dags/transform_data.py for tasks to queue
[2025-12-19T03:41:16.055+0000] {logging_mixin.py:190} INFO - [2025-12-19T03:41:16.055+0000] {dagbag.py:588} INFO - Filling up the DagBag from /opt/airflow/dags/transform_data.py
[2025-12-19T03:41:16.062+0000] {processor.py:925} INFO - DAG(s) 'transform_data' retrieved from /opt/airflow/dags/transform_data.py
[2025-12-19T03:41:16.085+0000] {logging_mixin.py:190} INFO - [2025-12-19T03:41:16.085+0000] {dag.py:3239} INFO - Sync 1 DAGs
[2025-12-19T03:41:16.094+0000] {logging_mixin.py:190} INFO - [2025-12-19T03:41:16.094+0000] {dag.py:4180} INFO - Setting next_dagrun for transform_data to None, run_after=None
[2025-12-19T03:41:16.107+0000] {processor.py:208} INFO - Processing /opt/airflow/dags/transform_data.py took 0.062 seconds
[2025-12-19T03:41:56.764+0000] {processor.py:186} INFO - Started process (PID=57) to work on /opt/airflow/dags/transform_data.py
[2025-12-19T03:41:56.765+0000] {processor.py:914} INFO - Processing file /opt/airflow/dags/transform_data.py for tasks to queue
[2025-12-19T03:41:56.766+0000] {logging_mixin.py:190} INFO - [2025-12-19T03:41:56.766+0000] {dagbag.py:588} INFO - Filling up the DagBag from /opt/airflow/dags/transform_data.py
[2025-12-19T03:41:56.776+0000] {processor.py:925} INFO - DAG(s) 'transform_data' retrieved from /opt/airflow/dags/transform_data.py
[2025-12-19T03:41:56.805+0000] {logging_mixin.py:190} INFO - [2025-12-19T03:41:56.805+0000] {dag.py:3239} INFO - Sync 1 DAGs
[2025-12-19T03:41:56.815+0000] {logging_mixin.py:190} INFO - [2025-12-19T03:41:56.815+0000] {dag.py:4180} INFO - Setting next_dagrun for transform_data to None, run_after=None
[2025-12-19T03:41:56.832+0000] {processor.py:208} INFO - Processing /opt/airflow/dags/transform_data.py took 0.071 seconds
[2025-12-19T03:42:26.920+0000] {processor.py:186} INFO - Started process (PID=64) to work on /opt/airflow/dags/transform_data.py
[2025-12-19T03:42:26.921+0000] {processor.py:914} INFO - Processing file /opt/airflow/dags/transform_data.py for tasks to queue
[2025-12-19T03:42:26.922+0000] {logging_mixin.py:190} INFO - [2025-12-19T03:42:26.922+0000] {dagbag.py:588} INFO - Filling up the DagBag from /opt/airflow/dags/transform_data.py
[2025-12-19T03:42:26.927+0000] {processor.py:925} INFO - DAG(s) 'transform_data' retrieved from /opt/airflow/dags/transform_data.py
[2025-12-19T03:42:26.947+0000] {logging_mixin.py:190} INFO - [2025-12-19T03:42:26.947+0000] {dag.py:3239} INFO - Sync 1 DAGs
[2025-12-19T03:42:26.957+0000] {logging_mixin.py:190} INFO - [2025-12-19T03:42:26.957+0000] {dag.py:4180} INFO - Setting next_dagrun for transform_data to None, run_after=None
[2025-12-19T03:42:26.968+0000] {processor.py:208} INFO - Processing /opt/airflow/dags/transform_data.py took 0.054 seconds
[2025-12-19T03:42:57.099+0000] {processor.py:186} INFO - Started process (PID=70) to work on /opt/airflow/dags/transform_data.py
[2025-12-19T03:42:57.101+0000] {processor.py:914} INFO - Processing file /opt/airflow/dags/transform_data.py for tasks to queue
[2025-12-19T03:42:57.103+0000] {logging_mixin.py:190} INFO - [2025-12-19T03:42:57.102+0000] {dagbag.py:588} INFO - Filling up the DagBag from /opt/airflow/dags/transform_data.py
[2025-12-19T03:42:57.107+0000] {processor.py:925} INFO - DAG(s) 'transform_data' retrieved from /opt/airflow/dags/transform_data.py
[2025-12-19T03:42:57.133+0000] {logging_mixin.py:190} INFO - [2025-12-19T03:42:57.133+0000] {dag.py:3239} INFO - Sync 1 DAGs
[2025-12-19T03:42:57.145+0000] {logging_mixin.py:190} INFO - [2025-12-19T03:42:57.144+0000] {dag.py:4180} INFO - Setting next_dagrun for transform_data to None, run_after=None
[2025-12-19T03:42:57.161+0000] {processor.py:208} INFO - Processing /opt/airflow/dags/transform_data.py took 0.066 seconds
[2025-12-19T03:43:27.248+0000] {processor.py:186} INFO - Started process (PID=77) to work on /opt/airflow/dags/transform_data.py
[2025-12-19T03:43:27.251+0000] {processor.py:914} INFO - Processing file /opt/airflow/dags/transform_data.py for tasks to queue
[2025-12-19T03:43:27.253+0000] {logging_mixin.py:190} INFO - [2025-12-19T03:43:27.253+0000] {dagbag.py:588} INFO - Filling up the DagBag from /opt/airflow/dags/transform_data.py
[2025-12-19T03:43:27.259+0000] {processor.py:925} INFO - DAG(s) 'transform_data' retrieved from /opt/airflow/dags/transform_data.py
[2025-12-19T03:43:27.276+0000] {logging_mixin.py:190} INFO - [2025-12-19T03:43:27.275+0000] {dag.py:3239} INFO - Sync 1 DAGs
[2025-12-19T03:43:27.284+0000] {logging_mixin.py:190} INFO - [2025-12-19T03:43:27.284+0000] {dag.py:4180} INFO - Setting next_dagrun for transform_data to None, run_after=None
[2025-12-19T03:43:27.294+0000] {processor.py:208} INFO - Processing /opt/airflow/dags/transform_data.py took 0.052 seconds
[2025-12-19T03:43:57.474+0000] {processor.py:186} INFO - Started process (PID=85) to work on /opt/airflow/dags/transform_data.py
[2025-12-19T03:43:57.475+0000] {processor.py:914} INFO - Processing file /opt/airflow/dags/transform_data.py for tasks to queue
[2025-12-19T03:43:57.477+0000] {logging_mixin.py:190} INFO - [2025-12-19T03:43:57.476+0000] {dagbag.py:588} INFO - Filling up the DagBag from /opt/airflow/dags/transform_data.py
[2025-12-19T03:43:57.484+0000] {processor.py:925} INFO - DAG(s) 'transform_data' retrieved from /opt/airflow/dags/transform_data.py
[2025-12-19T03:43:57.513+0000] {logging_mixin.py:190} INFO - [2025-12-19T03:43:57.513+0000] {dag.py:3239} INFO - Sync 1 DAGs
[2025-12-19T03:43:57.522+0000] {logging_mixin.py:190} INFO - [2025-12-19T03:43:57.522+0000] {dag.py:4180} INFO - Setting next_dagrun for transform_data to None, run_after=None
[2025-12-19T03:43:57.533+0000] {processor.py:208} INFO - Processing /opt/airflow/dags/transform_data.py took 0.062 seconds
[2025-12-19T03:44:27.633+0000] {processor.py:186} INFO - Started process (PID=92) to work on /opt/airflow/dags/transform_data.py
[2025-12-19T03:44:27.634+0000] {processor.py:914} INFO - Processing file /opt/airflow/dags/transform_data.py for tasks to queue
[2025-12-19T03:44:27.635+0000] {logging_mixin.py:190} INFO - [2025-12-19T03:44:27.635+0000] {dagbag.py:588} INFO - Filling up the DagBag from /opt/airflow/dags/transform_data.py
[2025-12-19T03:44:27.639+0000] {processor.py:925} INFO - DAG(s) 'transform_data' retrieved from /opt/airflow/dags/transform_data.py
[2025-12-19T03:44:27.654+0000] {logging_mixin.py:190} INFO - [2025-12-19T03:44:27.654+0000] {dag.py:3239} INFO - Sync 1 DAGs
[2025-12-19T03:44:27.663+0000] {logging_mixin.py:190} INFO - [2025-12-19T03:44:27.662+0000] {dag.py:4180} INFO - Setting next_dagrun for transform_data to None, run_after=None
[2025-12-19T03:44:27.672+0000] {processor.py:208} INFO - Processing /opt/airflow/dags/transform_data.py took 0.043 seconds
[2025-12-19T03:44:57.854+0000] {processor.py:186} INFO - Started process (PID=99) to work on /opt/airflow/dags/transform_data.py
[2025-12-19T03:44:57.854+0000] {processor.py:914} INFO - Processing file /opt/airflow/dags/transform_data.py for tasks to queue
[2025-12-19T03:44:57.856+0000] {logging_mixin.py:190} INFO - [2025-12-19T03:44:57.856+0000] {dagbag.py:588} INFO - Filling up the DagBag from /opt/airflow/dags/transform_data.py
[2025-12-19T03:44:57.862+0000] {processor.py:925} INFO - DAG(s) 'transform_data' retrieved from /opt/airflow/dags/transform_data.py
[2025-12-19T03:44:57.885+0000] {logging_mixin.py:190} INFO - [2025-12-19T03:44:57.885+0000] {dag.py:3239} INFO - Sync 1 DAGs
[2025-12-19T03:44:57.894+0000] {logging_mixin.py:190} INFO - [2025-12-19T03:44:57.894+0000] {dag.py:4180} INFO - Setting next_dagrun for transform_data to None, run_after=None
[2025-12-19T03:44:57.905+0000] {processor.py:208} INFO - Processing /opt/airflow/dags/transform_data.py took 0.057 seconds
[2025-12-19T03:45:28.030+0000] {processor.py:186} INFO - Started process (PID=106) to work on /opt/airflow/dags/transform_data.py
[2025-12-19T03:45:28.031+0000] {processor.py:914} INFO - Processing file /opt/airflow/dags/transform_data.py for tasks to queue
[2025-12-19T03:45:28.034+0000] {logging_mixin.py:190} INFO - [2025-12-19T03:45:28.034+0000] {dagbag.py:588} INFO - Filling up the DagBag from /opt/airflow/dags/transform_data.py
[2025-12-19T03:45:28.040+0000] {processor.py:925} INFO - DAG(s) 'transform_data' retrieved from /opt/airflow/dags/transform_data.py
[2025-12-19T03:45:28.068+0000] {logging_mixin.py:190} INFO - [2025-12-19T03:45:28.068+0000] {dag.py:3239} INFO - Sync 1 DAGs
[2025-12-19T03:45:28.076+0000] {logging_mixin.py:190} INFO - [2025-12-19T03:45:28.076+0000] {dag.py:4180} INFO - Setting next_dagrun for transform_data to None, run_after=None
[2025-12-19T03:45:28.086+0000] {processor.py:208} INFO - Processing /opt/airflow/dags/transform_data.py took 0.064 seconds
[2025-12-19T03:45:58.212+0000] {processor.py:186} INFO - Started process (PID=113) to work on /opt/airflow/dags/transform_data.py
[2025-12-19T03:45:58.212+0000] {processor.py:914} INFO - Processing file /opt/airflow/dags/transform_data.py for tasks to queue
[2025-12-19T03:45:58.214+0000] {logging_mixin.py:190} INFO - [2025-12-19T03:45:58.213+0000] {dagbag.py:588} INFO - Filling up the DagBag from /opt/airflow/dags/transform_data.py
[2025-12-19T03:45:58.217+0000] {processor.py:925} INFO - DAG(s) 'transform_data' retrieved from /opt/airflow/dags/transform_data.py
[2025-12-19T03:45:58.239+0000] {logging_mixin.py:190} INFO - [2025-12-19T03:45:58.239+0000] {dag.py:3239} INFO - Sync 1 DAGs
[2025-12-19T03:45:58.247+0000] {logging_mixin.py:190} INFO - [2025-12-19T03:45:58.247+0000] {dag.py:4180} INFO - Setting next_dagrun for transform_data to None, run_after=None
[2025-12-19T03:45:58.257+0000] {processor.py:208} INFO - Processing /opt/airflow/dags/transform_data.py took 0.052 seconds
[2025-12-19T03:46:28.448+0000] {processor.py:186} INFO - Started process (PID=120) to work on /opt/airflow/dags/transform_data.py
[2025-12-19T03:46:28.450+0000] {processor.py:914} INFO - Processing file /opt/airflow/dags/transform_data.py for tasks to queue
[2025-12-19T03:46:28.453+0000] {logging_mixin.py:190} INFO - [2025-12-19T03:46:28.453+0000] {dagbag.py:588} INFO - Filling up the DagBag from /opt/airflow/dags/transform_data.py
[2025-12-19T03:46:28.463+0000] {processor.py:925} INFO - DAG(s) 'transform_data' retrieved from /opt/airflow/dags/transform_data.py
[2025-12-19T03:46:28.498+0000] {logging_mixin.py:190} INFO - [2025-12-19T03:46:28.498+0000] {dag.py:3239} INFO - Sync 1 DAGs
[2025-12-19T03:46:28.516+0000] {logging_mixin.py:190} INFO - [2025-12-19T03:46:28.516+0000] {dag.py:4180} INFO - Setting next_dagrun for transform_data to None, run_after=None
[2025-12-19T03:46:28.534+0000] {processor.py:208} INFO - Processing /opt/airflow/dags/transform_data.py took 0.092 seconds
[2025-12-19T03:46:58.618+0000] {processor.py:186} INFO - Started process (PID=127) to work on /opt/airflow/dags/transform_data.py
[2025-12-19T03:46:58.620+0000] {processor.py:914} INFO - Processing file /opt/airflow/dags/transform_data.py for tasks to queue
[2025-12-19T03:46:58.622+0000] {logging_mixin.py:190} INFO - [2025-12-19T03:46:58.622+0000] {dagbag.py:588} INFO - Filling up the DagBag from /opt/airflow/dags/transform_data.py
[2025-12-19T03:46:58.626+0000] {processor.py:925} INFO - DAG(s) 'transform_data' retrieved from /opt/airflow/dags/transform_data.py
[2025-12-19T03:46:58.642+0000] {logging_mixin.py:190} INFO - [2025-12-19T03:46:58.642+0000] {dag.py:3239} INFO - Sync 1 DAGs
[2025-12-19T03:46:58.651+0000] {logging_mixin.py:190} INFO - [2025-12-19T03:46:58.651+0000] {dag.py:4180} INFO - Setting next_dagrun for transform_data to None, run_after=None
[2025-12-19T03:46:58.661+0000] {processor.py:208} INFO - Processing /opt/airflow/dags/transform_data.py took 0.049 seconds
[2025-12-19T03:47:28.792+0000] {processor.py:186} INFO - Started process (PID=134) to work on /opt/airflow/dags/transform_data.py
[2025-12-19T03:47:28.793+0000] {processor.py:914} INFO - Processing file /opt/airflow/dags/transform_data.py for tasks to queue
[2025-12-19T03:47:28.794+0000] {logging_mixin.py:190} INFO - [2025-12-19T03:47:28.794+0000] {dagbag.py:588} INFO - Filling up the DagBag from /opt/airflow/dags/transform_data.py
[2025-12-19T03:47:28.799+0000] {processor.py:925} INFO - DAG(s) 'transform_data' retrieved from /opt/airflow/dags/transform_data.py
[2025-12-19T03:47:28.817+0000] {logging_mixin.py:190} INFO - [2025-12-19T03:47:28.817+0000] {dag.py:3239} INFO - Sync 1 DAGs
[2025-12-19T03:47:28.826+0000] {logging_mixin.py:190} INFO - [2025-12-19T03:47:28.826+0000] {dag.py:4180} INFO - Setting next_dagrun for transform_data to None, run_after=None
[2025-12-19T03:47:28.839+0000] {processor.py:208} INFO - Processing /opt/airflow/dags/transform_data.py took 0.050 seconds
[2025-12-19T03:47:59.012+0000] {processor.py:186} INFO - Started process (PID=141) to work on /opt/airflow/dags/transform_data.py
[2025-12-19T03:47:59.015+0000] {processor.py:914} INFO - Processing file /opt/airflow/dags/transform_data.py for tasks to queue
[2025-12-19T03:47:59.017+0000] {logging_mixin.py:190} INFO - [2025-12-19T03:47:59.017+0000] {dagbag.py:588} INFO - Filling up the DagBag from /opt/airflow/dags/transform_data.py
[2025-12-19T03:47:59.023+0000] {processor.py:925} INFO - DAG(s) 'transform_data' retrieved from /opt/airflow/dags/transform_data.py
[2025-12-19T03:47:59.054+0000] {logging_mixin.py:190} INFO - [2025-12-19T03:47:59.053+0000] {dag.py:3239} INFO - Sync 1 DAGs
[2025-12-19T03:47:59.067+0000] {logging_mixin.py:190} INFO - [2025-12-19T03:47:59.067+0000] {dag.py:4180} INFO - Setting next_dagrun for transform_data to None, run_after=None
[2025-12-19T03:47:59.084+0000] {processor.py:208} INFO - Processing /opt/airflow/dags/transform_data.py took 0.079 seconds
[2025-12-19T03:48:29.228+0000] {processor.py:186} INFO - Started process (PID=148) to work on /opt/airflow/dags/transform_data.py
[2025-12-19T03:48:29.230+0000] {processor.py:914} INFO - Processing file /opt/airflow/dags/transform_data.py for tasks to queue
[2025-12-19T03:48:29.235+0000] {logging_mixin.py:190} INFO - [2025-12-19T03:48:29.234+0000] {dagbag.py:588} INFO - Filling up the DagBag from /opt/airflow/dags/transform_data.py
[2025-12-19T03:48:29.242+0000] {processor.py:925} INFO - DAG(s) 'transform_data' retrieved from /opt/airflow/dags/transform_data.py
[2025-12-19T03:48:29.269+0000] {logging_mixin.py:190} INFO - [2025-12-19T03:48:29.269+0000] {dag.py:3239} INFO - Sync 1 DAGs
[2025-12-19T03:48:29.278+0000] {logging_mixin.py:190} INFO - [2025-12-19T03:48:29.278+0000] {dag.py:4180} INFO - Setting next_dagrun for transform_data to None, run_after=None
[2025-12-19T03:48:29.292+0000] {processor.py:208} INFO - Processing /opt/airflow/dags/transform_data.py took 0.073 seconds
[2025-12-19T03:48:59.422+0000] {processor.py:186} INFO - Started process (PID=155) to work on /opt/airflow/dags/transform_data.py
[2025-12-19T03:48:59.424+0000] {processor.py:914} INFO - Processing file /opt/airflow/dags/transform_data.py for tasks to queue
[2025-12-19T03:48:59.425+0000] {logging_mixin.py:190} INFO - [2025-12-19T03:48:59.425+0000] {dagbag.py:588} INFO - Filling up the DagBag from /opt/airflow/dags/transform_data.py
[2025-12-19T03:48:59.430+0000] {processor.py:925} INFO - DAG(s) 'transform_data' retrieved from /opt/airflow/dags/transform_data.py
[2025-12-19T03:48:59.451+0000] {logging_mixin.py:190} INFO - [2025-12-19T03:48:59.451+0000] {dag.py:3239} INFO - Sync 1 DAGs
[2025-12-19T03:48:59.459+0000] {logging_mixin.py:190} INFO - [2025-12-19T03:48:59.459+0000] {dag.py:4180} INFO - Setting next_dagrun for transform_data to None, run_after=None
[2025-12-19T03:48:59.469+0000] {processor.py:208} INFO - Processing /opt/airflow/dags/transform_data.py took 0.052 seconds
[2025-12-19T03:49:29.627+0000] {processor.py:186} INFO - Started process (PID=162) to work on /opt/airflow/dags/transform_data.py
[2025-12-19T03:49:29.629+0000] {processor.py:914} INFO - Processing file /opt/airflow/dags/transform_data.py for tasks to queue
[2025-12-19T03:49:29.633+0000] {logging_mixin.py:190} INFO - [2025-12-19T03:49:29.632+0000] {dagbag.py:588} INFO - Filling up the DagBag from /opt/airflow/dags/transform_data.py
[2025-12-19T03:49:29.637+0000] {processor.py:925} INFO - DAG(s) 'transform_data' retrieved from /opt/airflow/dags/transform_data.py
[2025-12-19T03:49:29.657+0000] {logging_mixin.py:190} INFO - [2025-12-19T03:49:29.657+0000] {dag.py:3239} INFO - Sync 1 DAGs
[2025-12-19T03:49:29.665+0000] {logging_mixin.py:190} INFO - [2025-12-19T03:49:29.665+0000] {dag.py:4180} INFO - Setting next_dagrun for transform_data to None, run_after=None
[2025-12-19T03:49:29.675+0000] {processor.py:208} INFO - Processing /opt/airflow/dags/transform_data.py took 0.057 seconds
[2025-12-19T04:24:25.627+0000] {processor.py:186} INFO - Started process (PID=81) to work on /opt/airflow/dags/transform_data.py
[2025-12-19T04:24:25.629+0000] {processor.py:914} INFO - Processing file /opt/airflow/dags/transform_data.py for tasks to queue
[2025-12-19T04:24:25.633+0000] {logging_mixin.py:190} INFO - [2025-12-19T04:24:25.632+0000] {dagbag.py:588} INFO - Filling up the DagBag from /opt/airflow/dags/transform_data.py
[2025-12-19T04:24:25.661+0000] {processor.py:925} INFO - DAG(s) 'transform_data' retrieved from /opt/airflow/dags/transform_data.py
[2025-12-19T04:24:25.740+0000] {logging_mixin.py:190} INFO - [2025-12-19T04:24:25.740+0000] {dag.py:3239} INFO - Sync 1 DAGs
[2025-12-19T04:24:25.773+0000] {logging_mixin.py:190} INFO - [2025-12-19T04:24:25.773+0000] {dag.py:4180} INFO - Setting next_dagrun for transform_data to None, run_after=None
[2025-12-19T04:24:25.815+0000] {processor.py:208} INFO - Processing /opt/airflow/dags/transform_data.py took 0.199 seconds
[2025-12-19T04:24:55.923+0000] {processor.py:186} INFO - Started process (PID=88) to work on /opt/airflow/dags/transform_data.py
[2025-12-19T04:24:55.926+0000] {processor.py:914} INFO - Processing file /opt/airflow/dags/transform_data.py for tasks to queue
[2025-12-19T04:24:55.931+0000] {logging_mixin.py:190} INFO - [2025-12-19T04:24:55.931+0000] {dagbag.py:588} INFO - Filling up the DagBag from /opt/airflow/dags/transform_data.py
[2025-12-19T04:24:55.947+0000] {processor.py:925} INFO - DAG(s) 'transform_data' retrieved from /opt/airflow/dags/transform_data.py
[2025-12-19T04:24:56.010+0000] {logging_mixin.py:190} INFO - [2025-12-19T04:24:56.009+0000] {dag.py:3239} INFO - Sync 1 DAGs
[2025-12-19T04:24:56.053+0000] {logging_mixin.py:190} INFO - [2025-12-19T04:24:56.052+0000] {dag.py:4180} INFO - Setting next_dagrun for transform_data to None, run_after=None
[2025-12-19T04:24:56.105+0000] {processor.py:208} INFO - Processing /opt/airflow/dags/transform_data.py took 0.194 seconds
[2025-12-19T04:25:26.347+0000] {processor.py:186} INFO - Started process (PID=95) to work on /opt/airflow/dags/transform_data.py
[2025-12-19T04:25:26.350+0000] {processor.py:914} INFO - Processing file /opt/airflow/dags/transform_data.py for tasks to queue
[2025-12-19T04:25:26.354+0000] {logging_mixin.py:190} INFO - [2025-12-19T04:25:26.353+0000] {dagbag.py:588} INFO - Filling up the DagBag from /opt/airflow/dags/transform_data.py
[2025-12-19T04:25:26.364+0000] {processor.py:925} INFO - DAG(s) 'transform_data' retrieved from /opt/airflow/dags/transform_data.py
[2025-12-19T04:25:26.399+0000] {logging_mixin.py:190} INFO - [2025-12-19T04:25:26.399+0000] {dag.py:3239} INFO - Sync 1 DAGs
[2025-12-19T04:25:26.418+0000] {logging_mixin.py:190} INFO - [2025-12-19T04:25:26.418+0000] {dag.py:4180} INFO - Setting next_dagrun for transform_data to None, run_after=None
[2025-12-19T04:25:26.442+0000] {processor.py:208} INFO - Processing /opt/airflow/dags/transform_data.py took 0.104 seconds
[2025-12-19T04:25:56.619+0000] {processor.py:186} INFO - Started process (PID=102) to work on /opt/airflow/dags/transform_data.py
[2025-12-19T04:25:56.623+0000] {processor.py:914} INFO - Processing file /opt/airflow/dags/transform_data.py for tasks to queue
[2025-12-19T04:25:56.627+0000] {logging_mixin.py:190} INFO - [2025-12-19T04:25:56.626+0000] {dagbag.py:588} INFO - Filling up the DagBag from /opt/airflow/dags/transform_data.py
[2025-12-19T04:25:56.640+0000] {processor.py:925} INFO - DAG(s) 'transform_data' retrieved from /opt/airflow/dags/transform_data.py
[2025-12-19T04:25:56.692+0000] {logging_mixin.py:190} INFO - [2025-12-19T04:25:56.691+0000] {dag.py:3239} INFO - Sync 1 DAGs
[2025-12-19T04:25:56.729+0000] {logging_mixin.py:190} INFO - [2025-12-19T04:25:56.728+0000] {dag.py:4180} INFO - Setting next_dagrun for transform_data to None, run_after=None
[2025-12-19T04:25:56.767+0000] {processor.py:208} INFO - Processing /opt/airflow/dags/transform_data.py took 0.161 seconds
[2025-12-19T04:26:26.936+0000] {processor.py:186} INFO - Started process (PID=109) to work on /opt/airflow/dags/transform_data.py
[2025-12-19T04:26:26.940+0000] {processor.py:914} INFO - Processing file /opt/airflow/dags/transform_data.py for tasks to queue
[2025-12-19T04:26:26.946+0000] {logging_mixin.py:190} INFO - [2025-12-19T04:26:26.945+0000] {dagbag.py:588} INFO - Filling up the DagBag from /opt/airflow/dags/transform_data.py
[2025-12-19T04:26:26.965+0000] {processor.py:925} INFO - DAG(s) 'transform_data' retrieved from /opt/airflow/dags/transform_data.py
[2025-12-19T04:26:27.035+0000] {logging_mixin.py:190} INFO - [2025-12-19T04:26:27.034+0000] {dag.py:3239} INFO - Sync 1 DAGs
[2025-12-19T04:26:27.073+0000] {logging_mixin.py:190} INFO - [2025-12-19T04:26:27.072+0000] {dag.py:4180} INFO - Setting next_dagrun for transform_data to None, run_after=None
[2025-12-19T04:26:27.120+0000] {processor.py:208} INFO - Processing /opt/airflow/dags/transform_data.py took 0.200 seconds
[2025-12-19T04:26:57.218+0000] {processor.py:186} INFO - Started process (PID=116) to work on /opt/airflow/dags/transform_data.py
[2025-12-19T04:26:57.221+0000] {processor.py:914} INFO - Processing file /opt/airflow/dags/transform_data.py for tasks to queue
[2025-12-19T04:26:57.224+0000] {logging_mixin.py:190} INFO - [2025-12-19T04:26:57.223+0000] {dagbag.py:588} INFO - Filling up the DagBag from /opt/airflow/dags/transform_data.py
[2025-12-19T04:26:57.234+0000] {processor.py:925} INFO - DAG(s) 'transform_data' retrieved from /opt/airflow/dags/transform_data.py
[2025-12-19T04:26:57.273+0000] {logging_mixin.py:190} INFO - [2025-12-19T04:26:57.273+0000] {dag.py:3239} INFO - Sync 1 DAGs
[2025-12-19T04:26:57.293+0000] {logging_mixin.py:190} INFO - [2025-12-19T04:26:57.293+0000] {dag.py:4180} INFO - Setting next_dagrun for transform_data to None, run_after=None
[2025-12-19T04:26:57.317+0000] {processor.py:208} INFO - Processing /opt/airflow/dags/transform_data.py took 0.108 seconds
[2025-12-19T04:27:27.493+0000] {processor.py:186} INFO - Started process (PID=123) to work on /opt/airflow/dags/transform_data.py
[2025-12-19T04:27:27.494+0000] {processor.py:914} INFO - Processing file /opt/airflow/dags/transform_data.py for tasks to queue
[2025-12-19T04:27:27.498+0000] {logging_mixin.py:190} INFO - [2025-12-19T04:27:27.498+0000] {dagbag.py:588} INFO - Filling up the DagBag from /opt/airflow/dags/transform_data.py
[2025-12-19T04:27:27.512+0000] {processor.py:925} INFO - DAG(s) 'transform_data' retrieved from /opt/airflow/dags/transform_data.py
[2025-12-19T04:27:27.572+0000] {logging_mixin.py:190} INFO - [2025-12-19T04:27:27.571+0000] {dag.py:3239} INFO - Sync 1 DAGs
[2025-12-19T04:27:27.597+0000] {logging_mixin.py:190} INFO - [2025-12-19T04:27:27.596+0000] {dag.py:4180} INFO - Setting next_dagrun for transform_data to None, run_after=None
[2025-12-19T04:27:27.626+0000] {processor.py:208} INFO - Processing /opt/airflow/dags/transform_data.py took 0.144 seconds
[2025-12-19T04:27:57.811+0000] {processor.py:186} INFO - Started process (PID=130) to work on /opt/airflow/dags/transform_data.py
[2025-12-19T04:27:57.814+0000] {processor.py:914} INFO - Processing file /opt/airflow/dags/transform_data.py for tasks to queue
[2025-12-19T04:27:57.819+0000] {logging_mixin.py:190} INFO - [2025-12-19T04:27:57.818+0000] {dagbag.py:588} INFO - Filling up the DagBag from /opt/airflow/dags/transform_data.py
[2025-12-19T04:27:57.832+0000] {processor.py:925} INFO - DAG(s) 'transform_data' retrieved from /opt/airflow/dags/transform_data.py
[2025-12-19T04:27:57.879+0000] {logging_mixin.py:190} INFO - [2025-12-19T04:27:57.878+0000] {dag.py:3239} INFO - Sync 1 DAGs
[2025-12-19T04:27:57.902+0000] {logging_mixin.py:190} INFO - [2025-12-19T04:27:57.901+0000] {dag.py:4180} INFO - Setting next_dagrun for transform_data to None, run_after=None
[2025-12-19T04:27:57.940+0000] {processor.py:208} INFO - Processing /opt/airflow/dags/transform_data.py took 0.142 seconds
[2025-12-19T04:28:28.101+0000] {processor.py:186} INFO - Started process (PID=137) to work on /opt/airflow/dags/transform_data.py
[2025-12-19T04:28:28.104+0000] {processor.py:914} INFO - Processing file /opt/airflow/dags/transform_data.py for tasks to queue
[2025-12-19T04:28:28.110+0000] {logging_mixin.py:190} INFO - [2025-12-19T04:28:28.110+0000] {dagbag.py:588} INFO - Filling up the DagBag from /opt/airflow/dags/transform_data.py
[2025-12-19T04:28:28.127+0000] {processor.py:925} INFO - DAG(s) 'transform_data' retrieved from /opt/airflow/dags/transform_data.py
[2025-12-19T04:28:28.191+0000] {logging_mixin.py:190} INFO - [2025-12-19T04:28:28.190+0000] {dag.py:3239} INFO - Sync 1 DAGs
[2025-12-19T04:28:28.224+0000] {logging_mixin.py:190} INFO - [2025-12-19T04:28:28.224+0000] {dag.py:4180} INFO - Setting next_dagrun for transform_data to None, run_after=None
[2025-12-19T04:28:28.270+0000] {processor.py:208} INFO - Processing /opt/airflow/dags/transform_data.py took 0.183 seconds
[2025-12-19T04:28:58.450+0000] {processor.py:186} INFO - Started process (PID=144) to work on /opt/airflow/dags/transform_data.py
[2025-12-19T04:28:58.451+0000] {processor.py:914} INFO - Processing file /opt/airflow/dags/transform_data.py for tasks to queue
[2025-12-19T04:28:58.454+0000] {logging_mixin.py:190} INFO - [2025-12-19T04:28:58.453+0000] {dagbag.py:588} INFO - Filling up the DagBag from /opt/airflow/dags/transform_data.py
[2025-12-19T04:28:58.464+0000] {processor.py:925} INFO - DAG(s) 'transform_data' retrieved from /opt/airflow/dags/transform_data.py
[2025-12-19T04:28:58.495+0000] {logging_mixin.py:190} INFO - [2025-12-19T04:28:58.495+0000] {dag.py:3239} INFO - Sync 1 DAGs
[2025-12-19T04:28:58.513+0000] {logging_mixin.py:190} INFO - [2025-12-19T04:28:58.512+0000] {dag.py:4180} INFO - Setting next_dagrun for transform_data to None, run_after=None
[2025-12-19T04:28:58.534+0000] {processor.py:208} INFO - Processing /opt/airflow/dags/transform_data.py took 0.092 seconds
[2025-12-19T04:29:28.737+0000] {processor.py:186} INFO - Started process (PID=151) to work on /opt/airflow/dags/transform_data.py
[2025-12-19T04:29:28.740+0000] {processor.py:914} INFO - Processing file /opt/airflow/dags/transform_data.py for tasks to queue
[2025-12-19T04:29:28.743+0000] {logging_mixin.py:190} INFO - [2025-12-19T04:29:28.743+0000] {dagbag.py:588} INFO - Filling up the DagBag from /opt/airflow/dags/transform_data.py
[2025-12-19T04:29:28.753+0000] {processor.py:925} INFO - DAG(s) 'transform_data' retrieved from /opt/airflow/dags/transform_data.py
[2025-12-19T04:29:28.787+0000] {logging_mixin.py:190} INFO - [2025-12-19T04:29:28.787+0000] {dag.py:3239} INFO - Sync 1 DAGs
[2025-12-19T04:29:28.808+0000] {logging_mixin.py:190} INFO - [2025-12-19T04:29:28.807+0000] {dag.py:4180} INFO - Setting next_dagrun for transform_data to None, run_after=None
[2025-12-19T04:29:28.836+0000] {processor.py:208} INFO - Processing /opt/airflow/dags/transform_data.py took 0.108 seconds
[2025-12-19T04:29:58.961+0000] {processor.py:186} INFO - Started process (PID=158) to work on /opt/airflow/dags/transform_data.py
[2025-12-19T04:29:58.964+0000] {processor.py:914} INFO - Processing file /opt/airflow/dags/transform_data.py for tasks to queue
[2025-12-19T04:29:58.966+0000] {logging_mixin.py:190} INFO - [2025-12-19T04:29:58.966+0000] {dagbag.py:588} INFO - Filling up the DagBag from /opt/airflow/dags/transform_data.py
[2025-12-19T04:29:58.975+0000] {processor.py:925} INFO - DAG(s) 'transform_data' retrieved from /opt/airflow/dags/transform_data.py
[2025-12-19T04:29:59.008+0000] {logging_mixin.py:190} INFO - [2025-12-19T04:29:59.008+0000] {dag.py:3239} INFO - Sync 1 DAGs
[2025-12-19T04:29:59.026+0000] {logging_mixin.py:190} INFO - [2025-12-19T04:29:59.026+0000] {dag.py:4180} INFO - Setting next_dagrun for transform_data to None, run_after=None
[2025-12-19T04:29:59.053+0000] {processor.py:208} INFO - Processing /opt/airflow/dags/transform_data.py took 0.099 seconds
[2025-12-19T04:30:29.276+0000] {processor.py:186} INFO - Started process (PID=165) to work on /opt/airflow/dags/transform_data.py
[2025-12-19T04:30:29.279+0000] {processor.py:914} INFO - Processing file /opt/airflow/dags/transform_data.py for tasks to queue
[2025-12-19T04:30:29.282+0000] {logging_mixin.py:190} INFO - [2025-12-19T04:30:29.281+0000] {dagbag.py:588} INFO - Filling up the DagBag from /opt/airflow/dags/transform_data.py
[2025-12-19T04:30:29.295+0000] {processor.py:925} INFO - DAG(s) 'transform_data' retrieved from /opt/airflow/dags/transform_data.py
[2025-12-19T04:30:29.337+0000] {logging_mixin.py:190} INFO - [2025-12-19T04:30:29.337+0000] {dag.py:3239} INFO - Sync 1 DAGs
[2025-12-19T04:30:29.361+0000] {logging_mixin.py:190} INFO - [2025-12-19T04:30:29.360+0000] {dag.py:4180} INFO - Setting next_dagrun for transform_data to None, run_after=None
[2025-12-19T04:30:29.387+0000] {processor.py:208} INFO - Processing /opt/airflow/dags/transform_data.py took 0.121 seconds
[2025-12-19T04:30:59.531+0000] {processor.py:186} INFO - Started process (PID=172) to work on /opt/airflow/dags/transform_data.py
[2025-12-19T04:30:59.535+0000] {processor.py:914} INFO - Processing file /opt/airflow/dags/transform_data.py for tasks to queue
[2025-12-19T04:30:59.539+0000] {logging_mixin.py:190} INFO - [2025-12-19T04:30:59.538+0000] {dagbag.py:588} INFO - Filling up the DagBag from /opt/airflow/dags/transform_data.py
[2025-12-19T04:30:59.553+0000] {processor.py:925} INFO - DAG(s) 'transform_data' retrieved from /opt/airflow/dags/transform_data.py
[2025-12-19T04:30:59.604+0000] {logging_mixin.py:190} INFO - [2025-12-19T04:30:59.604+0000] {dag.py:3239} INFO - Sync 1 DAGs
[2025-12-19T04:30:59.636+0000] {logging_mixin.py:190} INFO - [2025-12-19T04:30:59.636+0000] {dag.py:4180} INFO - Setting next_dagrun for transform_data to None, run_after=None
[2025-12-19T04:30:59.683+0000] {processor.py:208} INFO - Processing /opt/airflow/dags/transform_data.py took 0.164 seconds
[2025-12-19T04:31:29.822+0000] {processor.py:186} INFO - Started process (PID=179) to work on /opt/airflow/dags/transform_data.py
[2025-12-19T04:31:29.825+0000] {processor.py:914} INFO - Processing file /opt/airflow/dags/transform_data.py for tasks to queue
[2025-12-19T04:31:29.828+0000] {logging_mixin.py:190} INFO - [2025-12-19T04:31:29.828+0000] {dagbag.py:588} INFO - Filling up the DagBag from /opt/airflow/dags/transform_data.py
[2025-12-19T04:31:29.839+0000] {processor.py:925} INFO - DAG(s) 'transform_data' retrieved from /opt/airflow/dags/transform_data.py
[2025-12-19T04:31:29.876+0000] {logging_mixin.py:190} INFO - [2025-12-19T04:31:29.876+0000] {dag.py:3239} INFO - Sync 1 DAGs
[2025-12-19T04:31:29.897+0000] {logging_mixin.py:190} INFO - [2025-12-19T04:31:29.897+0000] {dag.py:4180} INFO - Setting next_dagrun for transform_data to None, run_after=None
[2025-12-19T04:31:29.923+0000] {processor.py:208} INFO - Processing /opt/airflow/dags/transform_data.py took 0.111 seconds
[2025-12-19T04:32:00.142+0000] {processor.py:186} INFO - Started process (PID=186) to work on /opt/airflow/dags/transform_data.py
[2025-12-19T04:32:00.145+0000] {processor.py:914} INFO - Processing file /opt/airflow/dags/transform_data.py for tasks to queue
[2025-12-19T04:32:00.149+0000] {logging_mixin.py:190} INFO - [2025-12-19T04:32:00.148+0000] {dagbag.py:588} INFO - Filling up the DagBag from /opt/airflow/dags/transform_data.py
[2025-12-19T04:32:00.160+0000] {processor.py:925} INFO - DAG(s) 'transform_data' retrieved from /opt/airflow/dags/transform_data.py
[2025-12-19T04:32:00.216+0000] {logging_mixin.py:190} INFO - [2025-12-19T04:32:00.216+0000] {dag.py:3239} INFO - Sync 1 DAGs
[2025-12-19T04:32:00.243+0000] {logging_mixin.py:190} INFO - [2025-12-19T04:32:00.243+0000] {dag.py:4180} INFO - Setting next_dagrun for transform_data to None, run_after=None
[2025-12-19T04:32:00.275+0000] {processor.py:208} INFO - Processing /opt/airflow/dags/transform_data.py took 0.143 seconds
[2025-12-19T04:32:30.393+0000] {processor.py:186} INFO - Started process (PID=194) to work on /opt/airflow/dags/transform_data.py
[2025-12-19T04:32:30.395+0000] {processor.py:914} INFO - Processing file /opt/airflow/dags/transform_data.py for tasks to queue
[2025-12-19T04:32:30.398+0000] {logging_mixin.py:190} INFO - [2025-12-19T04:32:30.398+0000] {dagbag.py:588} INFO - Filling up the DagBag from /opt/airflow/dags/transform_data.py
[2025-12-19T04:32:30.407+0000] {processor.py:925} INFO - DAG(s) 'transform_data' retrieved from /opt/airflow/dags/transform_data.py
[2025-12-19T04:32:30.442+0000] {logging_mixin.py:190} INFO - [2025-12-19T04:32:30.442+0000] {dag.py:3239} INFO - Sync 1 DAGs
[2025-12-19T04:32:30.461+0000] {logging_mixin.py:190} INFO - [2025-12-19T04:32:30.460+0000] {dag.py:4180} INFO - Setting next_dagrun for transform_data to None, run_after=None
[2025-12-19T04:32:30.485+0000] {processor.py:208} INFO - Processing /opt/airflow/dags/transform_data.py took 0.101 seconds
[2025-12-19T04:33:00.640+0000] {processor.py:186} INFO - Started process (PID=201) to work on /opt/airflow/dags/transform_data.py
[2025-12-19T04:33:00.644+0000] {processor.py:914} INFO - Processing file /opt/airflow/dags/transform_data.py for tasks to queue
[2025-12-19T04:33:00.649+0000] {logging_mixin.py:190} INFO - [2025-12-19T04:33:00.648+0000] {dagbag.py:588} INFO - Filling up the DagBag from /opt/airflow/dags/transform_data.py
[2025-12-19T04:33:00.666+0000] {processor.py:925} INFO - DAG(s) 'transform_data' retrieved from /opt/airflow/dags/transform_data.py
[2025-12-19T04:33:00.734+0000] {logging_mixin.py:190} INFO - [2025-12-19T04:33:00.734+0000] {dag.py:3239} INFO - Sync 1 DAGs
[2025-12-19T04:33:00.770+0000] {logging_mixin.py:190} INFO - [2025-12-19T04:33:00.769+0000] {dag.py:4180} INFO - Setting next_dagrun for transform_data to None, run_after=None
[2025-12-19T04:33:00.814+0000] {processor.py:208} INFO - Processing /opt/airflow/dags/transform_data.py took 0.190 seconds
[2025-12-19T04:33:31.020+0000] {processor.py:186} INFO - Started process (PID=208) to work on /opt/airflow/dags/transform_data.py
[2025-12-19T04:33:31.023+0000] {processor.py:914} INFO - Processing file /opt/airflow/dags/transform_data.py for tasks to queue
[2025-12-19T04:33:31.028+0000] {logging_mixin.py:190} INFO - [2025-12-19T04:33:31.027+0000] {dagbag.py:588} INFO - Filling up the DagBag from /opt/airflow/dags/transform_data.py
[2025-12-19T04:33:31.045+0000] {processor.py:925} INFO - DAG(s) 'transform_data' retrieved from /opt/airflow/dags/transform_data.py
[2025-12-19T04:33:31.111+0000] {logging_mixin.py:190} INFO - [2025-12-19T04:33:31.110+0000] {dag.py:3239} INFO - Sync 1 DAGs
[2025-12-19T04:33:31.148+0000] {logging_mixin.py:190} INFO - [2025-12-19T04:33:31.147+0000] {dag.py:4180} INFO - Setting next_dagrun for transform_data to None, run_after=None
[2025-12-19T04:33:31.208+0000] {processor.py:208} INFO - Processing /opt/airflow/dags/transform_data.py took 0.203 seconds
[2025-12-19T04:34:01.343+0000] {processor.py:186} INFO - Started process (PID=215) to work on /opt/airflow/dags/transform_data.py
[2025-12-19T04:34:01.345+0000] {processor.py:914} INFO - Processing file /opt/airflow/dags/transform_data.py for tasks to queue
[2025-12-19T04:34:01.349+0000] {logging_mixin.py:190} INFO - [2025-12-19T04:34:01.349+0000] {dagbag.py:588} INFO - Filling up the DagBag from /opt/airflow/dags/transform_data.py
[2025-12-19T04:34:01.367+0000] {processor.py:925} INFO - DAG(s) 'transform_data' retrieved from /opt/airflow/dags/transform_data.py
[2025-12-19T04:34:01.440+0000] {logging_mixin.py:190} INFO - [2025-12-19T04:34:01.439+0000] {dag.py:3239} INFO - Sync 1 DAGs
[2025-12-19T04:34:01.473+0000] {logging_mixin.py:190} INFO - [2025-12-19T04:34:01.472+0000] {dag.py:4180} INFO - Setting next_dagrun for transform_data to None, run_after=None
[2025-12-19T04:34:01.509+0000] {processor.py:208} INFO - Processing /opt/airflow/dags/transform_data.py took 0.180 seconds
[2025-12-19T04:34:31.729+0000] {processor.py:186} INFO - Started process (PID=222) to work on /opt/airflow/dags/transform_data.py
[2025-12-19T04:34:31.732+0000] {processor.py:914} INFO - Processing file /opt/airflow/dags/transform_data.py for tasks to queue
[2025-12-19T04:34:31.735+0000] {logging_mixin.py:190} INFO - [2025-12-19T04:34:31.734+0000] {dagbag.py:588} INFO - Filling up the DagBag from /opt/airflow/dags/transform_data.py
[2025-12-19T04:34:31.744+0000] {processor.py:925} INFO - DAG(s) 'transform_data' retrieved from /opt/airflow/dags/transform_data.py
[2025-12-19T04:34:31.784+0000] {logging_mixin.py:190} INFO - [2025-12-19T04:34:31.784+0000] {dag.py:3239} INFO - Sync 1 DAGs
[2025-12-19T04:34:31.809+0000] {logging_mixin.py:190} INFO - [2025-12-19T04:34:31.808+0000] {dag.py:4180} INFO - Setting next_dagrun for transform_data to None, run_after=None
[2025-12-19T04:34:31.835+0000] {processor.py:208} INFO - Processing /opt/airflow/dags/transform_data.py took 0.114 seconds
[2025-12-19T04:35:02.016+0000] {processor.py:186} INFO - Started process (PID=229) to work on /opt/airflow/dags/transform_data.py
[2025-12-19T04:35:02.019+0000] {processor.py:914} INFO - Processing file /opt/airflow/dags/transform_data.py for tasks to queue
[2025-12-19T04:35:02.023+0000] {logging_mixin.py:190} INFO - [2025-12-19T04:35:02.022+0000] {dagbag.py:588} INFO - Filling up the DagBag from /opt/airflow/dags/transform_data.py
[2025-12-19T04:35:02.033+0000] {processor.py:925} INFO - DAG(s) 'transform_data' retrieved from /opt/airflow/dags/transform_data.py
[2025-12-19T04:35:02.091+0000] {logging_mixin.py:190} INFO - [2025-12-19T04:35:02.091+0000] {dag.py:3239} INFO - Sync 1 DAGs
[2025-12-19T04:35:02.114+0000] {logging_mixin.py:190} INFO - [2025-12-19T04:35:02.113+0000] {dag.py:4180} INFO - Setting next_dagrun for transform_data to None, run_after=None
[2025-12-19T04:35:02.142+0000] {processor.py:208} INFO - Processing /opt/airflow/dags/transform_data.py took 0.137 seconds
[2025-12-19T04:35:32.327+0000] {processor.py:186} INFO - Started process (PID=236) to work on /opt/airflow/dags/transform_data.py
[2025-12-19T04:35:32.329+0000] {processor.py:914} INFO - Processing file /opt/airflow/dags/transform_data.py for tasks to queue
[2025-12-19T04:35:32.336+0000] {logging_mixin.py:190} INFO - [2025-12-19T04:35:32.335+0000] {dagbag.py:588} INFO - Filling up the DagBag from /opt/airflow/dags/transform_data.py
[2025-12-19T04:35:32.354+0000] {processor.py:925} INFO - DAG(s) 'transform_data' retrieved from /opt/airflow/dags/transform_data.py
[2025-12-19T04:35:32.434+0000] {logging_mixin.py:190} INFO - [2025-12-19T04:35:32.433+0000] {dag.py:3239} INFO - Sync 1 DAGs
[2025-12-19T04:35:32.469+0000] {logging_mixin.py:190} INFO - [2025-12-19T04:35:32.468+0000] {dag.py:4180} INFO - Setting next_dagrun for transform_data to None, run_after=None
[2025-12-19T04:35:32.517+0000] {processor.py:208} INFO - Processing /opt/airflow/dags/transform_data.py took 0.207 seconds
[2025-12-19T04:36:02.677+0000] {processor.py:186} INFO - Started process (PID=243) to work on /opt/airflow/dags/transform_data.py
[2025-12-19T04:36:02.681+0000] {processor.py:914} INFO - Processing file /opt/airflow/dags/transform_data.py for tasks to queue
[2025-12-19T04:36:02.686+0000] {logging_mixin.py:190} INFO - [2025-12-19T04:36:02.685+0000] {dagbag.py:588} INFO - Filling up the DagBag from /opt/airflow/dags/transform_data.py
[2025-12-19T04:36:02.702+0000] {processor.py:925} INFO - DAG(s) 'transform_data' retrieved from /opt/airflow/dags/transform_data.py
[2025-12-19T04:36:02.782+0000] {logging_mixin.py:190} INFO - [2025-12-19T04:36:02.782+0000] {dag.py:3239} INFO - Sync 1 DAGs
[2025-12-19T04:36:02.818+0000] {logging_mixin.py:190} INFO - [2025-12-19T04:36:02.817+0000] {dag.py:4180} INFO - Setting next_dagrun for transform_data to None, run_after=None
[2025-12-19T04:36:02.870+0000] {processor.py:208} INFO - Processing /opt/airflow/dags/transform_data.py took 0.212 seconds
[2025-12-19T04:36:33.051+0000] {processor.py:186} INFO - Started process (PID=249) to work on /opt/airflow/dags/transform_data.py
[2025-12-19T04:36:33.054+0000] {processor.py:914} INFO - Processing file /opt/airflow/dags/transform_data.py for tasks to queue
[2025-12-19T04:36:33.059+0000] {logging_mixin.py:190} INFO - [2025-12-19T04:36:33.058+0000] {dagbag.py:588} INFO - Filling up the DagBag from /opt/airflow/dags/transform_data.py
[2025-12-19T04:36:33.081+0000] {processor.py:925} INFO - DAG(s) 'transform_data' retrieved from /opt/airflow/dags/transform_data.py
[2025-12-19T04:36:33.159+0000] {logging_mixin.py:190} INFO - [2025-12-19T04:36:33.158+0000] {dag.py:3239} INFO - Sync 1 DAGs
[2025-12-19T04:36:33.194+0000] {logging_mixin.py:190} INFO - [2025-12-19T04:36:33.193+0000] {dag.py:4180} INFO - Setting next_dagrun for transform_data to None, run_after=None
[2025-12-19T04:36:33.248+0000] {processor.py:208} INFO - Processing /opt/airflow/dags/transform_data.py took 0.212 seconds
[2025-12-19T04:37:03.414+0000] {processor.py:186} INFO - Started process (PID=256) to work on /opt/airflow/dags/transform_data.py
[2025-12-19T04:37:03.416+0000] {processor.py:914} INFO - Processing file /opt/airflow/dags/transform_data.py for tasks to queue
[2025-12-19T04:37:03.420+0000] {logging_mixin.py:190} INFO - [2025-12-19T04:37:03.419+0000] {dagbag.py:588} INFO - Filling up the DagBag from /opt/airflow/dags/transform_data.py
[2025-12-19T04:37:03.437+0000] {processor.py:925} INFO - DAG(s) 'transform_data' retrieved from /opt/airflow/dags/transform_data.py
[2025-12-19T04:37:03.528+0000] {logging_mixin.py:190} INFO - [2025-12-19T04:37:03.527+0000] {dag.py:3239} INFO - Sync 1 DAGs
[2025-12-19T04:37:03.568+0000] {logging_mixin.py:190} INFO - [2025-12-19T04:37:03.567+0000] {dag.py:4180} INFO - Setting next_dagrun for transform_data to None, run_after=None
[2025-12-19T04:37:03.614+0000] {processor.py:208} INFO - Processing /opt/airflow/dags/transform_data.py took 0.215 seconds
[2025-12-19T04:37:33.791+0000] {processor.py:186} INFO - Started process (PID=263) to work on /opt/airflow/dags/transform_data.py
[2025-12-19T04:37:33.795+0000] {processor.py:914} INFO - Processing file /opt/airflow/dags/transform_data.py for tasks to queue
[2025-12-19T04:37:33.801+0000] {logging_mixin.py:190} INFO - [2025-12-19T04:37:33.800+0000] {dagbag.py:588} INFO - Filling up the DagBag from /opt/airflow/dags/transform_data.py
[2025-12-19T04:37:33.818+0000] {processor.py:925} INFO - DAG(s) 'transform_data' retrieved from /opt/airflow/dags/transform_data.py
[2025-12-19T04:37:33.905+0000] {logging_mixin.py:190} INFO - [2025-12-19T04:37:33.904+0000] {dag.py:3239} INFO - Sync 1 DAGs
[2025-12-19T04:37:33.946+0000] {logging_mixin.py:190} INFO - [2025-12-19T04:37:33.945+0000] {dag.py:4180} INFO - Setting next_dagrun for transform_data to None, run_after=None
[2025-12-19T04:37:34.002+0000] {processor.py:208} INFO - Processing /opt/airflow/dags/transform_data.py took 0.226 seconds
[2025-12-19T04:38:04.138+0000] {processor.py:186} INFO - Started process (PID=270) to work on /opt/airflow/dags/transform_data.py
[2025-12-19T04:38:04.141+0000] {processor.py:914} INFO - Processing file /opt/airflow/dags/transform_data.py for tasks to queue
[2025-12-19T04:38:04.144+0000] {logging_mixin.py:190} INFO - [2025-12-19T04:38:04.144+0000] {dagbag.py:588} INFO - Filling up the DagBag from /opt/airflow/dags/transform_data.py
[2025-12-19T04:38:04.156+0000] {processor.py:925} INFO - DAG(s) 'transform_data' retrieved from /opt/airflow/dags/transform_data.py
[2025-12-19T04:38:04.209+0000] {logging_mixin.py:190} INFO - [2025-12-19T04:38:04.208+0000] {dag.py:3239} INFO - Sync 1 DAGs
[2025-12-19T04:38:04.231+0000] {logging_mixin.py:190} INFO - [2025-12-19T04:38:04.231+0000] {dag.py:4180} INFO - Setting next_dagrun for transform_data to None, run_after=None
[2025-12-19T04:38:04.268+0000] {processor.py:208} INFO - Processing /opt/airflow/dags/transform_data.py took 0.141 seconds
[2025-12-19T04:38:34.484+0000] {processor.py:186} INFO - Started process (PID=277) to work on /opt/airflow/dags/transform_data.py
[2025-12-19T04:38:34.485+0000] {processor.py:914} INFO - Processing file /opt/airflow/dags/transform_data.py for tasks to queue
[2025-12-19T04:38:34.488+0000] {logging_mixin.py:190} INFO - [2025-12-19T04:38:34.488+0000] {dagbag.py:588} INFO - Filling up the DagBag from /opt/airflow/dags/transform_data.py
[2025-12-19T04:38:34.497+0000] {processor.py:925} INFO - DAG(s) 'transform_data' retrieved from /opt/airflow/dags/transform_data.py
[2025-12-19T04:38:34.549+0000] {logging_mixin.py:190} INFO - [2025-12-19T04:38:34.548+0000] {dag.py:3239} INFO - Sync 1 DAGs
[2025-12-19T04:38:34.582+0000] {logging_mixin.py:190} INFO - [2025-12-19T04:38:34.581+0000] {dag.py:4180} INFO - Setting next_dagrun for transform_data to None, run_after=None
[2025-12-19T04:38:34.616+0000] {processor.py:208} INFO - Processing /opt/airflow/dags/transform_data.py took 0.140 seconds
[2025-12-19T04:39:04.754+0000] {processor.py:186} INFO - Started process (PID=284) to work on /opt/airflow/dags/transform_data.py
[2025-12-19T04:39:04.758+0000] {processor.py:914} INFO - Processing file /opt/airflow/dags/transform_data.py for tasks to queue
[2025-12-19T04:39:04.762+0000] {logging_mixin.py:190} INFO - [2025-12-19T04:39:04.761+0000] {dagbag.py:588} INFO - Filling up the DagBag from /opt/airflow/dags/transform_data.py
[2025-12-19T04:39:04.775+0000] {processor.py:925} INFO - DAG(s) 'transform_data' retrieved from /opt/airflow/dags/transform_data.py
[2025-12-19T04:39:04.839+0000] {logging_mixin.py:190} INFO - [2025-12-19T04:39:04.838+0000] {dag.py:3239} INFO - Sync 1 DAGs
[2025-12-19T04:39:04.865+0000] {logging_mixin.py:190} INFO - [2025-12-19T04:39:04.865+0000] {dag.py:4180} INFO - Setting next_dagrun for transform_data to None, run_after=None
[2025-12-19T04:39:04.902+0000] {processor.py:208} INFO - Processing /opt/airflow/dags/transform_data.py took 0.158 seconds
[2025-12-19T04:39:35.220+0000] {processor.py:186} INFO - Started process (PID=291) to work on /opt/airflow/dags/transform_data.py
[2025-12-19T04:39:35.223+0000] {processor.py:914} INFO - Processing file /opt/airflow/dags/transform_data.py for tasks to queue
[2025-12-19T04:39:35.226+0000] {logging_mixin.py:190} INFO - [2025-12-19T04:39:35.226+0000] {dagbag.py:588} INFO - Filling up the DagBag from /opt/airflow/dags/transform_data.py
[2025-12-19T04:39:35.237+0000] {processor.py:925} INFO - DAG(s) 'transform_data' retrieved from /opt/airflow/dags/transform_data.py
[2025-12-19T04:39:35.283+0000] {logging_mixin.py:190} INFO - [2025-12-19T04:39:35.282+0000] {dag.py:3239} INFO - Sync 1 DAGs
[2025-12-19T04:39:35.303+0000] {logging_mixin.py:190} INFO - [2025-12-19T04:39:35.303+0000] {dag.py:4180} INFO - Setting next_dagrun for transform_data to None, run_after=None
[2025-12-19T04:39:35.329+0000] {processor.py:208} INFO - Processing /opt/airflow/dags/transform_data.py took 0.118 seconds
[2025-12-19T04:40:05.510+0000] {processor.py:186} INFO - Started process (PID=298) to work on /opt/airflow/dags/transform_data.py
[2025-12-19T04:40:05.511+0000] {processor.py:914} INFO - Processing file /opt/airflow/dags/transform_data.py for tasks to queue
[2025-12-19T04:40:05.513+0000] {logging_mixin.py:190} INFO - [2025-12-19T04:40:05.513+0000] {dagbag.py:588} INFO - Filling up the DagBag from /opt/airflow/dags/transform_data.py
[2025-12-19T04:40:05.523+0000] {processor.py:925} INFO - DAG(s) 'transform_data' retrieved from /opt/airflow/dags/transform_data.py
[2025-12-19T04:40:05.576+0000] {logging_mixin.py:190} INFO - [2025-12-19T04:40:05.574+0000] {dag.py:3239} INFO - Sync 1 DAGs
[2025-12-19T04:40:05.597+0000] {logging_mixin.py:190} INFO - [2025-12-19T04:40:05.597+0000] {dag.py:4180} INFO - Setting next_dagrun for transform_data to None, run_after=None
[2025-12-19T04:40:05.620+0000] {processor.py:208} INFO - Processing /opt/airflow/dags/transform_data.py took 0.119 seconds
[2025-12-19T04:40:35.867+0000] {processor.py:186} INFO - Started process (PID=305) to work on /opt/airflow/dags/transform_data.py
[2025-12-19T04:40:35.870+0000] {processor.py:914} INFO - Processing file /opt/airflow/dags/transform_data.py for tasks to queue
[2025-12-19T04:40:35.874+0000] {logging_mixin.py:190} INFO - [2025-12-19T04:40:35.873+0000] {dagbag.py:588} INFO - Filling up the DagBag from /opt/airflow/dags/transform_data.py
[2025-12-19T04:40:35.887+0000] {processor.py:925} INFO - DAG(s) 'transform_data' retrieved from /opt/airflow/dags/transform_data.py
[2025-12-19T04:40:35.934+0000] {logging_mixin.py:190} INFO - [2025-12-19T04:40:35.934+0000] {dag.py:3239} INFO - Sync 1 DAGs
[2025-12-19T04:40:35.952+0000] {logging_mixin.py:190} INFO - [2025-12-19T04:40:35.952+0000] {dag.py:4180} INFO - Setting next_dagrun for transform_data to None, run_after=None
[2025-12-19T04:40:35.974+0000] {processor.py:208} INFO - Processing /opt/airflow/dags/transform_data.py took 0.116 seconds
[2025-12-19T04:41:06.105+0000] {processor.py:186} INFO - Started process (PID=312) to work on /opt/airflow/dags/transform_data.py
[2025-12-19T04:41:06.108+0000] {processor.py:914} INFO - Processing file /opt/airflow/dags/transform_data.py for tasks to queue
[2025-12-19T04:41:06.111+0000] {logging_mixin.py:190} INFO - [2025-12-19T04:41:06.110+0000] {dagbag.py:588} INFO - Filling up the DagBag from /opt/airflow/dags/transform_data.py
[2025-12-19T04:41:06.124+0000] {processor.py:925} INFO - DAG(s) 'transform_data' retrieved from /opt/airflow/dags/transform_data.py
[2025-12-19T04:41:06.189+0000] {logging_mixin.py:190} INFO - [2025-12-19T04:41:06.189+0000] {dag.py:3239} INFO - Sync 1 DAGs
[2025-12-19T04:41:06.216+0000] {logging_mixin.py:190} INFO - [2025-12-19T04:41:06.216+0000] {dag.py:4180} INFO - Setting next_dagrun for transform_data to None, run_after=None
[2025-12-19T04:41:06.259+0000] {processor.py:208} INFO - Processing /opt/airflow/dags/transform_data.py took 0.163 seconds
[2025-12-19T04:41:36.489+0000] {processor.py:186} INFO - Started process (PID=319) to work on /opt/airflow/dags/transform_data.py
[2025-12-19T04:41:36.490+0000] {processor.py:914} INFO - Processing file /opt/airflow/dags/transform_data.py for tasks to queue
[2025-12-19T04:41:36.493+0000] {logging_mixin.py:190} INFO - [2025-12-19T04:41:36.492+0000] {dagbag.py:588} INFO - Filling up the DagBag from /opt/airflow/dags/transform_data.py
[2025-12-19T04:41:36.504+0000] {processor.py:925} INFO - DAG(s) 'transform_data' retrieved from /opt/airflow/dags/transform_data.py
[2025-12-19T04:41:36.548+0000] {logging_mixin.py:190} INFO - [2025-12-19T04:41:36.548+0000] {dag.py:3239} INFO - Sync 1 DAGs
[2025-12-19T04:41:36.566+0000] {logging_mixin.py:190} INFO - [2025-12-19T04:41:36.566+0000] {dag.py:4180} INFO - Setting next_dagrun for transform_data to None, run_after=None
[2025-12-19T04:41:36.588+0000] {processor.py:208} INFO - Processing /opt/airflow/dags/transform_data.py took 0.107 seconds
[2025-12-19T04:42:06.816+0000] {processor.py:186} INFO - Started process (PID=327) to work on /opt/airflow/dags/transform_data.py
[2025-12-19T04:42:06.820+0000] {processor.py:914} INFO - Processing file /opt/airflow/dags/transform_data.py for tasks to queue
[2025-12-19T04:42:06.827+0000] {logging_mixin.py:190} INFO - [2025-12-19T04:42:06.825+0000] {dagbag.py:588} INFO - Filling up the DagBag from /opt/airflow/dags/transform_data.py
[2025-12-19T04:42:06.846+0000] {processor.py:925} INFO - DAG(s) 'transform_data' retrieved from /opt/airflow/dags/transform_data.py
[2025-12-19T04:42:06.935+0000] {logging_mixin.py:190} INFO - [2025-12-19T04:42:06.934+0000] {dag.py:3239} INFO - Sync 1 DAGs
[2025-12-19T04:42:06.971+0000] {logging_mixin.py:190} INFO - [2025-12-19T04:42:06.971+0000] {dag.py:4180} INFO - Setting next_dagrun for transform_data to None, run_after=None
[2025-12-19T04:42:07.016+0000] {processor.py:208} INFO - Processing /opt/airflow/dags/transform_data.py took 0.215 seconds
[2025-12-19T04:42:37.123+0000] {processor.py:186} INFO - Started process (PID=334) to work on /opt/airflow/dags/transform_data.py
[2025-12-19T04:42:37.126+0000] {processor.py:914} INFO - Processing file /opt/airflow/dags/transform_data.py for tasks to queue
[2025-12-19T04:42:37.133+0000] {logging_mixin.py:190} INFO - [2025-12-19T04:42:37.132+0000] {dagbag.py:588} INFO - Filling up the DagBag from /opt/airflow/dags/transform_data.py
[2025-12-19T04:42:37.153+0000] {processor.py:925} INFO - DAG(s) 'transform_data' retrieved from /opt/airflow/dags/transform_data.py
[2025-12-19T04:42:37.230+0000] {logging_mixin.py:190} INFO - [2025-12-19T04:42:37.230+0000] {dag.py:3239} INFO - Sync 1 DAGs
[2025-12-19T04:42:37.258+0000] {logging_mixin.py:190} INFO - [2025-12-19T04:42:37.258+0000] {dag.py:4180} INFO - Setting next_dagrun for transform_data to None, run_after=None
[2025-12-19T04:42:37.308+0000] {processor.py:208} INFO - Processing /opt/airflow/dags/transform_data.py took 0.202 seconds
[2025-12-19T04:43:07.534+0000] {processor.py:186} INFO - Started process (PID=341) to work on /opt/airflow/dags/transform_data.py
[2025-12-19T04:43:07.535+0000] {processor.py:914} INFO - Processing file /opt/airflow/dags/transform_data.py for tasks to queue
[2025-12-19T04:43:07.538+0000] {logging_mixin.py:190} INFO - [2025-12-19T04:43:07.538+0000] {dagbag.py:588} INFO - Filling up the DagBag from /opt/airflow/dags/transform_data.py
[2025-12-19T04:43:07.551+0000] {processor.py:925} INFO - DAG(s) 'transform_data' retrieved from /opt/airflow/dags/transform_data.py
[2025-12-19T04:43:07.600+0000] {logging_mixin.py:190} INFO - [2025-12-19T04:43:07.599+0000] {dag.py:3239} INFO - Sync 1 DAGs
[2025-12-19T04:43:07.621+0000] {logging_mixin.py:190} INFO - [2025-12-19T04:43:07.621+0000] {dag.py:4180} INFO - Setting next_dagrun for transform_data to None, run_after=None
[2025-12-19T04:43:07.644+0000] {processor.py:208} INFO - Processing /opt/airflow/dags/transform_data.py took 0.120 seconds
[2025-12-19T04:43:37.774+0000] {processor.py:186} INFO - Started process (PID=348) to work on /opt/airflow/dags/transform_data.py
[2025-12-19T04:43:37.777+0000] {processor.py:914} INFO - Processing file /opt/airflow/dags/transform_data.py for tasks to queue
[2025-12-19T04:43:37.780+0000] {logging_mixin.py:190} INFO - [2025-12-19T04:43:37.780+0000] {dagbag.py:588} INFO - Filling up the DagBag from /opt/airflow/dags/transform_data.py
[2025-12-19T04:43:37.800+0000] {processor.py:925} INFO - DAG(s) 'transform_data' retrieved from /opt/airflow/dags/transform_data.py
[2025-12-19T04:43:37.831+0000] {logging_mixin.py:190} INFO - [2025-12-19T04:43:37.831+0000] {dag.py:3239} INFO - Sync 1 DAGs
[2025-12-19T04:43:37.851+0000] {logging_mixin.py:190} INFO - [2025-12-19T04:43:37.850+0000] {dag.py:4180} INFO - Setting next_dagrun for transform_data to None, run_after=None
[2025-12-19T04:43:37.876+0000] {processor.py:208} INFO - Processing /opt/airflow/dags/transform_data.py took 0.111 seconds
[2025-12-19T04:44:08.099+0000] {processor.py:186} INFO - Started process (PID=355) to work on /opt/airflow/dags/transform_data.py
[2025-12-19T04:44:08.102+0000] {processor.py:914} INFO - Processing file /opt/airflow/dags/transform_data.py for tasks to queue
[2025-12-19T04:44:08.105+0000] {logging_mixin.py:190} INFO - [2025-12-19T04:44:08.105+0000] {dagbag.py:588} INFO - Filling up the DagBag from /opt/airflow/dags/transform_data.py
[2025-12-19T04:44:08.131+0000] {processor.py:925} INFO - DAG(s) 'transform_data' retrieved from /opt/airflow/dags/transform_data.py
[2025-12-19T04:44:08.181+0000] {logging_mixin.py:190} INFO - [2025-12-19T04:44:08.181+0000] {dag.py:3239} INFO - Sync 1 DAGs
[2025-12-19T04:44:08.210+0000] {logging_mixin.py:190} INFO - [2025-12-19T04:44:08.209+0000] {dag.py:4180} INFO - Setting next_dagrun for transform_data to None, run_after=None
[2025-12-19T04:44:08.249+0000] {processor.py:208} INFO - Processing /opt/airflow/dags/transform_data.py took 0.162 seconds
[2025-12-19T04:44:38.437+0000] {processor.py:186} INFO - Started process (PID=362) to work on /opt/airflow/dags/transform_data.py
[2025-12-19T04:44:38.438+0000] {processor.py:914} INFO - Processing file /opt/airflow/dags/transform_data.py for tasks to queue
[2025-12-19T04:44:38.441+0000] {logging_mixin.py:190} INFO - [2025-12-19T04:44:38.441+0000] {dagbag.py:588} INFO - Filling up the DagBag from /opt/airflow/dags/transform_data.py
[2025-12-19T04:44:38.454+0000] {processor.py:925} INFO - DAG(s) 'transform_data' retrieved from /opt/airflow/dags/transform_data.py
[2025-12-19T04:44:38.489+0000] {logging_mixin.py:190} INFO - [2025-12-19T04:44:38.489+0000] {dag.py:3239} INFO - Sync 1 DAGs
[2025-12-19T04:44:38.504+0000] {logging_mixin.py:190} INFO - [2025-12-19T04:44:38.504+0000] {dag.py:4180} INFO - Setting next_dagrun for transform_data to None, run_after=None
[2025-12-19T04:44:38.518+0000] {processor.py:208} INFO - Processing /opt/airflow/dags/transform_data.py took 0.093 seconds
[2025-12-19T04:45:08.603+0000] {processor.py:186} INFO - Started process (PID=369) to work on /opt/airflow/dags/transform_data.py
[2025-12-19T04:45:08.604+0000] {processor.py:914} INFO - Processing file /opt/airflow/dags/transform_data.py for tasks to queue
[2025-12-19T04:45:08.606+0000] {logging_mixin.py:190} INFO - [2025-12-19T04:45:08.606+0000] {dagbag.py:588} INFO - Filling up the DagBag from /opt/airflow/dags/transform_data.py
[2025-12-19T04:45:08.615+0000] {processor.py:925} INFO - DAG(s) 'transform_data' retrieved from /opt/airflow/dags/transform_data.py
[2025-12-19T04:45:08.633+0000] {logging_mixin.py:190} INFO - [2025-12-19T04:45:08.633+0000] {dag.py:3239} INFO - Sync 1 DAGs
[2025-12-19T04:45:08.641+0000] {logging_mixin.py:190} INFO - [2025-12-19T04:45:08.641+0000] {dag.py:4180} INFO - Setting next_dagrun for transform_data to None, run_after=None
[2025-12-19T04:45:08.654+0000] {processor.py:208} INFO - Processing /opt/airflow/dags/transform_data.py took 0.056 seconds
[2025-12-19T04:45:38.759+0000] {processor.py:186} INFO - Started process (PID=376) to work on /opt/airflow/dags/transform_data.py
[2025-12-19T04:45:38.760+0000] {processor.py:914} INFO - Processing file /opt/airflow/dags/transform_data.py for tasks to queue
[2025-12-19T04:45:38.762+0000] {logging_mixin.py:190} INFO - [2025-12-19T04:45:38.761+0000] {dagbag.py:588} INFO - Filling up the DagBag from /opt/airflow/dags/transform_data.py
[2025-12-19T04:45:38.766+0000] {processor.py:925} INFO - DAG(s) 'transform_data' retrieved from /opt/airflow/dags/transform_data.py
[2025-12-19T04:45:38.785+0000] {logging_mixin.py:190} INFO - [2025-12-19T04:45:38.785+0000] {dag.py:3239} INFO - Sync 1 DAGs
[2025-12-19T04:45:38.794+0000] {logging_mixin.py:190} INFO - [2025-12-19T04:45:38.794+0000] {dag.py:4180} INFO - Setting next_dagrun for transform_data to None, run_after=None
[2025-12-19T04:45:38.806+0000] {processor.py:208} INFO - Processing /opt/airflow/dags/transform_data.py took 0.052 seconds
[2025-12-19T04:46:08.907+0000] {processor.py:186} INFO - Started process (PID=383) to work on /opt/airflow/dags/transform_data.py
[2025-12-19T04:46:08.908+0000] {processor.py:914} INFO - Processing file /opt/airflow/dags/transform_data.py for tasks to queue
[2025-12-19T04:46:08.909+0000] {logging_mixin.py:190} INFO - [2025-12-19T04:46:08.909+0000] {dagbag.py:588} INFO - Filling up the DagBag from /opt/airflow/dags/transform_data.py
[2025-12-19T04:46:08.913+0000] {processor.py:925} INFO - DAG(s) 'transform_data' retrieved from /opt/airflow/dags/transform_data.py
[2025-12-19T04:46:08.929+0000] {logging_mixin.py:190} INFO - [2025-12-19T04:46:08.929+0000] {dag.py:3239} INFO - Sync 1 DAGs
[2025-12-19T04:46:08.937+0000] {logging_mixin.py:190} INFO - [2025-12-19T04:46:08.937+0000] {dag.py:4180} INFO - Setting next_dagrun for transform_data to None, run_after=None
[2025-12-19T04:46:08.950+0000] {processor.py:208} INFO - Processing /opt/airflow/dags/transform_data.py took 0.046 seconds
[2025-12-19T04:46:39.085+0000] {processor.py:186} INFO - Started process (PID=390) to work on /opt/airflow/dags/transform_data.py
[2025-12-19T04:46:39.087+0000] {processor.py:914} INFO - Processing file /opt/airflow/dags/transform_data.py for tasks to queue
[2025-12-19T04:46:39.090+0000] {logging_mixin.py:190} INFO - [2025-12-19T04:46:39.090+0000] {dagbag.py:588} INFO - Filling up the DagBag from /opt/airflow/dags/transform_data.py
[2025-12-19T04:46:39.101+0000] {processor.py:925} INFO - DAG(s) 'transform_data' retrieved from /opt/airflow/dags/transform_data.py
[2025-12-19T04:46:39.127+0000] {logging_mixin.py:190} INFO - [2025-12-19T04:46:39.126+0000] {dag.py:3239} INFO - Sync 1 DAGs
[2025-12-19T04:46:39.138+0000] {logging_mixin.py:190} INFO - [2025-12-19T04:46:39.137+0000] {dag.py:4180} INFO - Setting next_dagrun for transform_data to None, run_after=None
[2025-12-19T04:46:39.155+0000] {processor.py:208} INFO - Processing /opt/airflow/dags/transform_data.py took 0.075 seconds
[2025-12-19T04:47:09.266+0000] {processor.py:186} INFO - Started process (PID=397) to work on /opt/airflow/dags/transform_data.py
[2025-12-19T04:47:09.266+0000] {processor.py:914} INFO - Processing file /opt/airflow/dags/transform_data.py for tasks to queue
[2025-12-19T04:47:09.268+0000] {logging_mixin.py:190} INFO - [2025-12-19T04:47:09.268+0000] {dagbag.py:588} INFO - Filling up the DagBag from /opt/airflow/dags/transform_data.py
[2025-12-19T04:47:09.273+0000] {processor.py:925} INFO - DAG(s) 'transform_data' retrieved from /opt/airflow/dags/transform_data.py
[2025-12-19T04:47:09.289+0000] {logging_mixin.py:190} INFO - [2025-12-19T04:47:09.288+0000] {dag.py:3239} INFO - Sync 1 DAGs
[2025-12-19T04:47:09.299+0000] {logging_mixin.py:190} INFO - [2025-12-19T04:47:09.299+0000] {dag.py:4180} INFO - Setting next_dagrun for transform_data to None, run_after=None
[2025-12-19T04:47:09.313+0000] {processor.py:208} INFO - Processing /opt/airflow/dags/transform_data.py took 0.054 seconds
[2025-12-19T07:13:23.325+0000] {processor.py:186} INFO - Started process (PID=58) to work on /opt/airflow/dags/transform_data.py
[2025-12-19T07:13:23.326+0000] {processor.py:914} INFO - Processing file /opt/airflow/dags/transform_data.py for tasks to queue
[2025-12-19T07:13:23.327+0000] {logging_mixin.py:190} INFO - [2025-12-19T07:13:23.327+0000] {dagbag.py:588} INFO - Filling up the DagBag from /opt/airflow/dags/transform_data.py
[2025-12-19T07:13:23.337+0000] {processor.py:925} INFO - DAG(s) 'transform_data' retrieved from /opt/airflow/dags/transform_data.py
[2025-12-19T07:13:23.368+0000] {logging_mixin.py:190} INFO - [2025-12-19T07:13:23.368+0000] {dag.py:3239} INFO - Sync 1 DAGs
[2025-12-19T07:13:23.377+0000] {logging_mixin.py:190} INFO - [2025-12-19T07:13:23.376+0000] {dag.py:4180} INFO - Setting next_dagrun for transform_data to None, run_after=None
[2025-12-19T07:13:23.390+0000] {processor.py:208} INFO - Processing /opt/airflow/dags/transform_data.py took 0.069 seconds
[2025-12-19T07:13:53.491+0000] {processor.py:186} INFO - Started process (PID=65) to work on /opt/airflow/dags/transform_data.py
[2025-12-19T07:13:53.492+0000] {processor.py:914} INFO - Processing file /opt/airflow/dags/transform_data.py for tasks to queue
[2025-12-19T07:13:53.494+0000] {logging_mixin.py:190} INFO - [2025-12-19T07:13:53.493+0000] {dagbag.py:588} INFO - Filling up the DagBag from /opt/airflow/dags/transform_data.py
[2025-12-19T07:13:53.498+0000] {processor.py:925} INFO - DAG(s) 'transform_data' retrieved from /opt/airflow/dags/transform_data.py
[2025-12-19T07:13:53.515+0000] {logging_mixin.py:190} INFO - [2025-12-19T07:13:53.515+0000] {dag.py:3239} INFO - Sync 1 DAGs
[2025-12-19T07:13:53.524+0000] {logging_mixin.py:190} INFO - [2025-12-19T07:13:53.523+0000] {dag.py:4180} INFO - Setting next_dagrun for transform_data to None, run_after=None
[2025-12-19T07:13:53.534+0000] {processor.py:208} INFO - Processing /opt/airflow/dags/transform_data.py took 0.047 seconds
[2025-12-19T07:14:23.688+0000] {processor.py:186} INFO - Started process (PID=72) to work on /opt/airflow/dags/transform_data.py
[2025-12-19T07:14:23.689+0000] {processor.py:914} INFO - Processing file /opt/airflow/dags/transform_data.py for tasks to queue
[2025-12-19T07:14:23.690+0000] {logging_mixin.py:190} INFO - [2025-12-19T07:14:23.690+0000] {dagbag.py:588} INFO - Filling up the DagBag from /opt/airflow/dags/transform_data.py
[2025-12-19T07:14:23.695+0000] {processor.py:925} INFO - DAG(s) 'transform_data' retrieved from /opt/airflow/dags/transform_data.py
[2025-12-19T07:14:23.722+0000] {logging_mixin.py:190} INFO - [2025-12-19T07:14:23.721+0000] {dag.py:3239} INFO - Sync 1 DAGs
[2025-12-19T07:14:23.740+0000] {logging_mixin.py:190} INFO - [2025-12-19T07:14:23.740+0000] {dag.py:4180} INFO - Setting next_dagrun for transform_data to None, run_after=None
[2025-12-19T07:14:23.759+0000] {processor.py:208} INFO - Processing /opt/airflow/dags/transform_data.py took 0.075 seconds
[2025-12-19T07:14:53.834+0000] {processor.py:186} INFO - Started process (PID=79) to work on /opt/airflow/dags/transform_data.py
[2025-12-19T07:14:53.837+0000] {processor.py:914} INFO - Processing file /opt/airflow/dags/transform_data.py for tasks to queue
[2025-12-19T07:14:53.839+0000] {logging_mixin.py:190} INFO - [2025-12-19T07:14:53.839+0000] {dagbag.py:588} INFO - Filling up the DagBag from /opt/airflow/dags/transform_data.py
[2025-12-19T07:14:53.843+0000] {processor.py:925} INFO - DAG(s) 'transform_data' retrieved from /opt/airflow/dags/transform_data.py
[2025-12-19T07:14:53.870+0000] {logging_mixin.py:190} INFO - [2025-12-19T07:14:53.869+0000] {dag.py:3239} INFO - Sync 1 DAGs
[2025-12-19T07:14:53.879+0000] {logging_mixin.py:190} INFO - [2025-12-19T07:14:53.878+0000] {dag.py:4180} INFO - Setting next_dagrun for transform_data to None, run_after=None
[2025-12-19T07:14:53.889+0000] {processor.py:208} INFO - Processing /opt/airflow/dags/transform_data.py took 0.060 seconds
[2025-12-19T07:15:24.058+0000] {processor.py:186} INFO - Started process (PID=86) to work on /opt/airflow/dags/transform_data.py
[2025-12-19T07:15:24.061+0000] {processor.py:914} INFO - Processing file /opt/airflow/dags/transform_data.py for tasks to queue
[2025-12-19T07:15:24.063+0000] {logging_mixin.py:190} INFO - [2025-12-19T07:15:24.063+0000] {dagbag.py:588} INFO - Filling up the DagBag from /opt/airflow/dags/transform_data.py
[2025-12-19T07:15:24.072+0000] {processor.py:925} INFO - DAG(s) 'transform_data' retrieved from /opt/airflow/dags/transform_data.py
[2025-12-19T07:15:24.093+0000] {logging_mixin.py:190} INFO - [2025-12-19T07:15:24.092+0000] {dag.py:3239} INFO - Sync 1 DAGs
[2025-12-19T07:15:24.100+0000] {logging_mixin.py:190} INFO - [2025-12-19T07:15:24.100+0000] {dag.py:4180} INFO - Setting next_dagrun for transform_data to None, run_after=None
[2025-12-19T07:15:24.111+0000] {processor.py:208} INFO - Processing /opt/airflow/dags/transform_data.py took 0.058 seconds
[2025-12-19T07:15:54.241+0000] {processor.py:186} INFO - Started process (PID=93) to work on /opt/airflow/dags/transform_data.py
[2025-12-19T07:15:54.242+0000] {processor.py:914} INFO - Processing file /opt/airflow/dags/transform_data.py for tasks to queue
[2025-12-19T07:15:54.245+0000] {logging_mixin.py:190} INFO - [2025-12-19T07:15:54.245+0000] {dagbag.py:588} INFO - Filling up the DagBag from /opt/airflow/dags/transform_data.py
[2025-12-19T07:15:54.253+0000] {processor.py:925} INFO - DAG(s) 'transform_data' retrieved from /opt/airflow/dags/transform_data.py
[2025-12-19T07:15:54.273+0000] {logging_mixin.py:190} INFO - [2025-12-19T07:15:54.273+0000] {dag.py:3239} INFO - Sync 1 DAGs
[2025-12-19T07:15:54.280+0000] {logging_mixin.py:190} INFO - [2025-12-19T07:15:54.280+0000] {dag.py:4180} INFO - Setting next_dagrun for transform_data to None, run_after=None
[2025-12-19T07:15:54.290+0000] {processor.py:208} INFO - Processing /opt/airflow/dags/transform_data.py took 0.053 seconds
[2025-12-19T07:16:24.451+0000] {processor.py:186} INFO - Started process (PID=100) to work on /opt/airflow/dags/transform_data.py
[2025-12-19T07:16:24.453+0000] {processor.py:914} INFO - Processing file /opt/airflow/dags/transform_data.py for tasks to queue
[2025-12-19T07:16:24.454+0000] {logging_mixin.py:190} INFO - [2025-12-19T07:16:24.454+0000] {dagbag.py:588} INFO - Filling up the DagBag from /opt/airflow/dags/transform_data.py
[2025-12-19T07:16:24.460+0000] {processor.py:925} INFO - DAG(s) 'transform_data' retrieved from /opt/airflow/dags/transform_data.py
[2025-12-19T07:16:24.484+0000] {logging_mixin.py:190} INFO - [2025-12-19T07:16:24.483+0000] {dag.py:3239} INFO - Sync 1 DAGs
[2025-12-19T07:16:24.495+0000] {logging_mixin.py:190} INFO - [2025-12-19T07:16:24.495+0000] {dag.py:4180} INFO - Setting next_dagrun for transform_data to None, run_after=None
[2025-12-19T07:16:24.510+0000] {processor.py:208} INFO - Processing /opt/airflow/dags/transform_data.py took 0.063 seconds
[2025-12-19T07:16:54.649+0000] {processor.py:186} INFO - Started process (PID=107) to work on /opt/airflow/dags/transform_data.py
[2025-12-19T07:16:54.652+0000] {processor.py:914} INFO - Processing file /opt/airflow/dags/transform_data.py for tasks to queue
[2025-12-19T07:16:54.655+0000] {logging_mixin.py:190} INFO - [2025-12-19T07:16:54.654+0000] {dagbag.py:588} INFO - Filling up the DagBag from /opt/airflow/dags/transform_data.py
[2025-12-19T07:16:54.663+0000] {processor.py:925} INFO - DAG(s) 'transform_data' retrieved from /opt/airflow/dags/transform_data.py
[2025-12-19T07:16:54.689+0000] {logging_mixin.py:190} INFO - [2025-12-19T07:16:54.689+0000] {dag.py:3239} INFO - Sync 1 DAGs
[2025-12-19T07:16:54.698+0000] {logging_mixin.py:190} INFO - [2025-12-19T07:16:54.698+0000] {dag.py:4180} INFO - Setting next_dagrun for transform_data to None, run_after=None
[2025-12-19T07:16:54.709+0000] {processor.py:208} INFO - Processing /opt/airflow/dags/transform_data.py took 0.067 seconds
[2025-12-19T07:17:24.859+0000] {processor.py:186} INFO - Started process (PID=114) to work on /opt/airflow/dags/transform_data.py
[2025-12-19T07:17:24.862+0000] {processor.py:914} INFO - Processing file /opt/airflow/dags/transform_data.py for tasks to queue
[2025-12-19T07:17:24.863+0000] {logging_mixin.py:190} INFO - [2025-12-19T07:17:24.863+0000] {dagbag.py:588} INFO - Filling up the DagBag from /opt/airflow/dags/transform_data.py
[2025-12-19T07:17:24.867+0000] {processor.py:925} INFO - DAG(s) 'transform_data' retrieved from /opt/airflow/dags/transform_data.py
[2025-12-19T07:17:24.887+0000] {logging_mixin.py:190} INFO - [2025-12-19T07:17:24.887+0000] {dag.py:3239} INFO - Sync 1 DAGs
[2025-12-19T07:17:24.897+0000] {logging_mixin.py:190} INFO - [2025-12-19T07:17:24.897+0000] {dag.py:4180} INFO - Setting next_dagrun for transform_data to None, run_after=None
[2025-12-19T07:17:24.907+0000] {processor.py:208} INFO - Processing /opt/airflow/dags/transform_data.py took 0.052 seconds
[2025-12-19T07:17:55.066+0000] {processor.py:186} INFO - Started process (PID=121) to work on /opt/airflow/dags/transform_data.py
[2025-12-19T07:17:55.067+0000] {processor.py:914} INFO - Processing file /opt/airflow/dags/transform_data.py for tasks to queue
[2025-12-19T07:17:55.070+0000] {logging_mixin.py:190} INFO - [2025-12-19T07:17:55.070+0000] {dagbag.py:588} INFO - Filling up the DagBag from /opt/airflow/dags/transform_data.py
[2025-12-19T07:17:55.078+0000] {processor.py:925} INFO - DAG(s) 'transform_data' retrieved from /opt/airflow/dags/transform_data.py
[2025-12-19T07:17:55.104+0000] {logging_mixin.py:190} INFO - [2025-12-19T07:17:55.104+0000] {dag.py:3239} INFO - Sync 1 DAGs
[2025-12-19T07:17:55.121+0000] {logging_mixin.py:190} INFO - [2025-12-19T07:17:55.121+0000] {dag.py:4180} INFO - Setting next_dagrun for transform_data to None, run_after=None
[2025-12-19T07:17:55.133+0000] {processor.py:208} INFO - Processing /opt/airflow/dags/transform_data.py took 0.074 seconds
[2025-12-19T07:18:25.242+0000] {processor.py:186} INFO - Started process (PID=128) to work on /opt/airflow/dags/transform_data.py
[2025-12-19T07:18:25.244+0000] {processor.py:914} INFO - Processing file /opt/airflow/dags/transform_data.py for tasks to queue
[2025-12-19T07:18:25.245+0000] {logging_mixin.py:190} INFO - [2025-12-19T07:18:25.245+0000] {dagbag.py:588} INFO - Filling up the DagBag from /opt/airflow/dags/transform_data.py
[2025-12-19T07:18:25.250+0000] {processor.py:925} INFO - DAG(s) 'transform_data' retrieved from /opt/airflow/dags/transform_data.py
[2025-12-19T07:18:25.268+0000] {logging_mixin.py:190} INFO - [2025-12-19T07:18:25.268+0000] {dag.py:3239} INFO - Sync 1 DAGs
[2025-12-19T07:18:25.277+0000] {logging_mixin.py:190} INFO - [2025-12-19T07:18:25.277+0000] {dag.py:4180} INFO - Setting next_dagrun for transform_data to None, run_after=None
[2025-12-19T07:18:25.290+0000] {processor.py:208} INFO - Processing /opt/airflow/dags/transform_data.py took 0.052 seconds
[2025-12-19T07:18:55.411+0000] {processor.py:186} INFO - Started process (PID=135) to work on /opt/airflow/dags/transform_data.py
[2025-12-19T07:18:55.414+0000] {processor.py:914} INFO - Processing file /opt/airflow/dags/transform_data.py for tasks to queue
[2025-12-19T07:18:55.415+0000] {logging_mixin.py:190} INFO - [2025-12-19T07:18:55.415+0000] {dagbag.py:588} INFO - Filling up the DagBag from /opt/airflow/dags/transform_data.py
[2025-12-19T07:18:55.421+0000] {processor.py:925} INFO - DAG(s) 'transform_data' retrieved from /opt/airflow/dags/transform_data.py
[2025-12-19T07:18:55.441+0000] {logging_mixin.py:190} INFO - [2025-12-19T07:18:55.441+0000] {dag.py:3239} INFO - Sync 1 DAGs
[2025-12-19T07:18:55.452+0000] {logging_mixin.py:190} INFO - [2025-12-19T07:18:55.452+0000] {dag.py:4180} INFO - Setting next_dagrun for transform_data to None, run_after=None
[2025-12-19T07:18:55.467+0000] {processor.py:208} INFO - Processing /opt/airflow/dags/transform_data.py took 0.060 seconds
[2025-12-19T07:19:25.606+0000] {processor.py:186} INFO - Started process (PID=142) to work on /opt/airflow/dags/transform_data.py
[2025-12-19T07:19:25.607+0000] {processor.py:914} INFO - Processing file /opt/airflow/dags/transform_data.py for tasks to queue
[2025-12-19T07:19:25.611+0000] {logging_mixin.py:190} INFO - [2025-12-19T07:19:25.610+0000] {dagbag.py:588} INFO - Filling up the DagBag from /opt/airflow/dags/transform_data.py
[2025-12-19T07:19:25.623+0000] {processor.py:925} INFO - DAG(s) 'transform_data' retrieved from /opt/airflow/dags/transform_data.py
[2025-12-19T07:19:25.660+0000] {logging_mixin.py:190} INFO - [2025-12-19T07:19:25.660+0000] {dag.py:3239} INFO - Sync 1 DAGs
[2025-12-19T07:19:25.672+0000] {logging_mixin.py:190} INFO - [2025-12-19T07:19:25.671+0000] {dag.py:4180} INFO - Setting next_dagrun for transform_data to None, run_after=None
[2025-12-19T07:19:25.683+0000] {processor.py:208} INFO - Processing /opt/airflow/dags/transform_data.py took 0.088 seconds
[2025-12-19T07:19:55.788+0000] {processor.py:186} INFO - Started process (PID=149) to work on /opt/airflow/dags/transform_data.py
[2025-12-19T07:19:55.790+0000] {processor.py:914} INFO - Processing file /opt/airflow/dags/transform_data.py for tasks to queue
[2025-12-19T07:19:55.792+0000] {logging_mixin.py:190} INFO - [2025-12-19T07:19:55.792+0000] {dagbag.py:588} INFO - Filling up the DagBag from /opt/airflow/dags/transform_data.py
[2025-12-19T07:19:55.797+0000] {processor.py:925} INFO - DAG(s) 'transform_data' retrieved from /opt/airflow/dags/transform_data.py
[2025-12-19T07:19:55.821+0000] {logging_mixin.py:190} INFO - [2025-12-19T07:19:55.821+0000] {dag.py:3239} INFO - Sync 1 DAGs
[2025-12-19T07:19:55.832+0000] {logging_mixin.py:190} INFO - [2025-12-19T07:19:55.832+0000] {dag.py:4180} INFO - Setting next_dagrun for transform_data to None, run_after=None
[2025-12-19T07:19:55.844+0000] {processor.py:208} INFO - Processing /opt/airflow/dags/transform_data.py took 0.060 seconds
[2025-12-19T07:20:25.989+0000] {processor.py:186} INFO - Started process (PID=156) to work on /opt/airflow/dags/transform_data.py
[2025-12-19T07:20:25.991+0000] {processor.py:914} INFO - Processing file /opt/airflow/dags/transform_data.py for tasks to queue
[2025-12-19T07:20:25.993+0000] {logging_mixin.py:190} INFO - [2025-12-19T07:20:25.993+0000] {dagbag.py:588} INFO - Filling up the DagBag from /opt/airflow/dags/transform_data.py
[2025-12-19T07:20:25.997+0000] {processor.py:925} INFO - DAG(s) 'transform_data' retrieved from /opt/airflow/dags/transform_data.py
[2025-12-19T07:20:26.017+0000] {logging_mixin.py:190} INFO - [2025-12-19T07:20:26.016+0000] {dag.py:3239} INFO - Sync 1 DAGs
[2025-12-19T07:20:26.026+0000] {logging_mixin.py:190} INFO - [2025-12-19T07:20:26.026+0000] {dag.py:4180} INFO - Setting next_dagrun for transform_data to None, run_after=None
[2025-12-19T07:20:26.038+0000] {processor.py:208} INFO - Processing /opt/airflow/dags/transform_data.py took 0.055 seconds
[2025-12-19T07:20:56.187+0000] {processor.py:186} INFO - Started process (PID=163) to work on /opt/airflow/dags/transform_data.py
[2025-12-19T07:20:56.190+0000] {processor.py:914} INFO - Processing file /opt/airflow/dags/transform_data.py for tasks to queue
[2025-12-19T07:20:56.193+0000] {logging_mixin.py:190} INFO - [2025-12-19T07:20:56.192+0000] {dagbag.py:588} INFO - Filling up the DagBag from /opt/airflow/dags/transform_data.py
[2025-12-19T07:20:56.202+0000] {processor.py:925} INFO - DAG(s) 'transform_data' retrieved from /opt/airflow/dags/transform_data.py
[2025-12-19T07:20:56.223+0000] {logging_mixin.py:190} INFO - [2025-12-19T07:20:56.223+0000] {dag.py:3239} INFO - Sync 1 DAGs
[2025-12-19T07:20:56.238+0000] {logging_mixin.py:190} INFO - [2025-12-19T07:20:56.238+0000] {dag.py:4180} INFO - Setting next_dagrun for transform_data to None, run_after=None
[2025-12-19T07:20:56.256+0000] {processor.py:208} INFO - Processing /opt/airflow/dags/transform_data.py took 0.074 seconds
[2025-12-19T07:21:26.381+0000] {processor.py:186} INFO - Started process (PID=170) to work on /opt/airflow/dags/transform_data.py
[2025-12-19T07:21:26.384+0000] {processor.py:914} INFO - Processing file /opt/airflow/dags/transform_data.py for tasks to queue
[2025-12-19T07:21:26.386+0000] {logging_mixin.py:190} INFO - [2025-12-19T07:21:26.385+0000] {dagbag.py:588} INFO - Filling up the DagBag from /opt/airflow/dags/transform_data.py
[2025-12-19T07:21:26.390+0000] {processor.py:925} INFO - DAG(s) 'transform_data' retrieved from /opt/airflow/dags/transform_data.py
[2025-12-19T07:21:26.411+0000] {logging_mixin.py:190} INFO - [2025-12-19T07:21:26.411+0000] {dag.py:3239} INFO - Sync 1 DAGs
[2025-12-19T07:21:26.420+0000] {logging_mixin.py:190} INFO - [2025-12-19T07:21:26.420+0000] {dag.py:4180} INFO - Setting next_dagrun for transform_data to None, run_after=None
[2025-12-19T07:21:26.430+0000] {processor.py:208} INFO - Processing /opt/airflow/dags/transform_data.py took 0.055 seconds
[2025-12-19T07:21:56.644+0000] {processor.py:186} INFO - Started process (PID=177) to work on /opt/airflow/dags/transform_data.py
[2025-12-19T07:21:56.646+0000] {processor.py:914} INFO - Processing file /opt/airflow/dags/transform_data.py for tasks to queue
[2025-12-19T07:21:56.647+0000] {logging_mixin.py:190} INFO - [2025-12-19T07:21:56.647+0000] {dagbag.py:588} INFO - Filling up the DagBag from /opt/airflow/dags/transform_data.py
[2025-12-19T07:21:56.652+0000] {processor.py:925} INFO - DAG(s) 'transform_data' retrieved from /opt/airflow/dags/transform_data.py
[2025-12-19T07:21:56.669+0000] {logging_mixin.py:190} INFO - [2025-12-19T07:21:56.669+0000] {dag.py:3239} INFO - Sync 1 DAGs
[2025-12-19T07:21:56.678+0000] {logging_mixin.py:190} INFO - [2025-12-19T07:21:56.678+0000] {dag.py:4180} INFO - Setting next_dagrun for transform_data to None, run_after=None
[2025-12-19T07:21:56.689+0000] {processor.py:208} INFO - Processing /opt/airflow/dags/transform_data.py took 0.050 seconds
[2025-12-19T07:22:26.808+0000] {processor.py:186} INFO - Started process (PID=184) to work on /opt/airflow/dags/transform_data.py
[2025-12-19T07:22:26.811+0000] {processor.py:914} INFO - Processing file /opt/airflow/dags/transform_data.py for tasks to queue
[2025-12-19T07:22:26.812+0000] {logging_mixin.py:190} INFO - [2025-12-19T07:22:26.812+0000] {dagbag.py:588} INFO - Filling up the DagBag from /opt/airflow/dags/transform_data.py
[2025-12-19T07:22:26.819+0000] {processor.py:925} INFO - DAG(s) 'transform_data' retrieved from /opt/airflow/dags/transform_data.py
[2025-12-19T07:22:26.838+0000] {logging_mixin.py:190} INFO - [2025-12-19T07:22:26.838+0000] {dag.py:3239} INFO - Sync 1 DAGs
[2025-12-19T07:22:26.847+0000] {logging_mixin.py:190} INFO - [2025-12-19T07:22:26.846+0000] {dag.py:4180} INFO - Setting next_dagrun for transform_data to None, run_after=None
[2025-12-19T07:22:26.857+0000] {processor.py:208} INFO - Processing /opt/airflow/dags/transform_data.py took 0.054 seconds
[2025-12-19T07:22:57.023+0000] {processor.py:186} INFO - Started process (PID=191) to work on /opt/airflow/dags/transform_data.py
[2025-12-19T07:22:57.025+0000] {processor.py:914} INFO - Processing file /opt/airflow/dags/transform_data.py for tasks to queue
[2025-12-19T07:22:57.028+0000] {logging_mixin.py:190} INFO - [2025-12-19T07:22:57.028+0000] {dagbag.py:588} INFO - Filling up the DagBag from /opt/airflow/dags/transform_data.py
[2025-12-19T07:22:57.036+0000] {processor.py:925} INFO - DAG(s) 'transform_data' retrieved from /opt/airflow/dags/transform_data.py
[2025-12-19T07:22:57.061+0000] {logging_mixin.py:190} INFO - [2025-12-19T07:22:57.061+0000] {dag.py:3239} INFO - Sync 1 DAGs
[2025-12-19T07:22:57.071+0000] {logging_mixin.py:190} INFO - [2025-12-19T07:22:57.071+0000] {dag.py:4180} INFO - Setting next_dagrun for transform_data to None, run_after=None
[2025-12-19T07:22:57.084+0000] {processor.py:208} INFO - Processing /opt/airflow/dags/transform_data.py took 0.067 seconds
[2025-12-19T07:23:27.212+0000] {processor.py:186} INFO - Started process (PID=204) to work on /opt/airflow/dags/transform_data.py
[2025-12-19T07:23:27.214+0000] {processor.py:914} INFO - Processing file /opt/airflow/dags/transform_data.py for tasks to queue
[2025-12-19T07:23:27.215+0000] {logging_mixin.py:190} INFO - [2025-12-19T07:23:27.215+0000] {dagbag.py:588} INFO - Filling up the DagBag from /opt/airflow/dags/transform_data.py
[2025-12-19T07:23:27.221+0000] {processor.py:925} INFO - DAG(s) 'transform_data' retrieved from /opt/airflow/dags/transform_data.py
[2025-12-19T07:23:27.242+0000] {logging_mixin.py:190} INFO - [2025-12-19T07:23:27.242+0000] {dag.py:3239} INFO - Sync 1 DAGs
[2025-12-19T07:23:27.252+0000] {logging_mixin.py:190} INFO - [2025-12-19T07:23:27.251+0000] {dag.py:4180} INFO - Setting next_dagrun for transform_data to None, run_after=None
[2025-12-19T07:23:27.264+0000] {processor.py:208} INFO - Processing /opt/airflow/dags/transform_data.py took 0.057 seconds
[2025-12-19T07:23:57.426+0000] {processor.py:186} INFO - Started process (PID=211) to work on /opt/airflow/dags/transform_data.py
[2025-12-19T07:23:57.428+0000] {processor.py:914} INFO - Processing file /opt/airflow/dags/transform_data.py for tasks to queue
[2025-12-19T07:23:57.431+0000] {logging_mixin.py:190} INFO - [2025-12-19T07:23:57.430+0000] {dagbag.py:588} INFO - Filling up the DagBag from /opt/airflow/dags/transform_data.py
[2025-12-19T07:23:57.440+0000] {processor.py:925} INFO - DAG(s) 'transform_data' retrieved from /opt/airflow/dags/transform_data.py
[2025-12-19T07:23:57.465+0000] {logging_mixin.py:190} INFO - [2025-12-19T07:23:57.464+0000] {dag.py:3239} INFO - Sync 1 DAGs
[2025-12-19T07:23:57.474+0000] {logging_mixin.py:190} INFO - [2025-12-19T07:23:57.474+0000] {dag.py:4180} INFO - Setting next_dagrun for transform_data to None, run_after=None
[2025-12-19T07:23:57.485+0000] {processor.py:208} INFO - Processing /opt/airflow/dags/transform_data.py took 0.065 seconds
[2025-12-19T07:24:27.608+0000] {processor.py:186} INFO - Started process (PID=218) to work on /opt/airflow/dags/transform_data.py
[2025-12-19T07:24:27.610+0000] {processor.py:914} INFO - Processing file /opt/airflow/dags/transform_data.py for tasks to queue
[2025-12-19T07:24:27.612+0000] {logging_mixin.py:190} INFO - [2025-12-19T07:24:27.611+0000] {dagbag.py:588} INFO - Filling up the DagBag from /opt/airflow/dags/transform_data.py
[2025-12-19T07:24:27.617+0000] {processor.py:925} INFO - DAG(s) 'transform_data' retrieved from /opt/airflow/dags/transform_data.py
[2025-12-19T07:24:27.637+0000] {logging_mixin.py:190} INFO - [2025-12-19T07:24:27.637+0000] {dag.py:3239} INFO - Sync 1 DAGs
[2025-12-19T07:24:27.646+0000] {logging_mixin.py:190} INFO - [2025-12-19T07:24:27.646+0000] {dag.py:4180} INFO - Setting next_dagrun for transform_data to None, run_after=None
[2025-12-19T07:24:27.656+0000] {processor.py:208} INFO - Processing /opt/airflow/dags/transform_data.py took 0.054 seconds
[2025-12-19T07:24:57.826+0000] {processor.py:186} INFO - Started process (PID=225) to work on /opt/airflow/dags/transform_data.py
[2025-12-19T07:24:57.828+0000] {processor.py:914} INFO - Processing file /opt/airflow/dags/transform_data.py for tasks to queue
[2025-12-19T07:24:57.830+0000] {logging_mixin.py:190} INFO - [2025-12-19T07:24:57.830+0000] {dagbag.py:588} INFO - Filling up the DagBag from /opt/airflow/dags/transform_data.py
[2025-12-19T07:24:57.837+0000] {processor.py:925} INFO - DAG(s) 'transform_data' retrieved from /opt/airflow/dags/transform_data.py
[2025-12-19T07:24:57.863+0000] {logging_mixin.py:190} INFO - [2025-12-19T07:24:57.863+0000] {dag.py:3239} INFO - Sync 1 DAGs
[2025-12-19T07:24:57.873+0000] {logging_mixin.py:190} INFO - [2025-12-19T07:24:57.873+0000] {dag.py:4180} INFO - Setting next_dagrun for transform_data to None, run_after=None
[2025-12-19T07:24:57.884+0000] {processor.py:208} INFO - Processing /opt/airflow/dags/transform_data.py took 0.066 seconds
[2025-12-19T07:25:28.008+0000] {processor.py:186} INFO - Started process (PID=232) to work on /opt/airflow/dags/transform_data.py
[2025-12-19T07:25:28.010+0000] {processor.py:914} INFO - Processing file /opt/airflow/dags/transform_data.py for tasks to queue
[2025-12-19T07:25:28.014+0000] {logging_mixin.py:190} INFO - [2025-12-19T07:25:28.013+0000] {dagbag.py:588} INFO - Filling up the DagBag from /opt/airflow/dags/transform_data.py
[2025-12-19T07:25:28.022+0000] {processor.py:925} INFO - DAG(s) 'transform_data' retrieved from /opt/airflow/dags/transform_data.py
[2025-12-19T07:25:28.049+0000] {logging_mixin.py:190} INFO - [2025-12-19T07:25:28.049+0000] {dag.py:3239} INFO - Sync 1 DAGs
[2025-12-19T07:25:28.058+0000] {logging_mixin.py:190} INFO - [2025-12-19T07:25:28.058+0000] {dag.py:4180} INFO - Setting next_dagrun for transform_data to None, run_after=None
[2025-12-19T07:25:28.071+0000] {processor.py:208} INFO - Processing /opt/airflow/dags/transform_data.py took 0.070 seconds
[2025-12-19T07:25:58.215+0000] {processor.py:186} INFO - Started process (PID=239) to work on /opt/airflow/dags/transform_data.py
[2025-12-19T07:25:58.217+0000] {processor.py:914} INFO - Processing file /opt/airflow/dags/transform_data.py for tasks to queue
[2025-12-19T07:25:58.219+0000] {logging_mixin.py:190} INFO - [2025-12-19T07:25:58.219+0000] {dagbag.py:588} INFO - Filling up the DagBag from /opt/airflow/dags/transform_data.py
[2025-12-19T07:25:58.224+0000] {processor.py:925} INFO - DAG(s) 'transform_data' retrieved from /opt/airflow/dags/transform_data.py
[2025-12-19T07:25:58.257+0000] {logging_mixin.py:190} INFO - [2025-12-19T07:25:58.256+0000] {dag.py:3239} INFO - Sync 1 DAGs
[2025-12-19T07:25:58.267+0000] {logging_mixin.py:190} INFO - [2025-12-19T07:25:58.266+0000] {dag.py:4180} INFO - Setting next_dagrun for transform_data to None, run_after=None
[2025-12-19T07:25:58.280+0000] {processor.py:208} INFO - Processing /opt/airflow/dags/transform_data.py took 0.069 seconds
[2025-12-19T07:26:28.399+0000] {processor.py:186} INFO - Started process (PID=246) to work on /opt/airflow/dags/transform_data.py
[2025-12-19T07:26:28.401+0000] {processor.py:914} INFO - Processing file /opt/airflow/dags/transform_data.py for tasks to queue
[2025-12-19T07:26:28.405+0000] {logging_mixin.py:190} INFO - [2025-12-19T07:26:28.404+0000] {dagbag.py:588} INFO - Filling up the DagBag from /opt/airflow/dags/transform_data.py
[2025-12-19T07:26:28.413+0000] {processor.py:925} INFO - DAG(s) 'transform_data' retrieved from /opt/airflow/dags/transform_data.py
[2025-12-19T07:26:28.446+0000] {logging_mixin.py:190} INFO - [2025-12-19T07:26:28.445+0000] {dag.py:3239} INFO - Sync 1 DAGs
[2025-12-19T07:26:28.453+0000] {logging_mixin.py:190} INFO - [2025-12-19T07:26:28.453+0000] {dag.py:4180} INFO - Setting next_dagrun for transform_data to None, run_after=None
[2025-12-19T07:26:28.463+0000] {processor.py:208} INFO - Processing /opt/airflow/dags/transform_data.py took 0.071 seconds
[2025-12-19T07:26:58.636+0000] {processor.py:186} INFO - Started process (PID=253) to work on /opt/airflow/dags/transform_data.py
[2025-12-19T07:26:58.638+0000] {processor.py:914} INFO - Processing file /opt/airflow/dags/transform_data.py for tasks to queue
[2025-12-19T07:26:58.641+0000] {logging_mixin.py:190} INFO - [2025-12-19T07:26:58.641+0000] {dagbag.py:588} INFO - Filling up the DagBag from /opt/airflow/dags/transform_data.py
[2025-12-19T07:26:58.650+0000] {processor.py:925} INFO - DAG(s) 'transform_data' retrieved from /opt/airflow/dags/transform_data.py
[2025-12-19T07:26:58.690+0000] {logging_mixin.py:190} INFO - [2025-12-19T07:26:58.689+0000] {dag.py:3239} INFO - Sync 1 DAGs
[2025-12-19T07:26:58.701+0000] {logging_mixin.py:190} INFO - [2025-12-19T07:26:58.700+0000] {dag.py:4180} INFO - Setting next_dagrun for transform_data to None, run_after=None
[2025-12-19T07:26:58.712+0000] {processor.py:208} INFO - Processing /opt/airflow/dags/transform_data.py took 0.088 seconds
[2025-12-19T07:27:28.832+0000] {processor.py:186} INFO - Started process (PID=260) to work on /opt/airflow/dags/transform_data.py
[2025-12-19T07:27:28.834+0000] {processor.py:914} INFO - Processing file /opt/airflow/dags/transform_data.py for tasks to queue
[2025-12-19T07:27:28.837+0000] {logging_mixin.py:190} INFO - [2025-12-19T07:27:28.836+0000] {dagbag.py:588} INFO - Filling up the DagBag from /opt/airflow/dags/transform_data.py
[2025-12-19T07:27:28.844+0000] {processor.py:925} INFO - DAG(s) 'transform_data' retrieved from /opt/airflow/dags/transform_data.py
[2025-12-19T07:27:28.869+0000] {logging_mixin.py:190} INFO - [2025-12-19T07:27:28.869+0000] {dag.py:3239} INFO - Sync 1 DAGs
[2025-12-19T07:27:28.877+0000] {logging_mixin.py:190} INFO - [2025-12-19T07:27:28.877+0000] {dag.py:4180} INFO - Setting next_dagrun for transform_data to None, run_after=None
[2025-12-19T07:27:28.891+0000] {processor.py:208} INFO - Processing /opt/airflow/dags/transform_data.py took 0.065 seconds
[2025-12-19T07:27:59.069+0000] {processor.py:186} INFO - Started process (PID=267) to work on /opt/airflow/dags/transform_data.py
[2025-12-19T07:27:59.072+0000] {processor.py:914} INFO - Processing file /opt/airflow/dags/transform_data.py for tasks to queue
[2025-12-19T07:27:59.073+0000] {logging_mixin.py:190} INFO - [2025-12-19T07:27:59.073+0000] {dagbag.py:588} INFO - Filling up the DagBag from /opt/airflow/dags/transform_data.py
[2025-12-19T07:27:59.081+0000] {processor.py:925} INFO - DAG(s) 'transform_data' retrieved from /opt/airflow/dags/transform_data.py
[2025-12-19T07:27:59.109+0000] {logging_mixin.py:190} INFO - [2025-12-19T07:27:59.109+0000] {dag.py:3239} INFO - Sync 1 DAGs
[2025-12-19T07:27:59.119+0000] {logging_mixin.py:190} INFO - [2025-12-19T07:27:59.118+0000] {dag.py:4180} INFO - Setting next_dagrun for transform_data to None, run_after=None
[2025-12-19T07:27:59.131+0000] {processor.py:208} INFO - Processing /opt/airflow/dags/transform_data.py took 0.068 seconds
[2025-12-19T07:28:29.259+0000] {processor.py:186} INFO - Started process (PID=274) to work on /opt/airflow/dags/transform_data.py
[2025-12-19T07:28:29.261+0000] {processor.py:914} INFO - Processing file /opt/airflow/dags/transform_data.py for tasks to queue
[2025-12-19T07:28:29.262+0000] {logging_mixin.py:190} INFO - [2025-12-19T07:28:29.262+0000] {dagbag.py:588} INFO - Filling up the DagBag from /opt/airflow/dags/transform_data.py
[2025-12-19T07:28:29.268+0000] {processor.py:925} INFO - DAG(s) 'transform_data' retrieved from /opt/airflow/dags/transform_data.py
[2025-12-19T07:28:29.289+0000] {logging_mixin.py:190} INFO - [2025-12-19T07:28:29.289+0000] {dag.py:3239} INFO - Sync 1 DAGs
[2025-12-19T07:28:29.299+0000] {logging_mixin.py:190} INFO - [2025-12-19T07:28:29.299+0000] {dag.py:4180} INFO - Setting next_dagrun for transform_data to None, run_after=None
[2025-12-19T07:28:29.312+0000] {processor.py:208} INFO - Processing /opt/airflow/dags/transform_data.py took 0.057 seconds
[2025-12-19T07:28:59.461+0000] {processor.py:186} INFO - Started process (PID=281) to work on /opt/airflow/dags/transform_data.py
[2025-12-19T07:28:59.464+0000] {processor.py:914} INFO - Processing file /opt/airflow/dags/transform_data.py for tasks to queue
[2025-12-19T07:28:59.468+0000] {logging_mixin.py:190} INFO - [2025-12-19T07:28:59.467+0000] {dagbag.py:588} INFO - Filling up the DagBag from /opt/airflow/dags/transform_data.py
[2025-12-19T07:28:59.476+0000] {processor.py:925} INFO - DAG(s) 'transform_data' retrieved from /opt/airflow/dags/transform_data.py
[2025-12-19T07:28:59.512+0000] {logging_mixin.py:190} INFO - [2025-12-19T07:28:59.511+0000] {dag.py:3239} INFO - Sync 1 DAGs
[2025-12-19T07:28:59.522+0000] {logging_mixin.py:190} INFO - [2025-12-19T07:28:59.522+0000] {dag.py:4180} INFO - Setting next_dagrun for transform_data to None, run_after=None
[2025-12-19T07:28:59.531+0000] {processor.py:208} INFO - Processing /opt/airflow/dags/transform_data.py took 0.077 seconds
[2025-12-19T07:29:29.641+0000] {processor.py:186} INFO - Started process (PID=288) to work on /opt/airflow/dags/transform_data.py
[2025-12-19T07:29:29.644+0000] {processor.py:914} INFO - Processing file /opt/airflow/dags/transform_data.py for tasks to queue
[2025-12-19T07:29:29.647+0000] {logging_mixin.py:190} INFO - [2025-12-19T07:29:29.646+0000] {dagbag.py:588} INFO - Filling up the DagBag from /opt/airflow/dags/transform_data.py
[2025-12-19T07:29:29.655+0000] {processor.py:925} INFO - DAG(s) 'transform_data' retrieved from /opt/airflow/dags/transform_data.py
[2025-12-19T07:29:29.685+0000] {logging_mixin.py:190} INFO - [2025-12-19T07:29:29.685+0000] {dag.py:3239} INFO - Sync 1 DAGs
[2025-12-19T07:29:29.696+0000] {logging_mixin.py:190} INFO - [2025-12-19T07:29:29.696+0000] {dag.py:4180} INFO - Setting next_dagrun for transform_data to None, run_after=None
[2025-12-19T07:29:29.707+0000] {processor.py:208} INFO - Processing /opt/airflow/dags/transform_data.py took 0.072 seconds
[2025-12-19T07:29:59.855+0000] {processor.py:186} INFO - Started process (PID=295) to work on /opt/airflow/dags/transform_data.py
[2025-12-19T07:29:59.857+0000] {processor.py:914} INFO - Processing file /opt/airflow/dags/transform_data.py for tasks to queue
[2025-12-19T07:29:59.859+0000] {logging_mixin.py:190} INFO - [2025-12-19T07:29:59.859+0000] {dagbag.py:588} INFO - Filling up the DagBag from /opt/airflow/dags/transform_data.py
[2025-12-19T07:29:59.863+0000] {processor.py:925} INFO - DAG(s) 'transform_data' retrieved from /opt/airflow/dags/transform_data.py
[2025-12-19T07:29:59.883+0000] {logging_mixin.py:190} INFO - [2025-12-19T07:29:59.883+0000] {dag.py:3239} INFO - Sync 1 DAGs
[2025-12-19T07:29:59.891+0000] {logging_mixin.py:190} INFO - [2025-12-19T07:29:59.891+0000] {dag.py:4180} INFO - Setting next_dagrun for transform_data to None, run_after=None
[2025-12-19T07:29:59.902+0000] {processor.py:208} INFO - Processing /opt/airflow/dags/transform_data.py took 0.053 seconds
[2025-12-19T07:30:30.042+0000] {processor.py:186} INFO - Started process (PID=302) to work on /opt/airflow/dags/transform_data.py
[2025-12-19T07:30:30.043+0000] {processor.py:914} INFO - Processing file /opt/airflow/dags/transform_data.py for tasks to queue
[2025-12-19T07:30:30.045+0000] {logging_mixin.py:190} INFO - [2025-12-19T07:30:30.045+0000] {dagbag.py:588} INFO - Filling up the DagBag from /opt/airflow/dags/transform_data.py
[2025-12-19T07:30:30.051+0000] {processor.py:925} INFO - DAG(s) 'transform_data' retrieved from /opt/airflow/dags/transform_data.py
[2025-12-19T07:30:30.082+0000] {logging_mixin.py:190} INFO - [2025-12-19T07:30:30.082+0000] {dag.py:3239} INFO - Sync 1 DAGs
[2025-12-19T07:30:30.095+0000] {logging_mixin.py:190} INFO - [2025-12-19T07:30:30.094+0000] {dag.py:4180} INFO - Setting next_dagrun for transform_data to None, run_after=None
[2025-12-19T07:30:30.115+0000] {processor.py:208} INFO - Processing /opt/airflow/dags/transform_data.py took 0.081 seconds
[2025-12-19T07:31:00.265+0000] {processor.py:186} INFO - Started process (PID=309) to work on /opt/airflow/dags/transform_data.py
[2025-12-19T07:31:00.267+0000] {processor.py:914} INFO - Processing file /opt/airflow/dags/transform_data.py for tasks to queue
[2025-12-19T07:31:00.268+0000] {logging_mixin.py:190} INFO - [2025-12-19T07:31:00.268+0000] {dagbag.py:588} INFO - Filling up the DagBag from /opt/airflow/dags/transform_data.py
[2025-12-19T07:31:00.272+0000] {processor.py:925} INFO - DAG(s) 'transform_data' retrieved from /opt/airflow/dags/transform_data.py
[2025-12-19T07:31:00.292+0000] {logging_mixin.py:190} INFO - [2025-12-19T07:31:00.292+0000] {dag.py:3239} INFO - Sync 1 DAGs
[2025-12-19T07:31:00.300+0000] {logging_mixin.py:190} INFO - [2025-12-19T07:31:00.300+0000] {dag.py:4180} INFO - Setting next_dagrun for transform_data to None, run_after=None
[2025-12-19T07:31:00.310+0000] {processor.py:208} INFO - Processing /opt/airflow/dags/transform_data.py took 0.050 seconds
[2025-12-19T07:31:30.463+0000] {processor.py:186} INFO - Started process (PID=316) to work on /opt/airflow/dags/transform_data.py
[2025-12-19T07:31:30.465+0000] {processor.py:914} INFO - Processing file /opt/airflow/dags/transform_data.py for tasks to queue
[2025-12-19T07:31:30.467+0000] {logging_mixin.py:190} INFO - [2025-12-19T07:31:30.466+0000] {dagbag.py:588} INFO - Filling up the DagBag from /opt/airflow/dags/transform_data.py
[2025-12-19T07:31:30.471+0000] {processor.py:925} INFO - DAG(s) 'transform_data' retrieved from /opt/airflow/dags/transform_data.py
[2025-12-19T07:31:30.490+0000] {logging_mixin.py:190} INFO - [2025-12-19T07:31:30.490+0000] {dag.py:3239} INFO - Sync 1 DAGs
[2025-12-19T07:31:30.500+0000] {logging_mixin.py:190} INFO - [2025-12-19T07:31:30.499+0000] {dag.py:4180} INFO - Setting next_dagrun for transform_data to None, run_after=None
[2025-12-19T07:31:30.513+0000] {processor.py:208} INFO - Processing /opt/airflow/dags/transform_data.py took 0.053 seconds
[2025-12-19T07:32:00.653+0000] {processor.py:186} INFO - Started process (PID=323) to work on /opt/airflow/dags/transform_data.py
[2025-12-19T07:32:00.656+0000] {processor.py:914} INFO - Processing file /opt/airflow/dags/transform_data.py for tasks to queue
[2025-12-19T07:32:00.659+0000] {logging_mixin.py:190} INFO - [2025-12-19T07:32:00.658+0000] {dagbag.py:588} INFO - Filling up the DagBag from /opt/airflow/dags/transform_data.py
[2025-12-19T07:32:00.665+0000] {processor.py:925} INFO - DAG(s) 'transform_data' retrieved from /opt/airflow/dags/transform_data.py
[2025-12-19T07:32:00.700+0000] {logging_mixin.py:190} INFO - [2025-12-19T07:32:00.699+0000] {dag.py:3239} INFO - Sync 1 DAGs
[2025-12-19T07:32:00.708+0000] {logging_mixin.py:190} INFO - [2025-12-19T07:32:00.708+0000] {dag.py:4180} INFO - Setting next_dagrun for transform_data to None, run_after=None
[2025-12-19T07:32:00.718+0000] {processor.py:208} INFO - Processing /opt/airflow/dags/transform_data.py took 0.072 seconds
[2025-12-19T07:32:30.873+0000] {processor.py:186} INFO - Started process (PID=330) to work on /opt/airflow/dags/transform_data.py
[2025-12-19T07:32:30.875+0000] {processor.py:914} INFO - Processing file /opt/airflow/dags/transform_data.py for tasks to queue
[2025-12-19T07:32:30.877+0000] {logging_mixin.py:190} INFO - [2025-12-19T07:32:30.876+0000] {dagbag.py:588} INFO - Filling up the DagBag from /opt/airflow/dags/transform_data.py
[2025-12-19T07:32:30.887+0000] {processor.py:925} INFO - DAG(s) 'transform_data' retrieved from /opt/airflow/dags/transform_data.py
[2025-12-19T07:32:30.907+0000] {logging_mixin.py:190} INFO - [2025-12-19T07:32:30.907+0000] {dag.py:3239} INFO - Sync 1 DAGs
[2025-12-19T07:32:30.918+0000] {logging_mixin.py:190} INFO - [2025-12-19T07:32:30.918+0000] {dag.py:4180} INFO - Setting next_dagrun for transform_data to None, run_after=None
[2025-12-19T07:32:30.932+0000] {processor.py:208} INFO - Processing /opt/airflow/dags/transform_data.py took 0.064 seconds
[2025-12-19T07:33:01.062+0000] {processor.py:186} INFO - Started process (PID=337) to work on /opt/airflow/dags/transform_data.py
[2025-12-19T07:33:01.064+0000] {processor.py:914} INFO - Processing file /opt/airflow/dags/transform_data.py for tasks to queue
[2025-12-19T07:33:01.067+0000] {logging_mixin.py:190} INFO - [2025-12-19T07:33:01.067+0000] {dagbag.py:588} INFO - Filling up the DagBag from /opt/airflow/dags/transform_data.py
[2025-12-19T07:33:01.080+0000] {processor.py:925} INFO - DAG(s) 'transform_data' retrieved from /opt/airflow/dags/transform_data.py
[2025-12-19T07:33:01.110+0000] {logging_mixin.py:190} INFO - [2025-12-19T07:33:01.110+0000] {dag.py:3239} INFO - Sync 1 DAGs
[2025-12-19T07:33:01.122+0000] {logging_mixin.py:190} INFO - [2025-12-19T07:33:01.122+0000] {dag.py:4180} INFO - Setting next_dagrun for transform_data to None, run_after=None
[2025-12-19T07:33:01.134+0000] {processor.py:208} INFO - Processing /opt/airflow/dags/transform_data.py took 0.079 seconds
[2025-12-19T07:33:31.284+0000] {processor.py:186} INFO - Started process (PID=344) to work on /opt/airflow/dags/transform_data.py
[2025-12-19T07:33:31.287+0000] {processor.py:914} INFO - Processing file /opt/airflow/dags/transform_data.py for tasks to queue
[2025-12-19T07:33:31.289+0000] {logging_mixin.py:190} INFO - [2025-12-19T07:33:31.289+0000] {dagbag.py:588} INFO - Filling up the DagBag from /opt/airflow/dags/transform_data.py
[2025-12-19T07:33:31.305+0000] {processor.py:925} INFO - DAG(s) 'transform_data' retrieved from /opt/airflow/dags/transform_data.py
[2025-12-19T07:33:31.328+0000] {logging_mixin.py:190} INFO - [2025-12-19T07:33:31.328+0000] {dag.py:3239} INFO - Sync 1 DAGs
[2025-12-19T07:33:31.337+0000] {logging_mixin.py:190} INFO - [2025-12-19T07:33:31.337+0000] {dag.py:4180} INFO - Setting next_dagrun for transform_data to None, run_after=None
[2025-12-19T07:33:31.348+0000] {processor.py:208} INFO - Processing /opt/airflow/dags/transform_data.py took 0.071 seconds
[2025-12-19T07:34:01.493+0000] {processor.py:186} INFO - Started process (PID=351) to work on /opt/airflow/dags/transform_data.py
[2025-12-19T07:34:01.496+0000] {processor.py:914} INFO - Processing file /opt/airflow/dags/transform_data.py for tasks to queue
[2025-12-19T07:34:01.499+0000] {logging_mixin.py:190} INFO - [2025-12-19T07:34:01.499+0000] {dagbag.py:588} INFO - Filling up the DagBag from /opt/airflow/dags/transform_data.py
[2025-12-19T07:34:01.515+0000] {processor.py:925} INFO - DAG(s) 'transform_data' retrieved from /opt/airflow/dags/transform_data.py
[2025-12-19T07:34:01.536+0000] {logging_mixin.py:190} INFO - [2025-12-19T07:34:01.536+0000] {dag.py:3239} INFO - Sync 1 DAGs
[2025-12-19T07:34:01.550+0000] {logging_mixin.py:190} INFO - [2025-12-19T07:34:01.550+0000] {dag.py:4180} INFO - Setting next_dagrun for transform_data to None, run_after=None
[2025-12-19T07:34:01.563+0000] {processor.py:208} INFO - Processing /opt/airflow/dags/transform_data.py took 0.076 seconds
[2025-12-19T07:34:31.707+0000] {processor.py:186} INFO - Started process (PID=358) to work on /opt/airflow/dags/transform_data.py
[2025-12-19T07:34:31.709+0000] {processor.py:914} INFO - Processing file /opt/airflow/dags/transform_data.py for tasks to queue
[2025-12-19T07:34:31.711+0000] {logging_mixin.py:190} INFO - [2025-12-19T07:34:31.711+0000] {dagbag.py:588} INFO - Filling up the DagBag from /opt/airflow/dags/transform_data.py
[2025-12-19T07:34:31.716+0000] {processor.py:925} INFO - DAG(s) 'transform_data' retrieved from /opt/airflow/dags/transform_data.py
[2025-12-19T07:34:31.734+0000] {logging_mixin.py:190} INFO - [2025-12-19T07:34:31.734+0000] {dag.py:3239} INFO - Sync 1 DAGs
[2025-12-19T07:34:31.743+0000] {logging_mixin.py:190} INFO - [2025-12-19T07:34:31.743+0000] {dag.py:4180} INFO - Setting next_dagrun for transform_data to None, run_after=None
[2025-12-19T07:34:31.758+0000] {processor.py:208} INFO - Processing /opt/airflow/dags/transform_data.py took 0.056 seconds
[2025-12-19T07:35:01.892+0000] {processor.py:186} INFO - Started process (PID=365) to work on /opt/airflow/dags/transform_data.py
[2025-12-19T07:35:01.894+0000] {processor.py:914} INFO - Processing file /opt/airflow/dags/transform_data.py for tasks to queue
[2025-12-19T07:35:01.896+0000] {logging_mixin.py:190} INFO - [2025-12-19T07:35:01.896+0000] {dagbag.py:588} INFO - Filling up the DagBag from /opt/airflow/dags/transform_data.py
[2025-12-19T07:35:01.902+0000] {processor.py:925} INFO - DAG(s) 'transform_data' retrieved from /opt/airflow/dags/transform_data.py
[2025-12-19T07:35:01.923+0000] {logging_mixin.py:190} INFO - [2025-12-19T07:35:01.923+0000] {dag.py:3239} INFO - Sync 1 DAGs
[2025-12-19T07:35:01.933+0000] {logging_mixin.py:190} INFO - [2025-12-19T07:35:01.932+0000] {dag.py:4180} INFO - Setting next_dagrun for transform_data to None, run_after=None
[2025-12-19T07:35:01.946+0000] {processor.py:208} INFO - Processing /opt/airflow/dags/transform_data.py took 0.058 seconds
[2025-12-19T07:35:32.105+0000] {processor.py:186} INFO - Started process (PID=372) to work on /opt/airflow/dags/transform_data.py
[2025-12-19T07:35:32.109+0000] {processor.py:914} INFO - Processing file /opt/airflow/dags/transform_data.py for tasks to queue
[2025-12-19T07:35:32.112+0000] {logging_mixin.py:190} INFO - [2025-12-19T07:35:32.112+0000] {dagbag.py:588} INFO - Filling up the DagBag from /opt/airflow/dags/transform_data.py
[2025-12-19T07:35:32.120+0000] {processor.py:925} INFO - DAG(s) 'transform_data' retrieved from /opt/airflow/dags/transform_data.py
[2025-12-19T07:35:32.144+0000] {logging_mixin.py:190} INFO - [2025-12-19T07:35:32.144+0000] {dag.py:3239} INFO - Sync 1 DAGs
[2025-12-19T07:35:32.154+0000] {logging_mixin.py:190} INFO - [2025-12-19T07:35:32.154+0000] {dag.py:4180} INFO - Setting next_dagrun for transform_data to None, run_after=None
[2025-12-19T07:35:32.167+0000] {processor.py:208} INFO - Processing /opt/airflow/dags/transform_data.py took 0.073 seconds
[2025-12-19T07:36:02.284+0000] {processor.py:186} INFO - Started process (PID=379) to work on /opt/airflow/dags/transform_data.py
[2025-12-19T07:36:02.287+0000] {processor.py:914} INFO - Processing file /opt/airflow/dags/transform_data.py for tasks to queue
[2025-12-19T07:36:02.288+0000] {logging_mixin.py:190} INFO - [2025-12-19T07:36:02.288+0000] {dagbag.py:588} INFO - Filling up the DagBag from /opt/airflow/dags/transform_data.py
[2025-12-19T07:36:02.292+0000] {processor.py:925} INFO - DAG(s) 'transform_data' retrieved from /opt/airflow/dags/transform_data.py
[2025-12-19T07:36:02.309+0000] {logging_mixin.py:190} INFO - [2025-12-19T07:36:02.309+0000] {dag.py:3239} INFO - Sync 1 DAGs
[2025-12-19T07:36:02.317+0000] {logging_mixin.py:190} INFO - [2025-12-19T07:36:02.317+0000] {dag.py:4180} INFO - Setting next_dagrun for transform_data to None, run_after=None
[2025-12-19T07:36:02.327+0000] {processor.py:208} INFO - Processing /opt/airflow/dags/transform_data.py took 0.046 seconds
[2025-12-19T07:36:32.493+0000] {processor.py:186} INFO - Started process (PID=386) to work on /opt/airflow/dags/transform_data.py
[2025-12-19T07:36:32.495+0000] {processor.py:914} INFO - Processing file /opt/airflow/dags/transform_data.py for tasks to queue
[2025-12-19T07:36:32.497+0000] {logging_mixin.py:190} INFO - [2025-12-19T07:36:32.497+0000] {dagbag.py:588} INFO - Filling up the DagBag from /opt/airflow/dags/transform_data.py
[2025-12-19T07:36:32.504+0000] {processor.py:925} INFO - DAG(s) 'transform_data' retrieved from /opt/airflow/dags/transform_data.py
[2025-12-19T07:36:32.532+0000] {logging_mixin.py:190} INFO - [2025-12-19T07:36:32.532+0000] {dag.py:3239} INFO - Sync 1 DAGs
[2025-12-19T07:36:32.542+0000] {logging_mixin.py:190} INFO - [2025-12-19T07:36:32.541+0000] {dag.py:4180} INFO - Setting next_dagrun for transform_data to None, run_after=None
[2025-12-19T07:36:32.552+0000] {processor.py:208} INFO - Processing /opt/airflow/dags/transform_data.py took 0.063 seconds
[2025-12-19T07:37:02.670+0000] {processor.py:186} INFO - Started process (PID=393) to work on /opt/airflow/dags/transform_data.py
[2025-12-19T07:37:02.673+0000] {processor.py:914} INFO - Processing file /opt/airflow/dags/transform_data.py for tasks to queue
[2025-12-19T07:37:02.676+0000] {logging_mixin.py:190} INFO - [2025-12-19T07:37:02.676+0000] {dagbag.py:588} INFO - Filling up the DagBag from /opt/airflow/dags/transform_data.py
[2025-12-19T07:37:02.683+0000] {processor.py:925} INFO - DAG(s) 'transform_data' retrieved from /opt/airflow/dags/transform_data.py
[2025-12-19T07:37:02.711+0000] {logging_mixin.py:190} INFO - [2025-12-19T07:37:02.710+0000] {dag.py:3239} INFO - Sync 1 DAGs
[2025-12-19T07:37:02.720+0000] {logging_mixin.py:190} INFO - [2025-12-19T07:37:02.720+0000] {dag.py:4180} INFO - Setting next_dagrun for transform_data to None, run_after=None
[2025-12-19T07:37:02.730+0000] {processor.py:208} INFO - Processing /opt/airflow/dags/transform_data.py took 0.067 seconds
[2025-12-19T07:37:32.906+0000] {processor.py:186} INFO - Started process (PID=400) to work on /opt/airflow/dags/transform_data.py
[2025-12-19T07:37:32.908+0000] {processor.py:914} INFO - Processing file /opt/airflow/dags/transform_data.py for tasks to queue
[2025-12-19T07:37:32.912+0000] {logging_mixin.py:190} INFO - [2025-12-19T07:37:32.911+0000] {dagbag.py:588} INFO - Filling up the DagBag from /opt/airflow/dags/transform_data.py
[2025-12-19T07:37:32.921+0000] {processor.py:925} INFO - DAG(s) 'transform_data' retrieved from /opt/airflow/dags/transform_data.py
[2025-12-19T07:37:32.965+0000] {logging_mixin.py:190} INFO - [2025-12-19T07:37:32.965+0000] {dag.py:3239} INFO - Sync 1 DAGs
[2025-12-19T07:37:32.975+0000] {logging_mixin.py:190} INFO - [2025-12-19T07:37:32.975+0000] {dag.py:4180} INFO - Setting next_dagrun for transform_data to None, run_after=None
[2025-12-19T07:37:32.991+0000] {processor.py:208} INFO - Processing /opt/airflow/dags/transform_data.py took 0.093 seconds
[2025-12-19T07:38:03.084+0000] {processor.py:186} INFO - Started process (PID=407) to work on /opt/airflow/dags/transform_data.py
[2025-12-19T07:38:03.087+0000] {processor.py:914} INFO - Processing file /opt/airflow/dags/transform_data.py for tasks to queue
[2025-12-19T07:38:03.090+0000] {logging_mixin.py:190} INFO - [2025-12-19T07:38:03.089+0000] {dagbag.py:588} INFO - Filling up the DagBag from /opt/airflow/dags/transform_data.py
[2025-12-19T07:38:03.099+0000] {processor.py:925} INFO - DAG(s) 'transform_data' retrieved from /opt/airflow/dags/transform_data.py
[2025-12-19T07:38:03.120+0000] {logging_mixin.py:190} INFO - [2025-12-19T07:38:03.120+0000] {dag.py:3239} INFO - Sync 1 DAGs
[2025-12-19T07:38:03.132+0000] {logging_mixin.py:190} INFO - [2025-12-19T07:38:03.132+0000] {dag.py:4180} INFO - Setting next_dagrun for transform_data to None, run_after=None
[2025-12-19T07:38:03.145+0000] {processor.py:208} INFO - Processing /opt/airflow/dags/transform_data.py took 0.070 seconds
[2025-12-19T07:38:33.270+0000] {processor.py:186} INFO - Started process (PID=414) to work on /opt/airflow/dags/transform_data.py
[2025-12-19T07:38:33.272+0000] {processor.py:914} INFO - Processing file /opt/airflow/dags/transform_data.py for tasks to queue
[2025-12-19T07:38:33.275+0000] {logging_mixin.py:190} INFO - [2025-12-19T07:38:33.274+0000] {dagbag.py:588} INFO - Filling up the DagBag from /opt/airflow/dags/transform_data.py
[2025-12-19T07:38:33.282+0000] {processor.py:925} INFO - DAG(s) 'transform_data' retrieved from /opt/airflow/dags/transform_data.py
[2025-12-19T07:38:33.302+0000] {logging_mixin.py:190} INFO - [2025-12-19T07:38:33.302+0000] {dag.py:3239} INFO - Sync 1 DAGs
[2025-12-19T07:38:33.310+0000] {logging_mixin.py:190} INFO - [2025-12-19T07:38:33.310+0000] {dag.py:4180} INFO - Setting next_dagrun for transform_data to None, run_after=None
[2025-12-19T07:38:33.325+0000] {processor.py:208} INFO - Processing /opt/airflow/dags/transform_data.py took 0.062 seconds
[2025-12-19T07:39:03.518+0000] {processor.py:186} INFO - Started process (PID=421) to work on /opt/airflow/dags/transform_data.py
[2025-12-19T07:39:03.520+0000] {processor.py:914} INFO - Processing file /opt/airflow/dags/transform_data.py for tasks to queue
[2025-12-19T07:39:03.524+0000] {logging_mixin.py:190} INFO - [2025-12-19T07:39:03.523+0000] {dagbag.py:588} INFO - Filling up the DagBag from /opt/airflow/dags/transform_data.py
[2025-12-19T07:39:03.531+0000] {processor.py:925} INFO - DAG(s) 'transform_data' retrieved from /opt/airflow/dags/transform_data.py
[2025-12-19T07:39:03.555+0000] {logging_mixin.py:190} INFO - [2025-12-19T07:39:03.555+0000] {dag.py:3239} INFO - Sync 1 DAGs
[2025-12-19T07:39:03.564+0000] {logging_mixin.py:190} INFO - [2025-12-19T07:39:03.564+0000] {dag.py:4180} INFO - Setting next_dagrun for transform_data to None, run_after=None
[2025-12-19T07:39:03.574+0000] {processor.py:208} INFO - Processing /opt/airflow/dags/transform_data.py took 0.064 seconds
[2025-12-19T07:39:33.701+0000] {processor.py:186} INFO - Started process (PID=428) to work on /opt/airflow/dags/transform_data.py
[2025-12-19T07:39:33.703+0000] {processor.py:914} INFO - Processing file /opt/airflow/dags/transform_data.py for tasks to queue
[2025-12-19T07:39:33.705+0000] {logging_mixin.py:190} INFO - [2025-12-19T07:39:33.705+0000] {dagbag.py:588} INFO - Filling up the DagBag from /opt/airflow/dags/transform_data.py
[2025-12-19T07:39:33.713+0000] {processor.py:925} INFO - DAG(s) 'transform_data' retrieved from /opt/airflow/dags/transform_data.py
[2025-12-19T07:39:33.731+0000] {logging_mixin.py:190} INFO - [2025-12-19T07:39:33.731+0000] {dag.py:3239} INFO - Sync 1 DAGs
[2025-12-19T07:39:33.741+0000] {logging_mixin.py:190} INFO - [2025-12-19T07:39:33.740+0000] {dag.py:4180} INFO - Setting next_dagrun for transform_data to None, run_after=None
[2025-12-19T07:39:33.750+0000] {processor.py:208} INFO - Processing /opt/airflow/dags/transform_data.py took 0.055 seconds
[2025-12-19T07:40:03.908+0000] {processor.py:186} INFO - Started process (PID=435) to work on /opt/airflow/dags/transform_data.py
[2025-12-19T07:40:03.910+0000] {processor.py:914} INFO - Processing file /opt/airflow/dags/transform_data.py for tasks to queue
[2025-12-19T07:40:03.911+0000] {logging_mixin.py:190} INFO - [2025-12-19T07:40:03.911+0000] {dagbag.py:588} INFO - Filling up the DagBag from /opt/airflow/dags/transform_data.py
[2025-12-19T07:40:03.915+0000] {processor.py:925} INFO - DAG(s) 'transform_data' retrieved from /opt/airflow/dags/transform_data.py
[2025-12-19T07:40:03.930+0000] {logging_mixin.py:190} INFO - [2025-12-19T07:40:03.930+0000] {dag.py:3239} INFO - Sync 1 DAGs
[2025-12-19T07:40:03.937+0000] {logging_mixin.py:190} INFO - [2025-12-19T07:40:03.937+0000] {dag.py:4180} INFO - Setting next_dagrun for transform_data to None, run_after=None
[2025-12-19T07:40:03.947+0000] {processor.py:208} INFO - Processing /opt/airflow/dags/transform_data.py took 0.044 seconds
[2025-12-19T07:40:34.049+0000] {processor.py:186} INFO - Started process (PID=441) to work on /opt/airflow/dags/transform_data.py
[2025-12-19T07:40:34.051+0000] {processor.py:914} INFO - Processing file /opt/airflow/dags/transform_data.py for tasks to queue
[2025-12-19T07:40:34.052+0000] {logging_mixin.py:190} INFO - [2025-12-19T07:40:34.052+0000] {dagbag.py:588} INFO - Filling up the DagBag from /opt/airflow/dags/transform_data.py
[2025-12-19T07:40:34.056+0000] {processor.py:925} INFO - DAG(s) 'transform_data' retrieved from /opt/airflow/dags/transform_data.py
[2025-12-19T07:40:34.071+0000] {logging_mixin.py:190} INFO - [2025-12-19T07:40:34.071+0000] {dag.py:3239} INFO - Sync 1 DAGs
[2025-12-19T07:40:34.079+0000] {logging_mixin.py:190} INFO - [2025-12-19T07:40:34.078+0000] {dag.py:4180} INFO - Setting next_dagrun for transform_data to None, run_after=None
[2025-12-19T07:40:34.089+0000] {processor.py:208} INFO - Processing /opt/airflow/dags/transform_data.py took 0.044 seconds
[2025-12-19T07:41:04.227+0000] {processor.py:186} INFO - Started process (PID=447) to work on /opt/airflow/dags/transform_data.py
[2025-12-19T07:41:04.230+0000] {processor.py:914} INFO - Processing file /opt/airflow/dags/transform_data.py for tasks to queue
[2025-12-19T07:41:04.231+0000] {logging_mixin.py:190} INFO - [2025-12-19T07:41:04.231+0000] {dagbag.py:588} INFO - Filling up the DagBag from /opt/airflow/dags/transform_data.py
[2025-12-19T07:41:04.235+0000] {processor.py:925} INFO - DAG(s) 'transform_data' retrieved from /opt/airflow/dags/transform_data.py
[2025-12-19T07:41:04.259+0000] {logging_mixin.py:190} INFO - [2025-12-19T07:41:04.258+0000] {dag.py:3239} INFO - Sync 1 DAGs
[2025-12-19T07:41:04.268+0000] {logging_mixin.py:190} INFO - [2025-12-19T07:41:04.268+0000] {dag.py:4180} INFO - Setting next_dagrun for transform_data to None, run_after=None
[2025-12-19T07:41:04.278+0000] {processor.py:208} INFO - Processing /opt/airflow/dags/transform_data.py took 0.055 seconds
[2025-12-19T07:41:34.421+0000] {processor.py:186} INFO - Started process (PID=454) to work on /opt/airflow/dags/transform_data.py
[2025-12-19T07:41:34.424+0000] {processor.py:914} INFO - Processing file /opt/airflow/dags/transform_data.py for tasks to queue
[2025-12-19T07:41:34.426+0000] {logging_mixin.py:190} INFO - [2025-12-19T07:41:34.425+0000] {dagbag.py:588} INFO - Filling up the DagBag from /opt/airflow/dags/transform_data.py
[2025-12-19T07:41:34.435+0000] {processor.py:925} INFO - DAG(s) 'transform_data' retrieved from /opt/airflow/dags/transform_data.py
[2025-12-19T07:41:34.461+0000] {logging_mixin.py:190} INFO - [2025-12-19T07:41:34.461+0000] {dag.py:3239} INFO - Sync 1 DAGs
[2025-12-19T07:41:34.470+0000] {logging_mixin.py:190} INFO - [2025-12-19T07:41:34.470+0000] {dag.py:4180} INFO - Setting next_dagrun for transform_data to None, run_after=None
[2025-12-19T07:41:34.479+0000] {processor.py:208} INFO - Processing /opt/airflow/dags/transform_data.py took 0.064 seconds
[2025-12-19T07:42:04.628+0000] {processor.py:186} INFO - Started process (PID=461) to work on /opt/airflow/dags/transform_data.py
[2025-12-19T07:42:04.631+0000] {processor.py:914} INFO - Processing file /opt/airflow/dags/transform_data.py for tasks to queue
[2025-12-19T07:42:04.633+0000] {logging_mixin.py:190} INFO - [2025-12-19T07:42:04.633+0000] {dagbag.py:588} INFO - Filling up the DagBag from /opt/airflow/dags/transform_data.py
[2025-12-19T07:42:04.640+0000] {processor.py:925} INFO - DAG(s) 'transform_data' retrieved from /opt/airflow/dags/transform_data.py
[2025-12-19T07:42:04.661+0000] {logging_mixin.py:190} INFO - [2025-12-19T07:42:04.661+0000] {dag.py:3239} INFO - Sync 1 DAGs
[2025-12-19T07:42:04.669+0000] {logging_mixin.py:190} INFO - [2025-12-19T07:42:04.669+0000] {dag.py:4180} INFO - Setting next_dagrun for transform_data to None, run_after=None
[2025-12-19T07:42:04.679+0000] {processor.py:208} INFO - Processing /opt/airflow/dags/transform_data.py took 0.057 seconds
[2025-12-19T07:42:34.824+0000] {processor.py:186} INFO - Started process (PID=468) to work on /opt/airflow/dags/transform_data.py
[2025-12-19T07:42:34.826+0000] {processor.py:914} INFO - Processing file /opt/airflow/dags/transform_data.py for tasks to queue
[2025-12-19T07:42:34.828+0000] {logging_mixin.py:190} INFO - [2025-12-19T07:42:34.827+0000] {dagbag.py:588} INFO - Filling up the DagBag from /opt/airflow/dags/transform_data.py
[2025-12-19T07:42:34.832+0000] {processor.py:925} INFO - DAG(s) 'transform_data' retrieved from /opt/airflow/dags/transform_data.py
[2025-12-19T07:42:34.848+0000] {logging_mixin.py:190} INFO - [2025-12-19T07:42:34.847+0000] {dag.py:3239} INFO - Sync 1 DAGs
[2025-12-19T07:42:34.860+0000] {logging_mixin.py:190} INFO - [2025-12-19T07:42:34.860+0000] {dag.py:4180} INFO - Setting next_dagrun for transform_data to None, run_after=None
[2025-12-19T07:42:34.874+0000] {processor.py:208} INFO - Processing /opt/airflow/dags/transform_data.py took 0.053 seconds
[2025-12-19T07:43:05.013+0000] {processor.py:186} INFO - Started process (PID=475) to work on /opt/airflow/dags/transform_data.py
[2025-12-19T07:43:05.015+0000] {processor.py:914} INFO - Processing file /opt/airflow/dags/transform_data.py for tasks to queue
[2025-12-19T07:43:05.018+0000] {logging_mixin.py:190} INFO - [2025-12-19T07:43:05.018+0000] {dagbag.py:588} INFO - Filling up the DagBag from /opt/airflow/dags/transform_data.py
[2025-12-19T07:43:05.026+0000] {processor.py:925} INFO - DAG(s) 'transform_data' retrieved from /opt/airflow/dags/transform_data.py
[2025-12-19T07:43:05.058+0000] {logging_mixin.py:190} INFO - [2025-12-19T07:43:05.057+0000] {dag.py:3239} INFO - Sync 1 DAGs
[2025-12-19T07:43:05.080+0000] {logging_mixin.py:190} INFO - [2025-12-19T07:43:05.080+0000] {dag.py:4180} INFO - Setting next_dagrun for transform_data to None, run_after=None
[2025-12-19T07:43:05.096+0000] {processor.py:208} INFO - Processing /opt/airflow/dags/transform_data.py took 0.090 seconds
[2025-12-19T07:43:35.231+0000] {processor.py:186} INFO - Started process (PID=482) to work on /opt/airflow/dags/transform_data.py
[2025-12-19T07:43:35.233+0000] {processor.py:914} INFO - Processing file /opt/airflow/dags/transform_data.py for tasks to queue
[2025-12-19T07:43:35.236+0000] {logging_mixin.py:190} INFO - [2025-12-19T07:43:35.235+0000] {dagbag.py:588} INFO - Filling up the DagBag from /opt/airflow/dags/transform_data.py
[2025-12-19T07:43:35.242+0000] {processor.py:925} INFO - DAG(s) 'transform_data' retrieved from /opt/airflow/dags/transform_data.py
[2025-12-19T07:43:35.269+0000] {logging_mixin.py:190} INFO - [2025-12-19T07:43:35.269+0000] {dag.py:3239} INFO - Sync 1 DAGs
[2025-12-19T07:43:35.288+0000] {logging_mixin.py:190} INFO - [2025-12-19T07:43:35.288+0000] {dag.py:4180} INFO - Setting next_dagrun for transform_data to None, run_after=None
[2025-12-19T07:43:35.309+0000] {processor.py:208} INFO - Processing /opt/airflow/dags/transform_data.py took 0.084 seconds
[2025-12-19T07:44:05.413+0000] {processor.py:186} INFO - Started process (PID=489) to work on /opt/airflow/dags/transform_data.py
[2025-12-19T07:44:05.416+0000] {processor.py:914} INFO - Processing file /opt/airflow/dags/transform_data.py for tasks to queue
[2025-12-19T07:44:05.419+0000] {logging_mixin.py:190} INFO - [2025-12-19T07:44:05.419+0000] {dagbag.py:588} INFO - Filling up the DagBag from /opt/airflow/dags/transform_data.py
[2025-12-19T07:44:05.427+0000] {processor.py:925} INFO - DAG(s) 'transform_data' retrieved from /opt/airflow/dags/transform_data.py
[2025-12-19T07:44:05.456+0000] {logging_mixin.py:190} INFO - [2025-12-19T07:44:05.455+0000] {dag.py:3239} INFO - Sync 1 DAGs
[2025-12-19T07:44:05.466+0000] {logging_mixin.py:190} INFO - [2025-12-19T07:44:05.466+0000] {dag.py:4180} INFO - Setting next_dagrun for transform_data to None, run_after=None
[2025-12-19T07:44:05.487+0000] {processor.py:208} INFO - Processing /opt/airflow/dags/transform_data.py took 0.081 seconds
[2025-12-19T07:44:35.672+0000] {processor.py:186} INFO - Started process (PID=496) to work on /opt/airflow/dags/transform_data.py
[2025-12-19T07:44:35.673+0000] {processor.py:914} INFO - Processing file /opt/airflow/dags/transform_data.py for tasks to queue
[2025-12-19T07:44:35.676+0000] {logging_mixin.py:190} INFO - [2025-12-19T07:44:35.676+0000] {dagbag.py:588} INFO - Filling up the DagBag from /opt/airflow/dags/transform_data.py
[2025-12-19T07:44:35.684+0000] {processor.py:925} INFO - DAG(s) 'transform_data' retrieved from /opt/airflow/dags/transform_data.py
[2025-12-19T07:44:35.706+0000] {logging_mixin.py:190} INFO - [2025-12-19T07:44:35.706+0000] {dag.py:3239} INFO - Sync 1 DAGs
[2025-12-19T07:44:35.715+0000] {logging_mixin.py:190} INFO - [2025-12-19T07:44:35.715+0000] {dag.py:4180} INFO - Setting next_dagrun for transform_data to None, run_after=None
[2025-12-19T07:44:35.725+0000] {processor.py:208} INFO - Processing /opt/airflow/dags/transform_data.py took 0.060 seconds
[2025-12-19T07:45:05.865+0000] {processor.py:186} INFO - Started process (PID=503) to work on /opt/airflow/dags/transform_data.py
[2025-12-19T07:45:05.867+0000] {processor.py:914} INFO - Processing file /opt/airflow/dags/transform_data.py for tasks to queue
[2025-12-19T07:45:05.868+0000] {logging_mixin.py:190} INFO - [2025-12-19T07:45:05.868+0000] {dagbag.py:588} INFO - Filling up the DagBag from /opt/airflow/dags/transform_data.py
[2025-12-19T07:45:05.873+0000] {processor.py:925} INFO - DAG(s) 'transform_data' retrieved from /opt/airflow/dags/transform_data.py
[2025-12-19T07:45:05.889+0000] {logging_mixin.py:190} INFO - [2025-12-19T07:45:05.889+0000] {dag.py:3239} INFO - Sync 1 DAGs
[2025-12-19T07:45:05.897+0000] {logging_mixin.py:190} INFO - [2025-12-19T07:45:05.897+0000] {dag.py:4180} INFO - Setting next_dagrun for transform_data to None, run_after=None
[2025-12-19T07:45:05.911+0000] {processor.py:208} INFO - Processing /opt/airflow/dags/transform_data.py took 0.051 seconds
[2025-12-19T07:45:36.076+0000] {processor.py:186} INFO - Started process (PID=510) to work on /opt/airflow/dags/transform_data.py
[2025-12-19T07:45:36.078+0000] {processor.py:914} INFO - Processing file /opt/airflow/dags/transform_data.py for tasks to queue
[2025-12-19T07:45:36.080+0000] {logging_mixin.py:190} INFO - [2025-12-19T07:45:36.080+0000] {dagbag.py:588} INFO - Filling up the DagBag from /opt/airflow/dags/transform_data.py
[2025-12-19T07:45:36.085+0000] {processor.py:925} INFO - DAG(s) 'transform_data' retrieved from /opt/airflow/dags/transform_data.py
[2025-12-19T07:45:36.106+0000] {logging_mixin.py:190} INFO - [2025-12-19T07:45:36.106+0000] {dag.py:3239} INFO - Sync 1 DAGs
[2025-12-19T07:45:36.115+0000] {logging_mixin.py:190} INFO - [2025-12-19T07:45:36.114+0000] {dag.py:4180} INFO - Setting next_dagrun for transform_data to None, run_after=None
[2025-12-19T07:45:36.127+0000] {processor.py:208} INFO - Processing /opt/airflow/dags/transform_data.py took 0.057 seconds
